sea_surface_temp_c,vertical_wind_shear_knots,mid_troposphere_rh,vorticity_850hpa,sea_level_pressure_hpa,basin,cyclogenesis_label
30.643563470486974,9.31289496563212,60.25427386821646,1.3921662091770963,1007.2702130360758,1,1
28.5687680455226,16.599260208627122,62.12438504903644,3.004246799152072,996.5630053786232,0,0
27.26844873456055,11.558361199105407,72.48068080528985,4.011604646028169,1014.8345204785642,0,1
27.475681586993318,28.13283975733244,49.94477824779872,8.529823328242768,1004.0676948419679,0,1
28.907964706153304,15.77162802336669,73.34945418598024,2.430752781924933,1013.9571856363575,1,1
27.298829310713725,9.606804512481244,65.99687847615058,5.470562817309594,1010.0122247064928,1,0
29.47931017566035,16.042594878613716,59.39928513123226,8.317236444642145,1006.6390787747421,0,0
29.301295560394255,6.125482461471127,67.67700943052849,1.7585455914354573,1004.3394135748154,1,1
26.45222542917161,22.042866258195705,49.55413420293162,5.000026389195104,1001.8862946372873,0,0
29.70157997788572,15.804086545417473,68.91659587624729,2.8602450246755273,1009.8996507230737,1,1
29.45467665737028,6.158999059787025,50.67567669559239,1.979629659650274,1015.656599240722,1,1
28.69032632419434,7.590378950925958,73.70680152472093,2.258462197838023,1008.2109251487091,1,1
30.403780965557928,6.679659966784093,72.69721213993114,7.653716588257552,1007.276537851667,1,1
27.31295381739264,29.848485898215774,56.42067648770458,1.8321369011873134,1004.274388000598,1,0
29.30410985680494,11.803846348633947,71.18516451277479,3.1837917803807048,999.6276169105067,1,0
27.18972267245057,12.70289927422307,79.99356901640871,1.430237962384068,1008.4222288250243,1,1
29.86316411108265,38.45944925956461,50.91303391223549,10.621352014104188,1009.1051298678977,1,1
29.650624251041197,16.456545719116015,69.98373675592666,9.100837815922054,1008.4152514859622,1,0
27.77167731636051,9.026059794883013,88.46411291182125,7.44878347084736,998.9211121703346,1,1
26.433402288209166,45.0,85.01968963911125,6.377090669272382,1014.5441651884597,0,0
29.284849690892912,28.2571184700179,58.416631878276725,1.6793187645158096,1010.8330903292593,0,1
30.503139312523043,16.704717627521525,73.27646160865284,8.059540547148142,1003.8245553915733,0,1
29.046653090894356,4.796627363952889,63.477019802185204,4.46784528672395,1006.8091706267242,1,1
27.112863555719404,14.500253040237695,67.05896566291192,2.0796645378405967,1006.8825154537171,0,0
27.114066655187234,16.57932822302132,63.11138812324617,4.12166152434334,1013.82406328887,1,0
27.18224021128411,8.171870535636282,50.946999474805196,10.728516261115095,1005.4078028046697,0,1
29.99041713668028,28.97237557250898,75.95128624010245,3.5941933683207345,1006.0480934019691,1,1
28.368463783345852,19.90010028160071,69.47454272152001,6.143093803386903,1008.1514162537986,1,0
28.972878099495635,11.496520379567983,70.86197145760318,2.616630687365681,1007.715784217426,1,1
29.410629244402674,23.662141502603145,70.81756772558622,4.1581571679328,1000.6358623418541,1,1
27.201489073256173,7.206864591214717,68.8663802880954,16.684234974792396,1008.4122254907126,0,0
30.10542706576528,6.523525001897141,63.54150394672744,10.029217846761311,1003.1404810259319,1,1
27.595305207345245,24.937466782700554,52.58182083904833,4.660775965404084,1005.2659123328284,0,1
28.031445500167237,21.53603998868317,65.58886637661135,1.3278943830315488,1011.1419732347891,0,0
27.59655526958113,3.828708480031185,63.21002154782241,1.7724106078133641,1007.7445720380695,1,1
27.77229813306068,13.486908041477474,73.14969823593928,1.2399096918737205,1001.0311130824749,0,1
28.647801450676297,16.261611812673824,55.709229353183275,8.822681660359791,1003.4102933564047,0,0
29.002377241094578,13.633471103714896,80.93387313394587,9.711088475881859,998.0639424138396,1,1
28.80065856853774,21.10914957413455,54.39377915647371,1.2591898016791927,1007.6329565075163,1,0
30.267209789865955,16.35960681943012,54.669359312447284,6.488675680214651,1002.3826140591934,1,0
31.144608284546262,10.123863879861586,79.7172872612285,1.8736260285782615,1004.222818279169,1,1
28.19479460844731,9.929368080054994,41.54916434171557,7.663648937560926,1011.611003564353,1,1
28.138282440135825,7.242478725327396,53.64080733545963,7.075369075471957,1005.1828960482201,0,0
27.818477632643102,18.84774826745398,79.48917752545427,4.149128998567225,1008.0999220887466,0,0
30.01214923350009,23.24544629568269,73.63924496494585,4.561104737945691,1014.9967555252706,1,1
30.423798367695827,7.88492544942596,57.01228432117591,1.4063928911508703,1006.7581307951373,1,1
29.357884239858485,20.472487382918498,75.81639841271391,3.2295403289534863,1012.8865708122124,1,0
29.9757924424402,14.843720829117155,85.44630925335689,3.626440199973415,1003.246526996235,1,1
28.172096131949296,15.584328450611414,70.42901344748503,8.701108300158662,1012.8800914605964,1,0
28.50920638454811,24.070733249056644,51.13762356600246,11.386734984819995,1001.0716419649169,1,1
29.70899235880366,7.868422859712935,59.30960749239974,4.72155319844912,1012.1296784107333,0,1
28.52285797037475,21.853878435228516,74.9487601918226,1.003350664130213,1014.2748280982493,0,0
28.330147812174594,17.10908812973773,50.588787887781095,4.1400529971412166,1006.5637323284012,1,1
26.750063068526096,15.363494297321015,58.19847527252874,7.386097125469143,1005.0398538756193,1,1
29.974815380570227,22.404157100797494,38.07711888898783,12.804063468468966,1009.9566202880479,0,1
28.609168120926356,15.97912798330874,73.11033619050119,15.758157152017581,1011.8364969394493,0,1
28.594031887298573,13.371031686493074,68.21225677902079,5.20188212509757,1014.9626987564858,0,1
29.691710073192837,3.0,65.1763798728135,7.3208236065595145,1010.6770903229324,1,1
28.409777732290685,18.420721300973195,84.82313903723278,12.326648022469733,1005.8869832422063,0,0
28.75079176106052,7.6251340386210495,78.58514290248479,1.7979555603963857,1001.9309863495274,1,1
29.595355941719895,13.995868593547101,78.25466651556019,5.7069832706176875,1008.622615138143,1,1
30.729191724889294,5.611398984525725,58.09508510340467,5.417621617529515,1012.6935443705945,0,1
29.470139376846777,19.00530975269926,71.8657096109478,2.102072234601275,1004.6070425334539,1,1
28.613174736646265,10.624525797189762,78.80120240290427,8.25925939800334,1007.3927144397571,1,0
29.665669321782115,21.162172167058657,65.02613828211278,5.2031819651899225,1007.1123913612857,0,1
27.201650782932333,9.865095542958848,58.44127767474959,3.0074927649571226,1010.2387340838468,0,0
29.554340940485957,16.50659067382321,30.998422481977343,5.066363010787077,1006.3827291705178,1,1
30.92962061961538,3.8672577187003108,64.14514760215603,1.2616668224428473,1011.3134287677996,1,1
27.106419730004994,22.802708852768085,63.739611069330415,2.403175260012687,1009.4991679298585,1,0
28.38102700969008,15.36456391848163,78.15695793391164,20.74770235554645,1005.5628356358811,0,0
30.270539185198004,34.25341722733219,59.89377946181031,2.637905815769365,1002.2514658415024,0,0
28.420614013166347,7.532858464479566,87.06099029999693,10.87284125180776,1009.9719046448844,1,1
28.423187196850133,24.418565089489483,69.07679644453225,5.44701501505212,1008.1958424535478,1,0
30.357570305498285,5.9222562667564835,64.26405665498885,5.779169449113272,1014.216134398239,1,1
28.93666466869663,13.307140543503337,82.29505183350993,5.3729853818268065,1005.5968897017003,1,1
31.412539044224243,12.784054829758404,84.68684189090934,3.4810948662221928,1007.0107056210333,1,1
28.607287366652926,20.93311998719345,86.41586826424549,3.041223703747209,1005.9266461834875,0,0
26.41576084481808,10.871634192861626,69.47355021501298,3.573172626159258,1008.2611171275889,0,0
29.153659176604496,4.751954801075701,60.45948828908863,1.6958086442703726,995.0105871277159,1,0
31.20801676996025,7.619057846842659,74.01275897480711,6.798223047742913,1007.0265269193803,0,1
28.287419776193367,28.121080929505993,87.80122656570255,3.8311028476886313,1009.5246831686485,0,1
28.38581524988861,19.455068122036906,73.60502737100018,2.8550322011669014,1010.70782284976,1,1
30.692217773589213,8.018817531345997,61.983295448281055,5.275803900572272,1006.2706172944442,1,1
29.212321743851536,5.685521017544197,74.26180906422854,3.6316041373538828,1009.6131337633952,0,1
28.110160511227797,14.434801105707175,66.81381006676716,2.716274716586388,1004.0153639493552,0,0
31.308484282288365,12.440119351608432,48.58079373139643,10.667182345230708,1003.0477697257965,1,1
27.24830832250513,9.156761164137894,65.6257228540885,3.3350104816029615,1008.3576267197247,1,1
28.188267968255914,17.207644594912093,57.376345325626744,3.4274193545087877,1007.9404901248283,0,0
27.955303621240343,5.346425657203834,76.52945469906307,3.7793023555842065,1005.5750909676311,1,1
27.64610775099071,27.92068112039145,72.40681135186537,5.164777141526011,1009.0778682339017,0,0
29.773789030557346,15.443202366886961,88.01634126253867,3.1426721788358356,1007.5415075881275,1,1
29.926295149105204,9.957827194159384,81.01541588883491,3.3516462947224723,1007.8024127413245,1,1
26.96644812265231,10.03218886012664,74.12033337973116,4.658650918965607,1005.1601694362671,0,0
28.793412293466584,11.209462672757148,70.1384816596999,16.483157795487614,999.6915878835641,1,1
29.035979919027437,13.648990663330522,54.23594760641841,2.5126564795194426,1009.9317045384771,1,0
27.838094420636,3.0,54.25263219367399,1.9019456208791592,1004.3305212039256,1,0
28.520488754269756,7.075975763687114,46.60453451303492,6.5649509433259094,1007.008770288908,1,0
28.894371830675468,13.652525361744358,79.52386662878835,14.290248939579897,1006.6606061089374,1,1
28.23472556507072,5.225296698520191,77.30407822769729,2.284944701189173,1005.2113744633652,1,1
28.279701918512867,26.993615344105173,90.24757623259802,4.597266041700278,1004.4304040526359,0,0
29.72301710430619,12.113127432254789,86.79049457110837,1.493884529253802,1009.1051810175466,1,1
30.13143125425032,22.556635320210955,69.16108721497022,8.31660020397073,1008.7510683506747,1,1
30.24412815976667,12.472615198488608,92.89907001788319,9.65512204385082,1012.6551332411253,1,1
29.57613326494644,21.033643520161295,66.22825784075502,3.92945351640633,1007.0134793020653,0,0
28.325486446889947,12.65904381193553,62.47117379685747,1.6097990339546215,1012.472137210473,1,0
28.876238777206375,18.27978450633503,73.23572516770759,13.168799701640793,1009.7409841494842,0,1
28.226094074327428,6.4999740592559245,69.69199849972357,1.2412049924090653,1010.1003835105721,1,1
30.495144387048526,9.00584750894593,48.67818600813549,8.549733298622101,1002.2512057896386,1,1
28.556506274352518,15.200421287177516,60.77427652951127,2.6484873327958507,1010.8856875445096,1,0
28.152129810795923,9.931527767520361,65.97507994049946,7.066491544030741,1006.4747316757633,0,1
29.4545897715969,14.50234530056062,68.87155998971576,2.601242730711269,1010.4984013444855,1,1
30.93491710620632,25.27643508869974,52.209111191658664,9.328051695776793,1010.5871835214048,0,1
27.560779234891516,3.0,75.4450098034942,3.184425760419266,1002.4324847334005,1,1
30.22909314887063,8.037607276137443,63.13306178051461,16.93335593617708,1006.16136449361,1,1
29.570375896648805,5.293027964774484,73.62342590427191,1.1304187691590295,1010.4419932062458,1,1
27.027919451573403,18.29825251592966,87.96665686890164,5.954860656955106,1005.3676372114852,0,0
28.465395548615476,18.567354712771646,63.77478201148652,3.394016358873471,1015.7819563505735,1,0
29.94147121936332,17.93685056196834,64.75721498950769,2.757026170608131,1006.0922312858527,1,1
29.27403875092365,24.829923525646745,67.89117643829407,4.428637122583581,1006.8615858809628,1,1
26.243265013740046,12.82108830317473,54.687964013345876,1.3905945641774717,1004.0987972019244,0,0
29.880000006736278,10.814414533848206,61.62652372641315,18.44420162118864,1002.9950650163269,1,1
26.591586794733914,20.110153537786225,72.97151320083897,1.2494044916171778,1005.8839882613539,0,0
25.97996386881938,11.477887879446811,56.038161340921285,7.997402440527944,1008.9675891385463,1,1
29.700424207139893,7.0576799103902825,54.493019129289074,3.6707606940435187,1006.7482103227243,0,1
30.753345632533975,11.930554819831114,71.13919947944078,3.4790242796606727,1008.6700968725041,1,0
28.4590033699682,7.228590517572861,85.99367215462257,3.6786606284440424,1008.8719360144908,1,1
28.656430779062347,16.268902889051667,56.08861950855306,4.5767822792628685,1012.3580499076498,0,1
27.03074423672458,12.584727959121267,81.01909803077936,10.717520016877238,998.8871383221652,0,0
25.994992270323145,9.36578239671437,78.21330046751505,4.689161365945995,1001.6071932291878,1,1
28.705051068437104,9.09082280078937,89.63551346567021,3.175724031573992,1001.9768862606329,1,1
28.227301869430914,11.1124799883125,58.76192352781,8.63652244861549,1003.5316332709049,0,1
30.4601049761625,10.606565922779772,65.1502719614771,6.541292276428685,1005.2846689934485,0,1
30.45607915554881,35.27014236270201,42.92240973546045,7.7994690848247945,1002.3821086365833,1,1
28.722964584167414,17.140078187813693,72.5248966031039,1.6482045713206106,1013.7344853563047,1,0
28.634629568568077,10.924688955458887,68.74367088759136,3.0080113111170665,1010.6760620811176,1,1
26.99036196248495,29.36361158013121,67.57949974036654,3.5221538347126145,1009.9882876131262,0,0
29.873495982581062,13.242443526193666,74.45962030935894,1.3245899773183738,1010.3361432459866,1,1
27.778240619571353,35.046176849980355,55.22936359192573,6.11349769733329,1010.4246127549692,0,0
31.03719149300504,6.342706369930854,56.77692361849501,8.361728648862796,998.7207709009073,1,1
30.54684476533664,27.660822794479323,65.62601730667427,14.254312830248697,1002.7097606741128,1,1
28.26026695400203,12.394199681549544,48.62195874146673,1.1555922906197889,1003.3805152926396,0,1
27.685607654098085,14.939421737633861,59.17411891168935,3.4200013107924683,1005.6352831886663,0,1
27.24214231270907,9.874773501293184,87.81574112595005,1.2922242633893843,1009.8296621931103,1,0
28.440645318769533,17.96686931697183,95.0,2.2295870155178337,1000.6575034412757,0,1
31.260908658410923,12.50780657986592,87.08585313545333,4.631389492298773,997.3148050518408,0,1
29.801326217818225,11.408714095316896,64.20825773703845,7.125956579396523,1009.3727255285672,1,0
28.41845772715996,13.649625348556262,72.8480934410195,2.021588703178375,1001.7373952060581,0,1
26.48140874317912,31.92837661791179,74.54593420462732,1.3157375320050466,1013.7094325273733,0,1
27.965436663674144,14.821228197601782,61.15692337971677,2.965137083181169,1006.7564187122965,0,1
29.053760519181843,17.8116146412545,61.99024562288177,6.620091689420623,1004.8202628523837,1,1
29.967645938592256,7.159143651468967,67.32420602064228,2.260716880224646,1008.9449256734069,1,1
29.70425566143963,29.640334166354847,76.90205901911615,5.930801703977684,1005.1658303110248,0,0
27.638753655412522,19.146002273327575,70.38782516167242,2.305654383067024,1009.2160452486256,0,0
30.062263166186582,13.497303483893704,60.666739015346025,4.836973343177775,1005.969259064213,1,1
26.27431383274251,15.511257017854945,71.72193543730728,12.557718052524876,1005.5893233706449,0,0
30.278497141719626,14.860625667329298,50.07827408456294,3.002815553722282,1002.4520653598474,1,1
32.057195931067916,17.738922040897762,68.99168537577916,8.288401434301022,1004.8784336355678,1,1
29.32670919437715,3.884666862476384,76.60472182706476,1.7824943275586747,1004.544981426003,1,1
30.215152583978817,5.5450849685467345,65.20897507227117,11.049558728864437,1004.0500399935434,1,1
29.571588761771057,11.153853599687515,78.20760072820873,7.57388046159772,1010.7788252115688,1,1
28.056128130519927,23.89591222721726,80.03542179002491,1.118686625164623,1011.0859757114071,0,0
31.300977995269797,10.182222224691818,66.03886636440289,3.4119457750531668,1010.3833976037232,0,1
29.45188830814931,45.0,57.62145582964776,1.1196063846191229,1009.7670849417186,0,1
27.71057248252967,22.51721149289593,68.39099684599503,1.8172851173579072,1004.1479643437165,0,1
27.951917068719144,17.373729743952623,84.2911977825931,4.6593654832007125,1005.1064414010464,0,1
28.8375704211598,10.257691489673396,45.88338768241667,6.2076236386242645,1002.500225777862,0,0
28.281154508181615,9.918150708353135,92.35051976564358,15.73704958635785,1002.1613701559663,1,1
30.240840734544697,16.082870479264677,95.0,7.079669828432803,1005.0586570986583,1,1
29.437789874714394,16.030051810553918,61.998134294512525,1.5881060385707868,1012.8769758376762,1,1
30.515291981748977,5.632116100202626,73.23690401045711,12.581985887483983,1008.6610085062123,1,1
28.493265375751164,19.127501771263056,66.43840313925514,6.0785460489800744,1002.6204576453042,0,0
27.98887919142824,18.02594438751738,45.45377658610077,1.5610135989564924,1005.6519941825592,0,0
29.013931772074802,28.849634384156925,55.663617626442374,6.887136432592314,1012.1093853689808,0,1
28.825489714173973,26.06081452479516,73.60853332215258,5.636308335978705,1005.732846952864,1,0
29.313842147089673,16.716182300339074,64.39621559151301,4.606410265181342,1010.9169945772,0,1
27.86169132719185,17.106476977306208,73.27111387256811,2.8285610142973194,1010.1870174620713,0,1
28.819659432533474,12.92666345569877,80.62617515127636,10.786467236954099,1009.136893223827,1,1
29.990392184203795,27.055159886580988,63.005597167340795,2.6291540282627914,1014.6365301495408,1,0
28.207844589149992,21.89369126209476,82.2056505989322,10.582476555371125,1010.8276205881438,0,1
31.109394985496337,15.751163396909815,77.4788659631545,5.654124735364589,1013.0942005032853,1,1
29.322273288242545,27.386175701211307,74.50519831571468,2.0167411943118334,1002.1221684114194,1,1
28.84916199218532,7.040717365688419,75.73665235402447,7.650842719677801,999.6638594184948,1,1
30.037884597622227,11.820984253777446,65.17516506456299,13.209591037345216,1003.0680209449697,0,1
29.72733580106617,23.016166318946436,57.31650334903757,12.323203728967842,1011.7976145715013,0,1
30.491391468018524,9.551163373437623,63.92507392122111,5.743293464730187,1010.3054313454179,0,1
28.256569519337077,18.30201884447853,72.31548705612735,5.5491611362623,1008.9681546658503,0,0
30.296933965712466,3.0,74.6137028222342,1.7694173224987986,1011.9844276433435,1,1
28.489972885643652,19.467334299187637,85.13933543471083,1.5995364896160138,1007.7572154344817,0,0
28.61584452513023,6.962741803996375,50.55676076176149,10.114826719456477,1008.7867591278746,1,1
30.357412535874918,26.008428529883407,63.64954211566457,1.742569230239354,1000.8696719658559,1,1
29.528933249209068,14.657665565020993,52.00428517381245,2.0551579986296464,1005.7518603097916,1,1
29.06694689242134,16.160330327984937,73.50483737505763,9.38402212681821,998.5066687585718,1,1
26.738890704769474,11.363266871233703,69.99835007722973,1.0770117377084765,1005.1794640416841,1,0
28.734927972359653,6.9595915351892454,65.69994695633292,1.6321679870764498,1009.4100622411568,0,0
28.6164598130015,14.386687266197205,69.62466554795512,12.465903494052457,1004.0310071834823,1,0
30.552366201704,9.55841823377937,60.69039797186061,4.953261848484571,1004.2490875122105,1,1
27.83449266743943,18.25258630616094,64.01298740231735,3.856344939254449,1006.7037940716903,1,0
29.94115516173177,10.838478453228735,67.27508846296915,2.3934169737878372,1006.391734997903,1,1
29.7725673050169,16.12451213105348,72.92506729886082,2.688307730783742,1008.3678846205058,1,0
30.383247921767286,8.125741551525032,57.808195944505854,6.10398277378461,1014.7787570755452,1,1
28.679389308374972,31.91502434088593,56.4017527998491,1.6490087206134483,1006.8003673298396,0,0
31.700710978111346,5.182497281558841,78.67613168104126,1.3304616436554855,1013.5247750278005,1,1
30.656731690271354,8.486190209521615,73.51016665799104,2.4123993004680564,999.7863981939585,1,1
28.650587453893706,13.128061233572826,72.09770319145814,15.669293331793362,1006.2681864152382,1,0
28.09427772991988,11.110846456935239,82.30313719908258,2.5637260671536035,1001.4875549704904,0,0
29.42680708718233,23.314487094547008,70.04485262026061,4.884578903136585,1000.9855324248841,1,1
30.368455699928024,17.921207147158107,91.32666156103348,2.3482821105457266,1003.4267895614116,1,1
30.173627763941077,25.94894724443768,63.73544148143274,2.5775585401209704,1007.0189553266237,1,1
30.54690103432994,7.789524821250137,57.353368891351366,1.8279199688740988,1007.5478012278769,0,1
26.874300593137182,16.231588596964503,54.05887395950053,2.0109708604742096,1014.3707768866785,1,0
27.949369362455133,14.731918916155983,59.17105335646389,1.3089667519308645,1010.6239793716637,1,0
28.858807179564828,9.462806701410475,95.0,13.520479056252839,1007.6846470032949,1,1
28.997499042646613,19.640781837054032,77.74121409239932,11.93476601509346,1011.5815650666622,0,1
31.448795771471065,31.454168034526454,64.65598466140908,2.956554180105118,1012.644349246028,1,1
30.948080713952535,21.284035207589987,91.61563336159122,2.2311420467303016,1011.6481773500312,0,1
27.71991451871791,26.098702093594465,58.49331845935633,15.458317268365938,1008.317697575344,1,0
28.66434531046851,30.139251022909164,76.00955086386836,3.789257255730411,1002.4224696519307,0,0
28.53601256013367,20.146180627638188,57.607479028133206,4.369366748699296,1011.7825626555804,1,0
28.816507960531276,18.770105512470884,74.6791809688775,2.572302280337989,1004.286361023,0,1
28.717614267294092,18.436982101950786,75.68698227122383,9.319200359656254,1009.1582978177967,0,1
28.168842219023066,12.143008329852039,69.8637240073743,18.295190270664136,1001.9460071635108,1,1
32.21238486337515,21.768638943646174,79.60079984413409,6.998794522861452,1006.3767431424681,1,1
28.722852176737174,24.845067975207215,72.80473901687702,6.437865072517661,1002.5633341723407,1,1
29.505441509586102,45.0,58.30086077039446,4.732246660086985,1006.9153881071497,0,0
28.50486944822928,25.040009960157615,52.77291389040954,3.7277921458914816,1005.7318750572497,1,0
28.600783989275573,24.331775934405623,67.3347718505097,3.3477052736939354,1004.9907355959933,0,0
25.50002453976163,12.641720581341874,57.797970937615816,6.126717823248984,1006.1187503786609,0,0
28.636531544817682,13.817683824997305,53.39313620132549,3.7092960028846296,1000.1702218150102,1,1
29.872770271037282,18.287190609893976,89.46151252560512,8.95736128438607,1003.2514692524366,1,1
27.85696317926434,14.905827725968253,75.17258378511555,12.519308131416677,1004.9637056583169,1,0
29.91401046079287,11.729523170517716,71.80933230855864,13.349624758837363,1008.7865261273632,1,0
26.680821137239395,24.18946530681601,55.930176070431045,2.954510621510423,1017.1561612741878,0,0
26.73771604085868,5.9122834058289895,69.27635797859028,1.0337442828763155,1006.9200888562115,1,1
28.823150476886713,20.596507990446757,65.17600833530616,6.6138657158809195,1010.8060309062928,0,1
29.335237038567037,21.482983067644444,78.77236534331078,3.7565197172147435,1004.4154791156017,0,1
30.56569482920683,24.618854348806973,77.43338245166379,2.858999676970126,1012.2390205984115,1,1
29.06899204812425,22.963869760270068,85.43343360471272,2.8815778447133766,1008.185212990231,1,0
28.062561221990325,14.816429141794021,74.19108803217686,15.550472808904276,1008.5589539209999,1,1
30.891435075429975,11.391593511935715,67.84743742746208,7.084004781812227,1014.6598252302257,1,1
30.57206729082429,12.027201878741323,79.43972371719214,7.344426332625666,1004.9492966872587,0,1
28.742405017510634,27.200179391114883,90.14678510455131,16.710095902938612,1007.568106627863,1,1
31.395517736627802,12.976547087784443,69.16763395234214,17.143717421198165,1004.3582423409199,1,1
30.538575715765944,34.85921340621274,66.86738508728378,5.042241724071889,1006.5687400521249,1,1
29.135320871679223,5.464723790482368,59.35573231581988,1.1476064893216114,1007.6774228167691,1,0
29.818314143833174,14.229678856557532,59.105051780231946,4.102376753664944,1003.7697875537887,1,1
28.594185351623345,22.75831150093719,76.48236359779071,16.734451896577895,1006.6130606401799,1,1
30.16641256785636,14.273311144309716,77.19217586428343,9.364938372037306,1004.5611662976528,1,1
29.777206419757714,6.077041502973465,72.48215095662134,9.550820498401905,1004.7460265685502,1,1
29.59715371844468,17.28971958861733,80.9704493368164,1.1925029707015256,1015.8086208786754,1,1
28.2099813867406,9.169416364651703,81.5585888906392,2.6756771391147165,1010.758405498877,0,0
28.93525378429261,18.31031685934212,50.02608764405761,3.5579622446441252,1007.7512805411318,0,1
31.63685823649411,27.270405232201664,68.51892795917792,7.18608534100015,1005.7542378026541,1,1
26.735553521842554,4.594311221573344,71.05728018766271,5.542107684064997,1008.8482105395974,0,0
27.553100853887628,9.891149091978399,81.01111144163286,5.425818296268557,1004.6707814193062,0,0
27.358000970055098,5.885899515175059,81.37749805953774,2.7862116094181735,1001.9245834005947,1,1
30.7460269708655,18.403090831274678,70.27393444140219,7.295059459894265,1007.8833931392189,1,1
28.094701589575596,11.657631133628161,76.42714846296255,13.156225185752406,1005.013025349336,1,1
31.46203679491665,21.059650924208537,64.56476372613463,1.7195968858203454,1006.8036504210539,1,1
28.984896805143393,12.794187190391355,73.61189622428434,2.420874266542728,1010.3455322016996,1,1
28.960389987434688,11.811937557401947,42.28772860766804,2.679417173259358,1005.2599367037205,1,0
29.24515906184426,5.450076620406324,54.480869924473446,7.681385615263623,1001.3347246177411,1,1
28.135397405562784,11.032627243189816,59.062768254083174,2.796450184206264,1005.6970965850012,1,0
27.204115541691433,18.517483422278502,63.628557442109596,6.61565566011055,998.3283703100728,0,0
28.133870789423458,23.431478123848226,63.791268668650595,1.7492661291830554,1001.9584868254191,1,0
28.886800220304767,13.832434995361275,75.39294646303127,4.658727379233913,1007.4312368471649,0,0
30.160393229728868,13.67275899754591,48.191346397311534,3.3523642063701025,1011.6205163420398,1,1
30.934290201527247,19.231219119628385,62.72683447661202,7.046995125699689,1006.1434296443344,1,1
32.5,11.45886654651931,49.42123201050899,6.535659705184811,1001.8343828001547,1,1
29.768884283663624,12.584204862354479,32.875281889897174,2.486973451132963,1002.2170296116811,1,1
24.725744408356643,5.28223535849893,66.87974754456745,2.5476161321106523,1011.1846572579182,0,0
27.389797560857048,9.301034895136379,68.26989485824218,1.5201253799737264,1004.6762181281518,0,1
29.14200764248527,10.196368300689404,79.79104857573545,4.67401056714027,1009.3964040523323,0,1
29.070505577507486,11.05307525149351,43.56306857962654,10.212377092941182,1003.0506002739571,0,1
30.126661036679792,19.98800424134369,41.251661751202235,1.1021852610080147,1011.9901485839292,0,1
28.31904069427454,32.05673173942098,68.30473583000273,1.965613011897401,1009.5840123765171,0,0
27.08402325958432,17.385162095392765,79.76806394825435,5.568134931107908,1002.9794834399349,0,0
29.731920918613415,25.308924582432837,83.48114975220061,10.04863215397189,1009.1212657796964,1,1
30.15494875767573,19.244801806730674,72.44765958374471,5.247039556801391,1007.2537461339283,0,1
28.720875442929113,9.25069729542343,82.41195600351601,11.007249389966795,1010.3051835449345,1,1
27.3781010650613,13.664477621687338,73.50468250892756,1.8406765457251033,1008.6088122560091,0,0
28.585220991166807,8.161334372967042,76.51956718408051,19.950844951316558,1005.4753770180154,0,1
29.8505470291527,12.11177642419259,51.32139893513428,2.3718149000123656,1001.3557122938389,1,1
29.967774543921344,22.177968712281384,68.35972545846182,6.666336084683194,1010.1538000200266,1,1
29.380117908212974,4.176697380747285,71.28487253008986,8.430642701036964,1005.8182204560717,1,1
30.46806927897055,8.941071371221678,74.07098465600673,1.9274266411568606,1007.3734182669601,1,1
30.10756707762888,13.52550502902215,86.08381240766093,3.5336347808761603,1007.478568751844,1,1
27.328584471949263,9.70180576177107,60.67011253274853,3.1166837890016263,1007.0428401107162,0,1
28.81905780649822,10.071623433801944,46.73121186970057,3.939165683986547,1008.5424956532298,1,1
30.070447373186898,29.209314906770306,66.44962028251591,4.008302071681528,1005.3286488955513,0,0
29.516586944503494,12.713332625976452,92.86732748790882,5.49552273830147,1005.3376572981729,1,1
29.87919631327963,4.824384030118203,63.14756228671523,1.5235173427872721,1007.178204818551,0,1
31.406719084917032,3.381503115089875,75.54596860288977,10.97240938618353,1007.5394197161037,1,1
28.74025276843436,15.001720923518498,79.40948136812582,5.114735532524882,1007.1107128431431,1,0
27.480359956645255,5.9516189521045675,69.72730391753213,3.4692545754266155,1014.8725884012737,0,0
28.289898455425636,16.40879099767176,69.78321311524462,9.904735229898945,1009.8313285141375,1,0
29.262503892136777,17.583246692474393,54.570058796317426,1.6616305467851331,1007.1247860257552,0,0
26.88218029179605,16.695417106729696,95.0,3.2999839117019305,1016.2712865739587,0,0
27.108963049227306,19.114607600485115,53.315852356411455,15.27136469866611,1006.2846953023933,1,0
27.928665007515505,7.401282856316417,95.0,7.198101192776632,1007.4792379050156,0,0
28.93964393827692,10.666456924394318,80.70036204709027,2.0542887651953006,1005.529041185671,0,0
30.393734114932172,17.198907500779548,72.77027398272412,1.6165494237750606,1009.2336251562965,0,1
28.28511167669027,12.761753986516238,66.7411829249628,2.0764690175758505,1004.0674378842692,0,1
28.615321934009305,7.78884300378316,92.65480767895318,5.512208277315408,1003.8591891576807,1,0
32.39811658046579,4.8076277830910685,95.0,4.395093826052011,1007.29365679686,1,1
30.99366826678436,21.373838066658113,55.79246482771037,1.3086096793705033,1002.5159793651977,1,1
29.629892875432905,39.799751268508906,71.10485833665147,1.4422409663733868,1008.509327502086,1,0
30.593336850610687,4.189767445537974,83.26257966086669,9.273525165765896,1002.6837172286064,1,1
28.39695283186021,22.487061948873773,82.00564213173969,1.6518361464265132,999.0553602861121,0,0
28.67269940133641,20.535109848357017,69.02924907465841,3.2600348640354193,1011.9080102945126,1,1
26.63992084797127,27.79644033566531,80.59773429654103,4.142873834001717,1010.3579302809953,0,0
29.900514389307894,3.3994410094448493,55.593784280534294,1.6187652588530619,1007.6617288714729,1,1
28.413822205894384,24.6355037914183,72.02980543945242,7.617926193158029,1008.5912135590634,1,0
28.48497691302408,3.1433011404975773,70.19015765209785,3.4155956458405003,1008.9425538700393,1,0
27.476189597285117,25.067265918338762,92.98101934984007,2.1030081415006014,1005.9840218837849,0,0
30.274876374002837,27.39657214316432,62.18760879638551,11.292857419320306,998.6639174592826,1,1
30.098068037964605,5.264210465859193,78.90266578642294,2.3067175573570924,1008.6705952569328,1,1
29.367138815515506,15.70190372349437,76.18449611235195,2.465443258280209,1006.4514455035738,1,0
29.348585529490677,3.394176500334756,75.15555328329842,11.391370236182524,1010.2764868269788,0,0
27.199553078844676,13.204865129155019,50.95744072376564,10.763888007390143,1010.9947002807335,1,1
27.146042800149942,6.390550547315345,62.32370641784239,17.91018739335898,1005.6294244106911,0,1
29.77733350904982,12.35422554762532,69.78500104620987,8.383578658111368,1002.9045862137467,1,1
31.36873747618594,20.438852585409045,63.631985185425265,8.293540183761504,1006.798736617617,1,1
29.43144570332884,9.980860107571383,64.85618300991044,7.364838238938852,1007.0131429376644,1,1
30.597861187166075,13.928214915901307,70.56190198036323,1.365810781764258,1008.8978024638035,1,1
29.16766858675739,8.311551603990196,82.92270271498926,5.753980794810141,1006.5201261189802,1,1
26.63059279441662,27.021870580051125,54.128484962834754,3.2565558719471683,1005.3892238746575,0,1
30.547554002509614,12.948536934968423,78.92904918525858,2.469724991606914,1001.8152697891319,1,1
27.306287534873636,19.97428184010467,62.784906226087855,2.558421686922352,1000.189177416002,1,0
31.64824853345911,3.0,40.107312323460526,6.080969444603545,1012.6783156336841,0,1
25.92437694463532,14.787904353177185,82.13246573758299,1.1540928502268475,1005.8625940010385,0,0
31.850483583513455,16.93394695876301,77.81681831550483,3.18655816735261,1009.1078606710726,1,1
31.657922842456863,14.081291829806108,80.73002762352912,2.0961032870596954,1007.7800128446361,0,1
28.151761546853432,22.743729071341072,78.83626160467587,10.049043907289306,1009.3651916612555,1,1
31.07930151198466,8.83219276782442,39.73492174837297,6.487059926204039,1004.8299963913505,1,0
29.638072220612983,18.046376545334187,70.28753691352333,2.581086549024252,1002.5730916356653,1,1
28.553867375800845,19.071535009077664,63.03190285856888,25.0,1007.5682428239131,1,1
31.760300355009903,10.18559278097793,80.8651891757329,3.471781541734025,1007.2209075324552,1,1
29.6230051546833,19.267690110415817,66.76031580000202,4.808999612410679,1006.3845897082487,1,1
28.79655749559485,6.490138151332408,70.37288402699956,17.19049105789259,1008.542739685832,1,0
29.037276729500967,11.830207534802149,78.84611075375344,13.782126692223219,1004.5746507366988,1,1
28.42461169159612,10.002682989167637,64.22151117592328,12.452845547066454,1000.5129663858595,1,0
28.85117983946838,24.989656097069012,72.95342140362834,6.408759936457937,1006.6774133265689,0,1
26.745233722016312,12.132338686697395,61.784890421950635,6.50038732937607,1010.1823854628124,0,0
29.451649045020464,8.543285742372374,80.17876704725623,3.5010534730260514,1001.6847330057086,1,1
26.932955878968663,45.0,67.11059273105474,20.18998261188057,1013.5830043892308,0,0
29.76946680951077,23.960542623563583,58.08828363070211,9.413794675607686,1004.169939411268,0,1
29.84017685194253,9.62569965203943,66.53307282093809,3.677965137444112,1009.7353166157484,1,1
27.66970757266583,11.90401182392871,56.94577242859125,1.1269179802596867,1003.3009496521222,1,0
30.234198297996166,13.692748417291607,72.558795883165,6.822621709718851,1010.3098043361978,1,0
29.559918949519197,21.48241879070081,62.01075811035151,2.247836670375934,1010.494560530273,0,1
27.573198818061904,15.68755037602213,47.394084315641514,2.265215580220579,1013.1579329705063,1,1
30.011154388370407,8.29389311467897,69.90752823334955,6.671285439106381,1005.2230641537407,1,1
27.592738661926887,23.440413584841014,62.2393155048446,3.612696612408791,1011.6050360189336,0,0
28.64382860382918,11.74711362856188,52.852558187201076,3.45735153307982,1011.1390704472367,1,1
27.701450034477922,29.837305573248422,60.39146057853698,7.146347723952678,1004.5365340886182,0,0
29.143019627146572,26.4633874689863,81.88784464917521,1.573358927692175,1010.6652364260138,1,0
29.241436093318143,15.134790931115988,70.45036962336904,8.64075860030257,1006.2148010288137,1,1
28.443463720530023,4.388664019856267,69.70999697343203,6.121293180151182,1005.2577462497891,1,0
28.643941882381988,17.445018872653904,71.24524246338686,18.85395567925452,1006.4813795586,1,0
29.965669515317988,3.6237477336302537,69.0561365859192,2.5684408244466805,1008.9540806799015,1,1
30.96923822674683,14.263963145698261,69.84116463817583,4.3008438462789975,1006.4021252223915,0,1
29.976076341484923,22.392607143828194,51.99554409147618,3.8005769963358835,997.9210091783133,1,0
27.772394438104147,18.974637345742188,55.01715011362337,4.923102424459348,1010.913009673612,0,0
25.951152998520065,3.0,75.02428801754725,10.523924926892104,1011.9240372423226,0,1
32.01427460878999,25.72698315385156,47.49870360938669,4.097020890718044,1003.6809161175502,1,1
30.447380499814,10.40235338268786,45.194356652520064,5.137358478891586,1000.219083973522,1,1
29.22076620522043,32.19202507586697,71.11605219118124,1.2232701040136151,1011.5516525099459,1,1
28.602418682997524,14.454742662274905,63.30191918361675,6.457624451642792,1012.1191190642633,1,0
28.509015866676478,31.59344875145422,57.32840181026411,12.868091160078677,1008.5988436028459,1,0
29.34665504286009,15.03876942731817,58.98791147522704,1.2520750765011601,1013.26871021527,0,1
28.51514411580245,13.26886101543228,64.87020973362881,4.723514205606505,1002.3059861496696,1,0
29.15283408600361,15.164098902555375,53.67614256649138,5.245884385344412,1007.9643805716338,0,1
30.23842657622045,11.896964619987193,58.76331387703003,2.136474583217452,1010.9462672983225,1,1
30.050643608290855,17.49426476965354,53.25613610288432,6.905996230264766,1007.3992892010936,1,1
29.401590826481286,12.651641563178403,71.91992964963798,4.11532943166974,1004.1031545444644,1,1
28.19327834917264,9.906877121244687,68.5076170650124,1.4756753228687889,1002.0019717499154,1,0
28.104189062662215,14.084542626264218,63.47607793012527,11.687185662613832,1001.0823985143329,1,0
28.692657120073537,28.845296426251352,72.32760017248017,3.1019880429731743,1003.1865494831635,1,1
28.753486995184684,16.86113385815289,55.846212345908775,13.981479445241385,1007.2987388052791,1,1
29.970706123114297,15.354643574070328,58.47270748849402,13.407428146796624,1011.5342385286435,1,1
25.709188611242904,8.521160952353876,87.27758277777131,20.266785738428315,1005.6051207458556,0,0
27.7420899378437,19.08281831798778,69.82217188679472,9.83612580459116,1010.5803050532915,1,0
30.931199335561296,20.186161311759893,82.13261642468717,10.900915247994826,1006.8164839579127,0,1
30.801011787583732,15.28520863680605,59.05292850167342,13.331289608357594,1011.577201802963,1,1
29.709121028877753,18.01215488708463,72.1712057231916,1.56002133038603,1009.7054991957131,1,1
29.207843832482475,23.975328046386764,74.68307162241136,11.17844764275997,1008.587458542339,1,1
29.696287276099934,15.501887837983265,66.08751045938075,11.519594323835337,1007.1001282904334,1,0
29.19569010384491,12.78534440404874,84.64997998403364,2.192438538098895,1007.5869278182911,1,1
30.172798201934068,17.772516924756392,69.83698706267627,20.783790140990657,1010.3614615243266,0,1
27.248064920613878,23.126587820556058,83.92614209746654,5.980500694636825,1009.5543560094686,0,0
27.791413630360275,8.193156205765785,79.05482949010654,9.96356593254167,1005.7188749531017,1,0
28.050078576366403,13.474571909955335,75.76257865425028,11.011442228133994,1009.1610035314279,0,0
29.22343259422307,13.10768831280171,62.19228946893249,2.693509397067053,1010.0399136793583,1,0
30.749732063982975,7.274301740820127,68.35541104800873,6.597159784646304,1006.828767287114,1,1
30.45475676768478,9.232456461666663,61.62067288845596,18.575764611300396,1000.3427172325923,1,1
29.190756350006843,21.54403347544153,56.130426236773005,4.912028824161251,1004.2771996518622,0,0
28.38232128236339,9.045325230221042,53.711318529634106,6.472291422569469,1012.4302836903993,1,0
28.4704620359777,22.403725381801262,66.89095304206896,8.776228869937922,1011.6117038179572,1,1
28.198422414962437,7.379223569007643,86.37128859917043,6.958923241428499,1003.959151696212,1,1
30.35023117246568,10.221586985443663,80.0153831608015,4.822232662292406,1001.6757567510376,1,1
26.81226554759396,12.267612414349104,60.852035579929534,1.7760610302119995,1008.2720459706701,1,0
28.161899445933983,23.959561870920904,66.91121491343432,3.5989224010147893,1001.4234092307596,0,0
30.00748918716711,9.44833559565762,52.9084457194671,5.229038697474614,1005.3271866947805,1,1
28.959359323248073,10.847411909742291,67.05328304536613,3.799658688120798,1000.8803409554341,0,1
28.851962861972105,9.615003819553271,61.52518118059096,1.2527396295093325,1001.2914803698061,1,0
26.563150968594968,16.323213838530975,52.97216320507272,11.74008743348756,1008.4512516645132,0,0
28.72900339792895,8.502235578124077,78.43177699560866,6.428979432068594,1008.032698310664,1,1
29.685805567367552,8.402489367077422,74.2009571874512,9.41702078655837,1004.0701424535986,1,1
28.132763040039997,6.812133194407372,94.95605057138546,21.74425788191983,1010.3328717511197,1,1
30.648809915965394,3.0,80.29346416452749,1.2252268649860787,1005.6278587799428,0,1
27.352849086131116,3.6156654166573348,70.6449105807154,3.025333234398992,1014.863439571115,1,0
28.37733042840321,19.47951582152589,86.753879187725,9.85809180454228,1005.7099141862356,1,1
29.390264158065897,17.36968866292128,77.88446616278654,2.769297287658005,1014.9343147200018,1,1
26.238372268077725,27.94751705073095,50.806615531570486,1.5221185577486755,1012.5435124014674,0,0
29.44951303508349,11.438164945292039,75.9929537659216,5.2603052163378194,1001.0721366297022,0,0
27.630596775542116,9.211103731091843,80.94396459213544,2.442201549612385,1012.6480639562453,1,0
28.934844200804104,12.14766658338559,58.97378034428188,3.841848461982112,1004.418316833877,1,0
28.346859171764514,10.271858589445896,77.2006750819243,6.6683941281575025,1010.0203240668551,1,1
26.84436828660008,25.597252377019203,44.739426331016915,1.770375950520631,1012.9628466262798,0,0
28.72578948077796,4.7908859834066515,44.65025875926107,2.733423855463176,1003.28588935617,1,0
29.61761873324291,33.36835169336016,85.65557225265577,1.2034262188445948,1006.9968035622602,0,1
29.4245006006555,12.32459689703677,63.605119814929544,6.762881034240882,1007.831378404394,1,1
29.623699403692854,14.620848010702712,94.24161196931871,4.0183611909715475,1008.8196832532556,1,1
28.389080843848408,8.402987341858791,70.76280936485013,2.1361182432043497,1007.723418129158,1,0
30.118795610021117,10.46490202311937,74.01225990181308,3.326797998514567,1006.9769913236127,1,1
28.011101051741477,4.685778932910593,57.99100841608836,1.8999923910787344,1007.6402949894164,1,0
26.198869313944446,29.22690020034538,87.62755400930337,3.0339664200425926,1001.6862470097828,0,0
30.98183648068083,6.675180884529353,58.947969076111235,23.143355969684848,1003.0694394127767,1,1
29.791973911467718,8.526159958006554,46.58966273563187,1.0409178554316922,1006.5311033444434,0,1
31.154705524841674,17.024281311148687,82.2510793927583,5.4524543654288475,1005.2904479252493,1,1
29.65144107631535,13.931287475084945,51.412172296799234,8.528440007633293,1005.3927370107192,1,1
31.21849657841785,4.093806259192914,54.75731357321313,7.611977971305136,1001.8149225747298,1,1
25.699010837464918,29.12485221464216,61.297643327586385,4.003581633696674,1011.2817112148235,0,1
29.56222840918486,4.59859884271049,73.20256374437675,3.901934148395802,999.8958058194931,1,1
29.364940312975218,15.187921315175887,80.80437628149197,3.2117654243739815,1015.3235361920939,1,1
30.24419057787003,10.826102150405035,93.58116751088679,7.108026235714921,1003.2193973900856,1,1
27.585860768828965,23.345847756033777,95.0,8.186948061978859,1013.5400069356585,0,1
31.640954404993618,22.16452731512805,49.67985676681022,1.974359142247771,1007.0981285823849,1,1
28.99468522905147,37.30723731118836,46.74272693728703,8.77072188545598,1010.5035572263557,0,0
28.742159642199873,18.695673127943913,67.58991824413444,1.323223650354984,1002.8635611988275,1,1
29.360369683536526,10.411148072787363,85.33555801684125,3.5825459176916628,1004.4472370697342,1,1
29.31008813265786,8.889217644888863,66.41563408979533,10.115305760773406,1008.445530911206,1,1
28.67657281152448,21.41110974925888,54.68157191176563,4.155587611801758,1010.1519418131483,0,0
26.535684155765193,8.44078975457026,56.832592163285554,18.561288287578975,1004.5865012393225,1,0
28.889018401960136,18.235795583689157,69.64884381309734,1.21115510259661,1009.4749317497408,1,1
28.76463964379159,13.469968353485232,74.84469986241291,2.9545877069148574,1007.9341995097159,1,0
28.645170735079756,25.679235349638137,71.41517456016987,1.915394776385778,1011.7804136990663,0,1
26.37326649901446,11.538764785053855,75.33612114683558,9.047590049085006,1007.981946918014,1,1
28.817185506509944,25.237554659813018,50.72294797583105,1.7510985146266373,998.5711593076438,1,1
31.154635126461162,22.923671745818964,59.12038592121307,10.360701713795695,1009.0350814666591,1,1
31.409831607496876,4.591028954310917,60.80807476809682,14.442465543190492,1010.0584072254265,1,1
28.023307471859667,20.84203308706846,85.8081978851466,9.942322316654996,1005.6827102435723,0,0
27.147743322378123,27.135303293814975,74.00238345094908,5.1304081691955705,1005.5074740252704,0,0
30.947043661688248,17.214691562511856,75.28369655805784,10.041535851052114,1003.7550525666782,1,1
29.523174634247596,14.538172314577757,61.37517102728544,2.742670157867137,1004.3025214817214,1,1
30.031844020406766,7.108469773508548,62.13762725483614,2.527726676464546,1009.026591954765,1,0
27.836586283770306,11.02714026178338,62.391195446589755,11.321079868381066,1011.01877154694,1,0
30.025739278871434,11.02540646350354,65.82641492024689,1.7295704541850787,1004.2615599013828,1,0
30.535043572420975,4.743685684123484,90.48288290034344,7.23242842642934,1011.2444827101705,1,1
31.52180315167174,15.138569506982174,89.50264932889654,1.5127909244975148,1001.076329177099,1,1
29.652009969627105,9.04983973982621,74.83736014598524,6.614984556200518,1006.9811343578837,1,1
29.57738488684383,28.680453240506992,71.87108837459121,4.10788166616511,1005.3746450771995,1,1
29.386202858799546,7.38040969569981,33.34863379824657,11.638057920696543,1007.1252844520443,0,0
29.048777449229668,8.460313264351484,52.850802881665174,7.082377918911833,1007.040602161446,1,1
26.62487680087266,19.230530125656934,67.86896045538819,14.662284217968848,1011.8050945388159,0,1
30.19471557859154,8.600416528960057,64.95112412528529,4.250759361542514,1005.8243664020963,1,1
27.261943899048298,14.102505564090203,79.94305273611268,9.264944242143619,1007.4445995967392,0,1
28.294868731259047,22.630497088550584,48.672585765297974,9.642436562412236,1007.8419377174944,0,0
29.717121925974762,15.962046647579749,57.374412486426586,11.172999939379492,1008.1618330775891,1,0
29.752739265531794,12.936520179858,70.96295326196116,11.814594421968245,1010.2318551559258,1,1
28.182624327951103,7.4969319874401315,72.86686842862161,5.601106076376635,1005.6972220750196,1,0
30.41708310792507,20.917024445143493,61.34558477204443,4.557602349027699,1004.9736915509659,0,1
30.929314112025097,5.376649117380405,64.82470044364835,8.488340632336184,1001.6287205446179,1,1
28.359465350676256,13.253032806824574,66.86379126206572,3.2457744685318923,1011.8079397706999,0,1
31.14393057125105,5.9927675955692,93.59172831612364,3.4661259228208583,1005.9908138575403,1,1
30.198442722039395,12.665729340355007,84.17667425178477,3.2301469084355676,1000.2709916139088,1,1
27.667231259094894,11.126219383900088,75.54111421127202,3.4122824354213166,1006.8130250633445,0,0
29.262633153841364,14.764598809135183,80.3464197765902,2.2299678123582822,1009.559746055329,1,1
28.75926075687239,9.138922103258206,57.87242251247369,4.273094536657425,1005.1824818129796,0,1
32.5,10.766989215078008,85.37741193253952,3.161885266024799,1011.4085028324055,1,1
29.096033134126408,20.54850823758134,60.85595270308307,5.409241002403892,1011.6078563573824,0,1
29.796940567845883,24.30353612031664,77.51477777104289,4.405338462031396,1011.4524470410784,1,0
31.668293557076982,10.616675007105675,73.30861667929473,8.372411484741617,998.0618415494441,0,1
28.093906517192583,19.541903991132052,56.391103413653454,6.5762594147151265,1005.0341854897973,1,0
29.301726744513008,9.827919431786972,80.96537992195024,10.539593827618242,1007.6500423514365,1,0
31.34254516759304,20.55295469500171,61.71417723597168,1.0876689300986127,1005.6398652312257,1,1
28.569179070919446,18.394068938867534,59.47432603854809,2.827196027807544,1003.6205037974086,1,1
29.906060319603714,32.73473492108178,55.797051179858315,1.0072307134538383,1013.8324534796003,1,1
27.87485793468926,9.292751200271157,74.88490571336999,7.930170536726696,1002.0133221883198,1,0
30.063486274319377,20.877081463996173,67.64040851429465,9.639457775215106,1004.8550245967821,1,1
27.92106223717134,23.641467980809576,78.42833931903711,1.051447267728863,1007.1478360945947,0,1
28.85803069298766,6.516468160124696,63.58626849956438,2.25612579845386,1001.9475506714462,1,1
28.275384090723897,29.46352502362814,63.196572171050796,3.950194502093306,1016.0206251780523,0,0
27.71715685989141,17.960563537476357,84.47466230806437,1.789544792968955,1004.8186894170951,1,0
30.13472377212647,6.842961828372463,45.978579894714564,1.871947566635908,1006.0352489290187,1,0
30.038072703540006,24.188961918241755,70.9909985845215,8.959182784472418,1014.2369156052274,0,1
30.19134148933633,18.211666817060454,75.13386955860379,5.103063559583823,1010.2991355691533,1,1
26.395921595175253,23.231107367922053,57.682872371658505,5.950848581707647,1006.4981073425214,0,0
29.693948511806404,23.122045463986105,55.73667815696592,1.2448095378015231,1006.0667628143065,1,1
29.494857362580333,10.840277016350582,63.26181956519016,6.359349241518279,1011.6618928822666,1,1
31.24703664020989,4.646845706119433,51.782043056872624,5.283169671739297,1005.2937572110661,1,1
27.901117202413698,28.798508650922905,52.98235325166327,3.338482546874525,1005.1687717451273,0,0
29.85891997883104,6.436908841274741,83.71818093992502,1.1623594920565243,999.1476444157887,1,1
28.95207810487042,8.74469675717653,71.38625492601093,10.24626900515958,1006.2871731666282,1,1
32.351846382035255,18.29443532388426,60.806330676265354,8.511045342504275,1002.3944596874849,1,1
27.798379532622864,31.414874177723885,85.4091996802805,5.657818632003856,1000.4047604864139,0,0
29.06015528929508,6.908277552590709,57.45992299678575,1.2969333063774318,1015.9489002977417,0,1
31.678481977626284,23.28074080678951,59.94903738570229,7.2076201987173265,1006.7256340421803,1,1
29.933824245068983,17.542821761459326,62.90423880166423,6.620981397509439,1012.3572231355776,1,1
29.263689405957642,20.86895808087247,69.96744668253756,8.709387548418292,1001.4145559936964,1,1
27.927699792214643,10.981834932527894,70.90968830761288,6.468566776194819,1003.6164019669202,0,0
29.549010821693535,7.29711439505787,56.45221168651733,1.3809425841302603,1007.0863259319276,1,0
28.63887033981922,16.43341638873126,60.07809486341435,3.336794198907562,1011.4476827085056,1,0
29.805546664974027,31.90157892089934,50.61899030269386,11.19987383795806,1007.7520140521935,1,1
29.848380813497407,10.973593065516434,76.38733896807182,4.8116358352892625,1007.1422873127033,0,1
29.88696552835381,30.764243439641106,68.63593169822752,12.571165017952337,1012.0941973907378,0,1
27.892121596865476,11.954147375612614,82.58348207165065,6.47077825619054,1010.6371226317029,1,0
30.742358800985052,25.463482687634436,78.40913229616353,1.6269224399898388,1008.6070846898278,1,1
28.778096833366554,7.601213317777173,65.20113833397787,9.314204663792417,1010.8865604492557,1,1
30.384358049410757,34.65283668655208,66.81997207689088,24.88702536518575,1010.6430828138074,1,1
29.669862662589793,12.585638323198841,45.75036227414422,13.471556850162093,1004.5900402482129,0,0
30.721445332053325,18.691200737356855,70.7257812506154,13.269054430729902,1005.6871725198656,0,1
28.65705246210008,14.0456864391193,80.12721023460283,9.343370788918175,1013.7037005067334,1,1
26.76674103621597,5.2781969991333835,67.54194193871093,1.2585897749065331,1010.6049243447775,1,0
29.350502245224956,9.429578702482264,71.33656366741164,2.503829410791705,1005.5662185110006,1,0
29.463671175519142,11.561958134882126,64.23948486775552,15.612125391124028,1009.9470936340066,1,1
30.077746927089176,21.96796715894298,66.10918686597297,2.5078807001725245,1003.4812460580715,1,1
28.842502706261257,13.58046617378633,54.77708186030624,5.389598527925156,1006.881916557438,1,1
29.261868367292113,21.145263795520478,72.22929984799617,6.3732374265430325,1006.309354476567,1,0
30.163161300854085,14.269566462356295,46.24654730783662,14.964908166111448,1008.8646983865171,1,1
29.539894214414954,10.169585990548745,83.76857148180918,13.56567257712801,1002.1248535075044,1,1
29.331526450282613,30.619628825893027,69.88451876144786,8.10225407757932,1005.0663739458754,1,1
28.548682611205827,7.830820888017692,56.8330303404251,15.654284744198057,1005.6641333329661,1,0
30.149040013212502,5.833426177066863,65.78239641309217,20.48264595380624,1008.5634965925508,0,0
28.057512159132393,22.07475103956819,58.96228548712311,2.955361723612053,1010.9591516756155,0,0
31.89007804721825,11.603246220040479,54.78719791101695,7.316127916473583,1004.1948756273509,1,1
30.119493049494427,13.702391817811781,55.89812306669616,2.5419270100486955,1002.0891135957128,1,1
31.143306654151417,16.10452453542953,64.07180047612884,4.657077540463439,1012.7639305895116,1,1
31.789644502100284,21.289353007425724,54.44465165829517,10.087581462502426,1004.9088579645074,1,0
27.91277794714901,7.4774578292019775,95.0,3.8848825846605357,1007.1043792058534,0,0
27.64908928789466,16.19653656763913,60.786654235404946,2.24486409876254,1004.7876358424539,0,0
28.381328539863926,19.50328179122156,60.36597462376573,3.8609000482348925,1010.029558709077,0,0
31.827108276683376,7.038395245735503,86.14850164994846,3.7023351364788826,1004.9591687844571,1,1
28.706263849541227,14.715063125299741,53.351185195332484,2.551799992349515,998.3674362061918,1,0
28.193957437947333,9.386262857500295,79.16122714303121,6.3192251021779935,1003.2688985421546,0,1
28.827748247227397,11.762345509770526,58.02000084735576,9.257531060141424,1006.697697182695,1,1
29.23430119840622,8.904785534896172,49.414024635286616,2.5217210184775096,1014.65119034233,1,1
27.57539710619871,16.37889572632512,76.44053347924321,1.3661021596615521,1010.138754368129,0,0
29.033267263015436,8.918675105027189,51.07265592657667,15.400626200932644,1004.034289569931,1,1
29.675112728923153,20.76866045261804,53.894451394688176,1.8715869574634654,1002.2696099970651,0,0
28.509965369833058,19.692388973462307,51.39549594723856,11.386968682237208,1006.3979523208369,0,0
29.6390939473971,5.872015536841218,78.80546697212996,1.6369791342754287,1005.0396301246901,0,1
30.608076085472476,9.603880707873031,72.60470983677152,11.132481246469062,1012.0272049975868,1,1
30.370703123271262,3.0,49.08322744748688,16.82922053656849,1015.4631020188459,1,1
27.973243896558046,7.086570131237682,63.505862002700596,5.712587381541178,1009.6923503740807,1,0
28.13799038392516,31.504602752254215,68.54422352995817,5.6388026876465664,1007.0295007667587,0,0
25.713867643042853,24.035235401201508,68.84171139772889,4.5916780528779055,992.0,0,0
31.196052488935177,19.778805738161306,51.24921847115577,1.744538029049632,1013.9827788784545,1,1
30.010330047880128,9.500832229289509,66.97592349756863,22.30634392839322,1007.1530402551034,1,1
31.3667526331198,16.1387378851561,76.81814231755348,10.965958639943056,1003.6435103687761,1,1
27.702443684186125,14.12737468034846,74.28819454298832,10.148865063794151,1006.6229314089876,0,1
28.78309343475852,18.405169337041016,68.46374174581496,8.37350902822336,1006.5246980194438,1,0
30.639189019946414,9.673724684997074,60.90706988472874,7.140200325541702,1007.1162416091918,1,1
30.277200752142576,10.628341528287244,69.61244345098531,1.0247794031721926,1004.2327712237087,1,1
27.766572023228427,17.85022403429386,48.76203961139106,3.1865889410039485,1008.6926506304184,0,1
26.737091283771125,16.16604340888615,56.94417493777257,7.856362744446924,1006.1870964993374,0,0
32.27323428069894,4.384445706220513,63.32378686597513,1.5780406251160979,1009.4726804058838,1,1
30.037040594480576,12.021829641605652,74.31891726157063,6.898806493079493,1010.6629480480365,1,0
27.866619561561247,17.58548002188169,68.3041145536262,1.0899487241882044,1000.0326241007984,0,0
28.55093725764707,6.929256642478478,65.76848958595166,2.7380715195273218,1008.8574464392518,1,0
28.576740291557783,29.403943093003026,86.78199017804063,3.2324875984002754,1010.4233066231077,1,0
29.894100315236408,22.50430895275327,67.64433611591365,6.760717780736336,1005.3970276487489,0,1
30.003902477699405,19.519650254308072,90.70467709994837,2.7082742582202703,1005.6795587614762,1,1
30.044894403384454,13.658407977065638,57.925269669386694,1.4804576293503267,1009.8394759511913,1,1
26.053328578576433,19.20874686962466,65.86626669642662,11.265272637583546,1000.2051618964124,0,0
27.898561036039585,7.506863845830594,57.05987897723901,6.897697499443539,1009.9322845798603,1,0
28.624400534141344,11.195567248875085,66.15861737070632,15.172077105732956,1004.3335887768685,0,1
28.998236415066597,19.847029254820274,60.49955626657262,6.214340997262757,1006.6388337243953,1,1
29.89434359887417,3.8436651641691264,77.16713758893407,4.961445332809313,1010.3214748171579,1,1
27.51415109398736,8.145506035492092,51.593002065887404,1.6349467608583983,1009.8160616106671,0,0
31.20987933624229,12.627102943702933,56.879127926248614,3.2029858921151053,1006.6494248475304,0,1
29.55548489296489,30.45617934850767,60.42943201840435,3.9505063763789288,1004.6803384421531,0,1
29.179766193411414,19.422091124887164,70.3993822175005,2.3074246628678274,1002.9825578493411,1,0
30.84698210485925,12.69354816830022,71.22380971802014,1.425044999612027,999.9594661273331,1,1
27.66575368270533,8.739721705398106,46.866195353622565,2.3805220638797495,996.7755128743294,1,0
30.52497299100831,30.036584305262704,76.37057041854278,1.0532874211860839,1012.890381989544,1,1
28.51316561037212,10.906717760467934,79.87126629483491,3.030715733622111,1010.8441457424964,1,0
30.94365856439464,5.340425399320828,83.01637878222739,9.895985422588828,1004.9637080020731,1,1
30.006669423858007,30.08047527210867,56.601346926897264,7.929463489197505,1009.2269541717296,1,1
28.674111883286187,22.90212606417773,60.673020834254466,13.838316560373174,1017.8630757484817,1,0
28.942698467444902,8.375378765094133,60.13809264352922,16.749683794354425,995.8863572161624,0,1
27.49724915187649,18.365783204182755,79.65291563930083,3.2025229395646337,1011.6259362204745,1,0
29.064591044044157,25.00436169750515,52.59915814026533,17.66227246298031,1011.6854917697048,1,0
28.12246989500175,21.993957533653145,84.02451010299079,4.048762618876336,999.6430565237218,0,0
28.463368553783823,10.838430740810054,64.70124345437456,5.117769313297361,999.4299805112956,0,0
29.769611882660808,6.216723727241957,86.85505683022411,7.540902340122997,1008.056434278826,1,1
29.925171905992865,5.6861845000605795,83.21684720954278,2.6499800218077874,1014.499985783743,0,1
28.646227512996983,12.03866943500399,54.528928688466706,5.176956958488132,1009.364150618204,1,0
27.83421973148046,4.942204137978443,66.21277483134035,3.840289154308504,1007.0347041673023,1,1
29.01240752075645,28.131895338469683,81.4257731808669,11.681250090453155,1010.8636320175443,0,1
29.245347145573493,10.107821055696672,57.338884411102406,4.029351345129274,1004.7305006659739,1,1
30.382074304146393,35.736442929880965,72.41721662536406,2.200847178055507,1008.1713190063391,0,1
29.460273238998816,12.887520385763299,45.68546439493464,9.686934326536335,1005.4392107824877,1,1
30.197100120633465,17.09753335670424,66.42075634092896,18.991369825612843,1002.9838801541462,0,1
28.849633636678696,29.21716864401534,95.0,4.715575189241025,1015.6069131963617,1,1
29.008519554670368,3.894667940544746,53.16508658900307,2.9704999305079705,1008.3299895542468,1,1
28.72130835855121,21.102365963068845,80.12899919483672,2.5007636466440086,1010.0460561370469,1,0
29.27191563760759,31.999401162831212,64.5076892838165,4.424979784073443,1006.0320799080718,0,1
26.638233938796013,21.365165544164718,87.20009167747223,12.425185479343735,1007.2010462660636,1,0
29.13512549164996,12.985690738453386,63.61482052880474,1.9769701974450191,1002.2705825720844,1,0
29.418837355149307,8.523172139901558,75.39645282647413,1.9229974005116663,1002.8090923964614,1,1
28.139554704660867,33.670875007282525,53.510535413785135,9.40012122045846,1002.9261680043631,0,1
29.304733890713155,6.989197291619931,70.48716474347007,25.0,1004.6682911411024,1,1
29.785549764908865,13.279899628452775,67.99473213608108,4.80141917658976,1006.5341676153201,1,1
26.906625816172564,8.931192293207287,61.697799720746474,1.5072491783357096,1006.2733162891392,1,0
30.041049434849608,16.56444916741392,86.1020663601476,4.024853618734888,1008.2233970958334,1,1
28.80103325823556,8.200927593324689,74.66507423291552,1.9304468140417652,1007.8931491616958,1,1
28.28503639138829,11.68834922482476,74.62291820415953,7.179589940846422,1000.4920344899992,1,1
28.698653649779473,12.771274854030585,76.06053038122612,4.579972146799101,1008.8240507015234,1,0
28.118732907553746,30.717225905684167,46.93892310283839,13.60932244735534,999.9491094405736,1,1
27.362507870240318,16.386201638550986,77.00766300916386,1.099168841835148,1009.5228833816635,0,0
28.546434204550184,20.51499599622284,84.3328997088378,2.9496229140164556,1005.7832452742637,0,0
30.595168414615735,9.665280759243219,76.43659165623231,5.261186639941167,1005.982964296863,1,1
28.709040017772946,28.287072559212667,78.96917340093398,1.3070129237544506,1009.475297165003,0,0
27.134309549850332,26.45268215281339,56.10123727943942,13.17101604789621,1010.4203257976721,0,0
28.049214038639295,10.78824562280351,58.49416392352602,2.7448896470247206,1004.6585001321083,1,1
30.416258524661895,14.527635266899281,68.34224182264172,1.5918278494806055,1002.2056470892669,1,1
31.899192386531755,12.655481753567457,74.6756914813799,1.5190395575847668,1007.2309298500619,1,1
27.225612794925535,6.621118317440662,38.999196198252854,11.288731260266818,1006.7003456862001,1,0
26.851208618249235,17.044670105111365,78.34010053391216,1.1814511231132525,1006.6692348626533,1,0
28.658207461579646,20.420269688664913,77.25534916367525,4.426784853101369,1000.961831312848,1,1
29.820926273747297,3.0,76.41566343448159,7.602343357469473,1008.5568670278751,0,1
30.216276250101153,7.451356238282681,52.379711268397735,1.2174525505913238,1010.9528638619786,1,0
30.313311071518434,10.62292472853385,43.81074558610836,3.8851064096095347,1004.7072852949511,0,1
29.498213201435444,21.687467992375687,67.22901516576697,2.2924937003343056,1011.9708114850446,1,0
30.28928853681874,32.485034609319385,74.90655768673041,12.840910385273263,1012.5748036320772,1,1
28.689310986224623,10.033373371488231,61.953275714821785,7.2328202803239625,998.7624161619169,1,1
28.61115293520633,27.44576074093684,68.35358862375223,1.137071560799177,1012.288497696448,1,1
28.081300494326165,16.69438983703881,83.61976561754511,3.2488476396727894,1003.7353967797138,1,0
28.716660270609466,20.22129584601563,76.05124326572266,6.710890728412611,998.423320904991,1,0
28.39672541747997,11.535295257028565,65.65472973126171,7.068211533076474,1011.5656512817051,1,0
29.554287913135745,16.9521319017554,56.25309107963429,6.8681871273015345,1005.7352929114785,0,1
31.85337786863993,12.708593879763974,78.80921571432424,2.0871593763194713,1004.6996921789168,1,1
28.862546826081648,40.30567718210501,44.885651292097734,1.3177346536147287,1013.3587577703374,1,0
28.82882684526447,3.0,60.61583419240314,1.7923902463810921,1008.157840480565,0,1
28.61143804526633,14.746216655038547,56.452088848124035,1.0148178638141787,1009.0570426307326,1,0
29.58168887528642,24.660921944071294,90.6046886641424,3.4852325500332286,1006.8560800450397,1,1
30.780025245578123,24.940039123926876,87.35789001150661,1.3437168805147421,1003.1548478948745,0,1
25.078697874648576,23.76489448395328,56.459747383690654,2.4454509807714047,1013.4475146967815,1,0
28.68363085593471,9.296116934206697,61.58498878813457,4.5158696859097756,1007.2205753838832,1,1
30.022551620942064,14.467839270741473,71.83354755276088,1.69133862127594,1007.4883761300539,1,1
30.557723873162935,6.918162251961429,49.80851655571683,1.1955006211764003,1014.199427292614,1,1
28.977494703055342,5.037688582568619,62.8214503593115,8.06794973424922,996.4012548622497,1,0
28.51822692295897,21.192772013386538,70.11185827430553,4.285891509650385,1007.1734260757694,1,0
32.5,11.640856731782062,91.56071097610506,2.124366536201937,1002.5649547470531,1,1
29.272567091952293,17.89609687234577,65.25961288830042,2.2010299898279397,1003.1802723275993,1,1
28.448971863461743,8.523532874008476,82.82439920551565,11.02492079367367,1008.7277928925562,1,1
29.55152128348088,9.571491612740953,58.660472224905625,4.41995222963253,1007.1153858772781,1,1
29.34148121778826,12.884136489481,85.58948448618037,3.56252464191901,1009.40983992345,1,1
28.17211512330005,15.180547155061346,64.9478627305627,1.5576518346742498,999.2402296778397,0,1
29.060101636126735,27.59323011535755,47.01274212134784,10.38934204118786,1012.5985047044344,0,1
27.333291679250976,4.856787536290334,73.0841300195357,5.700617388736847,1012.1432543362948,1,0
29.43811134789774,12.15876887311977,70.93256173835776,5.799391978131079,1003.1099931266044,1,1
26.74237141688617,18.644341340705683,76.90303687646433,5.699565910805202,1012.9718936317164,0,0
28.669807315522558,6.020507544596479,56.623256066141444,1.1743773884201316,1013.2590426941013,1,0
27.975886560642458,15.049308534763007,69.19663815341056,8.113272758164165,1008.4041060573751,0,0
28.32329639260649,14.68285035796692,95.0,15.972314937027608,1010.1281711704254,1,0
30.091741614146905,23.843398153973528,56.23965707345546,3.5577600572355097,1009.4470891403015,1,1
29.534158989844066,10.080736482368136,81.11285152091692,1.7747628473555004,1003.9389964174429,1,0
29.175985245223863,10.19701641150764,64.28887733574128,8.769209350041248,1008.472108556676,1,1
29.811511652785608,36.7922690976349,67.2257807439201,2.087076090593745,1004.0376468309029,1,1
29.449719651741294,22.626853633755555,70.09829955510686,2.842425147849561,1007.1978656320562,0,0
29.871968460006386,15.300333994758006,59.51346265162549,7.463093475914026,1007.1128256949606,1,1
29.009171638618,10.022597086814105,49.53997303715216,7.286899141741601,1010.6775914322427,0,0
29.005949688699836,19.138495519025934,74.07701235438428,12.397559449227284,1010.5807686701861,1,1
27.755968047162682,4.4450186723265865,86.56439676650423,4.403076349101231,1005.4647177948704,1,1
28.73144331291332,11.205766451568707,75.12306183610673,2.064639769812943,1007.1214914234932,1,0
28.97871886565296,4.614558037222465,54.983715622538824,4.883032630936587,1008.1296493877035,0,1
29.960702480816888,23.313633815246803,53.6935933596113,1.0720797274818819,995.418935920524,0,1
28.179249620749726,25.51196174392885,76.3626577046285,1.3767252964123362,999.4922520966933,0,1
28.765201902956246,7.24047750713349,52.43183108070147,7.33929410512553,1005.9570904431025,1,0
28.387268427139222,8.844037011835292,60.51448289548965,2.525793142562647,1003.2077454865627,0,1
29.084703902776194,24.368445708326057,67.71354717503635,1.5351833130891954,1017.0655034252704,1,0
27.173672723373002,5.998771224693881,48.19309928040015,1.2058237818180206,1012.9767858926447,0,0
28.760729402139713,3.0,95.0,1.537399290697472,1009.8856076369005,1,1
27.59178443216981,11.983461877568098,40.86537843610664,13.778493855751003,1008.7209901244674,0,0
28.009676083608618,12.362769460474137,72.96124356152939,3.805560163037187,1003.0786311353904,1,1
30.82236084338175,18.86034924503695,61.666222282424506,5.263728792779124,1000.94486267893,0,1
28.422292796611742,29.75110330027371,56.49082950624198,2.731069393133023,1003.391786410807,1,0
30.28701659364188,6.473734459703732,58.42923764779347,1.5063435206343962,1011.0839698815258,1,1
31.49383368794819,27.601416772296815,60.3681262660333,5.706870152698943,1010.3037303784216,1,1
29.09123999925865,21.08637801192535,49.56704387554128,11.87526789738837,1007.8891463439836,1,1
28.547411086887333,12.962126897854622,67.35177508437813,1.866497198245061,1009.1872843060745,0,0
29.29735679390236,45.0,70.01247588938546,1.3248748447844485,1002.8587609199814,0,1
29.0199845448789,13.986418644604484,50.64945504857587,2.7803333024285273,1003.4287901770534,1,1
28.336835119322668,14.333512240530514,50.87614090330564,1.0659971009926053,1003.8686791147067,1,0
28.86311848700586,15.851687517236172,60.06459993723189,3.5144067411603475,1007.9609476966012,0,1
29.630277283047644,16.531290371014506,57.900139200512584,1.5121221721328906,1010.0066662504717,1,1
29.42752674385531,14.047134453539043,82.26611441847064,4.307766831296357,1012.9784999441536,0,1
29.87471860171553,13.342935482656491,42.12221439286815,2.2099199328439756,1006.2274382963863,1,1
27.873697198664733,25.37226523652406,69.89820201016649,10.72459926251982,1003.9154056643649,1,0
30.726999679553654,11.361922046468498,65.04281056900712,7.822449698078553,1010.6938738340228,1,1
28.733663403713603,9.320852488198161,83.73938146571467,2.384631400573256,1007.390912686511,1,1
28.938613054750178,11.276550540463026,47.912048151655384,4.214503766429772,1009.4851130113168,1,0
28.65019845787862,11.779212214749318,84.58686876347161,4.518327486127889,1011.8628956771331,1,1
28.30761078968606,11.933864533272288,73.39077215821992,5.792059646686269,1006.2970828167013,1,0
29.081714951435757,6.7586700265787085,75.03069717643776,12.48444118231371,1008.3768836473517,1,1
29.40927347181082,15.924422596728064,61.68205311073744,2.6929394090444307,1007.1603640095054,1,0
28.43626699925602,9.829613251080977,83.65587952888112,3.9653342498462814,1008.0487727527882,1,1
26.901481556173213,3.6012667658100885,71.56972082318417,3.786413512310928,1011.0053198788321,1,1
30.546323084648645,4.701856016223601,70.184997358847,25.0,1007.8191417871395,1,1
27.588031286750454,26.28174138420183,53.98399658996463,2.301016326420549,1009.7714708554241,0,0
26.254187370526267,5.924612044114965,72.34465988683164,5.935137274962893,1001.5077206651608,0,0
31.76681337489864,12.96501200858806,50.56422374226166,3.7895576646372864,1010.5258618463035,1,1
29.91455725618671,22.407130921788784,64.25099194986585,10.93855179119105,1006.8260484350711,0,1
29.679441704912275,12.789376345542113,66.56626188712701,2.32216336544938,997.3611312413916,1,1
28.984911263199805,5.08533326268432,76.69302236797945,2.3141669822205504,1017.3584226883734,1,1
29.30919471281152,4.658543783773228,48.09702763185035,25.0,1006.9001656586164,1,1
29.251174335132003,23.209760427884525,54.374142368873166,4.476847456561709,1002.0337644837794,1,0
28.53181605309624,8.301673165443352,72.00101505788335,8.390785370284537,1005.0423508323537,1,1
32.458811650461264,7.560795251811994,73.75073062003946,3.773271641076086,1000.5621827074875,1,1
26.72343837705065,14.650148852044332,73.99833932567441,7.772246712465953,1008.9264306885887,1,1
31.44492249367094,18.363026247102507,71.3879799774898,2.788950405959185,1001.7527043768605,1,1
28.795619687549284,13.696385082642118,60.93679386743078,2.3896706666241307,1004.678728446247,1,0
28.47185298715988,12.462055835600488,45.02501641419131,2.9005688105181324,1006.3553094237174,1,0
29.923886798594683,7.675797007821331,57.55745259215441,11.622259985353079,1005.168730969714,0,1
28.698110815898676,10.852982261376333,77.48639396213333,1.760868237672205,1008.1653621943464,1,0
29.784259893538593,20.300132137751167,68.70975130768979,8.079153468232946,1007.1599942930116,1,1
29.874958618451696,26.054182798089638,86.16120100077661,4.53227715090806,1011.3326720848996,1,1
30.285884676979393,6.01385330941313,61.512852607246664,5.868484373462632,1004.4373656954507,1,1
30.206333529377396,15.905674608958208,47.49209586490504,2.8293278715635903,1003.2312340540951,1,0
27.207201106545444,19.777103018896863,74.31333452078238,8.15261256412078,1003.369297716831,0,0
26.82131645618545,20.71986759022104,45.04073468487756,4.3765969648210525,1008.8749557933867,0,0
27.558059286262203,12.684786131396992,68.07089371377087,9.888833785495347,1002.1892031720218,0,0
29.318251889798454,9.38565804205143,69.99208261785435,2.6110603594955144,1001.629793766081,1,1
26.890183661552687,10.189881870020809,75.37816235669867,1.3692304422499761,1010.1361973464944,0,0
29.188665079248164,25.020211644213813,70.6841538370903,1.0812198092867629,1006.1797649502452,1,1
29.220653168202013,13.50761438506871,71.38198980865786,11.959612261674765,1003.0980980803893,1,1
29.35208824395196,19.586777942476736,71.06018919162082,4.659640355763608,1008.521904988524,1,0
31.288481059866125,11.316766318622308,60.76263134706974,1.3126509079480222,1002.8134540775366,1,1
28.433885782763387,4.8679822615954125,58.365099078409145,3.080655774127163,1007.2155544272903,1,0
28.31406260047432,11.983230725442617,95.0,1.055348083140073,1007.4585056707945,1,0
28.362687953597135,24.336498763712232,81.96936228453885,2.229287898519786,1009.3148918849752,1,1
28.420908557821736,8.189369275742598,89.8925406857492,11.85632332644142,1008.4641256089682,1,1
28.736187305583275,9.317637085405307,54.21965809222547,6.341329419649002,1004.5599650741526,1,1
29.6540475140913,5.9594933103607,81.34265701936616,2.486205421757975,1009.8440555970706,0,1
29.432776055821726,8.3467871723192,52.21571669028542,1.388662776922578,1010.5335804240967,1,1
28.733646857901615,24.313583206293078,67.00893844270253,3.4173272150185108,1011.059798954563,0,1
29.191254716429825,21.786132815249278,54.45852451938785,7.3836415431682125,1006.5000488587445,0,1
28.30722589538101,8.150450337449767,53.15748514599135,1.7019843863349249,1000.8480268934901,1,0
29.172055046589485,15.326548336578568,85.08906916136571,1.9154348717704015,1006.716936021563,0,1
29.921403175309564,16.014905024822475,85.64256212660473,3.998848916551067,1003.5153078623168,1,1
28.921500277794916,18.483117790018863,65.87986056517963,6.1790308885397405,1003.9696152925536,0,1
27.342881220103678,6.940125829492522,85.0941737702577,14.812779411694564,1004.4209938101582,0,0
29.69945782751769,17.316975903379443,73.29586882837287,13.20827458222546,1002.1165334430406,1,1
28.271689450795755,18.688381733549313,60.970931446793536,13.534881050262062,1000.491638451623,0,1
27.11439036784144,13.518169147027166,73.72686634221641,1.8739980953612059,1007.7090815611955,1,0
28.04378552461838,16.507490300336414,75.29093003409324,2.5516084728921413,1000.8533475788596,1,1
30.825256060966144,13.799594513436283,66.2309993154283,1.7370843990322389,1005.7296787565792,1,1
29.198039492194027,8.06605750938339,54.70623828860512,2.6821411613171366,1006.7651433932316,1,1
30.289583780289497,24.028598055106187,80.08099562717882,1.3054222901092736,1005.6655074417835,1,1
28.190138913718563,7.585901621294169,54.29594557624376,19.533949889563594,1010.7423442901306,0,1
27.056113076651556,14.214671498603499,57.74626285196545,6.2917718816759445,1003.1428535389783,0,1
28.01556926239217,5.053687532539585,71.9338513318429,9.397589804851323,1009.1399841414867,1,1
29.655389278403963,20.95954180550902,81.8878627749049,16.02097400805155,1007.1891656742423,1,1
30.1318560566285,37.67307929223213,64.35713677856064,2.7729071099636253,1007.9472754433159,1,1
28.327581471744466,9.976493208520786,61.25391281095126,4.546128784621372,1008.519352989188,0,0
30.64065726590905,12.80425058910967,49.5783509789073,2.983307931008695,1010.4614475371039,1,1
27.128685386891938,15.204991427750494,79.19220331546401,1.7215410311962067,1003.7515484901701,1,0
31.325206929970314,8.66566551864363,57.238323456010065,2.6284917262019354,1006.4306566465957,1,1
27.538185301129285,24.046170974557377,86.5434480837643,11.540241528183742,1000.526789252205,1,1
30.53245860690725,8.178868175940693,73.22004139609574,3.748876095765128,1007.9623410473059,1,1
29.61138054226523,9.024906254645863,68.40493988576256,2.987013940279144,1002.3280271603502,1,1
30.76578039716114,6.606016234225091,72.19933797710316,5.8627201436623775,1001.1402416838919,1,1
27.62262513045394,3.420644468805731,73.97519318722522,20.235999446358193,1005.4887893366669,1,1
27.23576643334559,21.620230659432153,56.835483454646536,8.031529939483752,1006.0317462292211,0,0
30.231861121990445,18.65587580896822,73.46362284173051,12.396420631263465,1001.1134545249662,1,1
29.120149802152326,20.706286351979088,70.00784100283823,4.8934181234732925,1000.8374361235578,1,1
27.71912055024155,24.753812685299543,72.89019373784888,3.839332764651352,1001.5703881218195,0,0
28.70250723043745,23.72288260775684,72.66363276874718,2.220517742378595,1011.6004905215382,0,0
28.73386892648598,13.05141519166606,78.72832464610198,3.167044488877896,1006.3806746344131,1,1
28.309973635268346,8.541122463024097,60.63607438509744,2.7610618081380434,1002.7431261432413,0,1
29.802065222294605,16.749112768309143,58.12615947434456,6.236456423586514,1013.1470693151348,1,1
28.03989477804885,13.063881022178574,54.88444650433671,3.4999739976966104,1006.7766103487497,1,0
28.27264410961682,8.028714802578163,61.76785912208499,2.8201475702584675,1000.0585413579304,1,1
29.338149349670818,20.713967968668953,66.64981812784049,1.2092054360260802,1005.2742851445599,1,1
28.54394790947046,27.448227292793803,68.02605016635131,6.316771038873914,1014.2674226316315,0,1
28.938068533907902,12.803849903636802,60.81823728291057,4.377114844914267,1006.4305103897303,1,1
30.851294146041823,24.02296636445827,65.53356906004954,1.61806548565416,1001.0688397486247,0,0
30.80532236600347,6.90611892991148,74.41118924457666,5.236945275635589,1004.5882886439266,1,1
27.987328299058547,6.06040678244358,49.2120356341087,9.888791685246913,1007.1765288228796,1,0
29.712920180979676,7.73202670656127,72.76743227269696,1.9294911064059659,1005.5542749218686,1,1
31.493173337691733,39.35949610286041,70.54432174503756,3.2296319338377826,1008.79291485591,1,1
28.5875806947946,19.13727434506827,59.08683347106922,2.1457473766385395,998.3976338289887,0,0
29.58970707038782,17.702017336980308,52.87320787220122,6.012302355008624,1007.0907457539366,1,0
29.393250965969127,7.885997713658144,67.12520649009014,1.4061321627527479,1007.9001221627801,0,1
30.39253851427892,15.845065767031079,59.494102829073256,8.752275984428142,1009.4743011365656,1,1
30.24411350014477,16.144971525861884,82.09366401481648,1.4218636952314916,1000.4376758426664,1,1
29.814352290197167,24.632230400141715,77.58589770275937,4.598151967083456,1005.8189426362167,0,1
30.39168398079663,44.60132864778783,64.93854847988098,1.8418965547856638,1013.2970842139589,1,1
28.942212702211087,9.55568228611916,52.72449340452983,6.044136453167848,1012.5667305006399,1,1
31.015122009405978,13.333770949838364,45.69822743647147,10.681684240911382,1003.730619196396,1,1
29.421902953027335,6.766812944741771,54.565000954128564,1.7667243797013896,1002.2890459216504,1,0
27.499693932254903,13.381002846685687,50.11728589207749,3.4269197219739045,1009.9656654029781,1,0
28.057386752242202,44.09167344860179,67.47321072843458,1.5048937193742171,1009.3131300405062,0,0
26.943075377075097,21.63314350308697,73.6103440882176,3.777217610174898,1007.7442751186726,1,0
32.28580505070477,13.279898929754673,73.11700024933162,6.438619531690074,1012.8319044601374,1,1
29.563027081879547,5.215447130457041,67.73285372461824,5.570138350608635,1003.0862245873647,1,1
28.39140841739197,16.3853717214741,51.565634127382054,13.587355622970165,1003.9112790197502,1,0
29.3097668841594,25.727460885942513,91.02161319835717,3.95825273223292,1003.161534480032,0,1
29.91721163055609,6.106919364498774,76.99810668229637,25.0,1001.4675000091472,1,1
27.858735556712983,18.86676576566902,83.62170652945679,4.265538578710203,1005.7143008706742,1,0
28.48361306398991,11.664822103395514,91.9264290861047,1.862878445014983,1003.431202594822,0,1
28.244818785697227,15.858817306405562,77.66858341732019,4.961674096637716,1003.3852098272489,1,0
27.275422634668704,13.206971076804097,72.92000738624508,4.749043980958505,1003.6636977484839,1,0
29.37356391297967,17.95755284914173,54.77948288082786,9.015997681877987,1008.1248714312654,1,0
30.039339851187147,18.280233523165204,88.45189418912757,3.680094293391233,1008.0601056842146,1,1
29.02237100545429,18.381769754755577,84.45525675563864,1.5937804173392596,1007.2879307215915,1,1
29.536921790671823,9.973358873307303,67.84710242457142,2.4593000030843286,1004.192807935611,1,1
29.887267346913696,9.315120524592901,62.09519011958034,2.27276288890992,1002.5510189373827,1,1
29.752245035962368,7.460310707796127,61.693143782557684,12.815553402861095,1008.0363808125941,1,1
29.158197922506485,39.015669656660044,43.00825864343468,1.2145724441404282,994.2044092804666,0,0
29.862853008637742,7.325741653903061,64.84396751253765,7.3075374794657595,1007.0182702134005,1,1
29.255295373831835,15.224939497928165,70.42218364349435,5.57002998583487,1015.4301423046518,1,1
28.339357325831124,18.30740977948339,54.71230835121348,8.739698967869474,1004.5804011135901,1,0
29.041117097723934,16.20302075251821,56.32774289002917,10.961120479689345,1012.6177153564636,1,1
27.06253906271059,24.01349717223294,82.105229079159,3.4638593158425883,1011.0476282659695,0,1
28.958322127909685,16.61772016065285,46.5632109499587,2.8809529064338566,1008.1690238297394,0,1
29.155846630703632,11.158882468462735,59.70183054271789,1.7981902331607222,1009.8420475220521,1,1
24.0,15.07961434499509,77.77308766025001,3.815277460282659,1005.8294611492182,0,0
30.514718416238658,16.211662469724693,71.28853524613776,16.93970885412318,1005.4873269669681,1,0
31.25073195319356,18.8317051513259,72.38785024243242,3.6302390401369364,1012.3765366129908,1,1
28.04690633142191,11.124263262014335,64.42566569363612,10.927021135413803,1010.1082275934642,0,0
28.485887555180824,3.6742708906220525,75.91158784139893,5.606986170182947,1005.0850653416359,1,0
28.176365616349372,18.53940571265302,60.717850744478184,1.4672177185078936,1000.6810939314678,1,1
29.67547177934819,10.991582173402444,42.3920552959914,4.8147801015848515,1009.5625083731682,0,1
29.77745778774627,11.120289473567018,71.10686712916348,7.746854209752101,1004.232233885514,0,1
29.415394372252422,16.505128790115005,73.46481008233395,2.409547439141563,1004.439134135063,1,0
30.922417572237464,13.947504406498155,76.49682542374195,1.3871201928039447,1003.5824886472195,0,1
31.830763518829635,19.541740619738942,56.35041521033702,9.752561176257553,1001.0916718573983,0,1
29.477407167435086,7.3878368061200055,79.48817913166697,6.3992197961824555,1003.3631555442942,1,1
30.27858147126568,6.164576540895329,54.043194148735495,6.3496200952939095,1009.6352037004893,1,1
26.345969657927405,28.02053743993323,43.33344484163497,5.857660018563177,1005.8893687757525,0,0
30.17033655533244,9.954194949295143,75.31034435421623,5.511895915270782,1015.9756469884954,1,1
30.94569086982285,7.7455522659884055,83.37399461133413,15.385373759845553,1006.6863144861995,1,1
30.71052814077891,26.612557355031743,62.700445464431986,4.6080794188885905,1013.4147056363586,1,1
32.14251753609837,3.5409195301018435,81.30444796482455,6.372612648426498,1010.1482734220369,0,1
29.792226480732523,29.182258311517053,44.96155507829199,3.781795078211313,1004.4884445669298,1,1
27.101551231887427,10.682275204716616,77.0325272132729,3.469091302965816,1007.996520205929,0,0
27.30867363134275,7.553521471752338,73.56140922440814,1.0932995565175747,1003.4130558068033,1,0
28.27584571804874,14.485938451114386,88.90220365264734,2.114692614896545,1009.3739432870652,1,1
27.03172167798235,19.047746418194315,69.35696915687429,5.725530346799497,1007.6521825910185,0,0
29.393327647622314,11.507138746118034,47.20917437122366,1.7770520571800543,1003.4911284739806,1,1
29.193550368881432,8.200937630254565,60.881494198830225,5.2668655026861275,1003.8183728568273,1,1
27.441582137968297,9.571537364311657,63.976377754336504,7.288058834810663,1005.2579564004967,1,0
30.214078558686737,16.260667897881373,70.29559254251389,8.66976012031157,1007.988784071659,0,1
31.187352745747773,34.74407929431934,68.49981104192854,2.353168779637622,1018.0,0,1
27.749386932517506,9.47358087052762,59.96378079467527,6.27816852270155,1007.4365018110615,1,0
29.261695668186018,14.647761957424004,49.137605740438964,2.4952463501306705,1004.0735940832928,0,1
29.13408036673795,20.465473594450867,82.99147227529828,2.892027967865695,1011.1148547465241,1,1
29.93637806041182,6.282234955656087,61.599608987008224,2.25670138567507,1009.6936649096731,1,1
28.046934406962606,13.980394562356315,79.10956452119562,1.0917872843076482,1007.1589769967474,0,0
30.062972693186474,32.02576887722558,55.410135907277194,10.70808298966702,1004.9980827695703,0,1
28.40375089824452,18.079743065044067,64.53122189710837,2.9474785545580224,1005.0021170343186,0,1
27.713324335372455,11.890458339738133,68.24411254172692,3.8218338650436956,1005.6206633087585,1,0
27.253532610917517,3.0,50.98635967334982,9.535260403620862,1011.0022515132929,0,0
29.748850466272142,28.66375417584182,85.71577424185935,1.3500707050632945,1005.3584594271545,0,0
31.026687522852416,12.894255788227596,77.50155792399954,5.5286176914640075,1005.1654602541975,1,1
31.098245432042187,10.378899752817595,55.02668999975463,7.029410186059873,999.7978357781287,1,1
29.63930878318412,14.255911015682136,47.64700602155798,4.914373375669992,1008.9266091366261,1,1
28.486329542210346,9.572433456374313,68.1389733845439,5.987313952367309,1003.0045989142878,0,0
29.648510559328297,23.013409455395383,89.76885440134431,5.758775679348306,1000.4141766613567,0,0
31.39757018635953,9.183315262103136,66.79370609125786,7.715348081060616,1006.0989652713856,1,1
27.264721283391335,13.047241698272158,75.22788419606114,5.619110449181019,1009.2468990156624,1,0
29.669821619904653,21.70413054693633,75.75040001998677,1.5261152218036922,1004.486384523079,0,1
29.797765075597074,8.676021269862893,57.51014366530854,1.51181868332774,1012.7015352604016,1,1
28.690458253437725,9.118077869175929,46.110102015212476,2.6881555335324596,996.2117700608604,1,1
28.390260583045187,6.97173956773527,58.053715892229896,4.9036954091382405,1009.7106914803737,1,0
29.80722697530746,40.39913257033171,77.34524339631265,2.1766055008746195,1001.291024192303,1,1
29.058195674709356,17.97164079289013,61.74443125922806,2.4512429439013683,1004.180655133285,1,1
28.54315127565006,12.317035560229709,73.10953368856693,4.836317714609833,1001.5772499132864,0,1
27.985291810442007,12.961338355426596,68.03004873639583,11.499149711543692,1010.372591931113,1,0
28.19808491563899,22.737481161290088,67.3566861071758,2.8645919341750696,1015.8118062068313,0,0
30.544902122587953,17.97997152046845,70.16934821761366,8.514269493488886,1004.9170147793038,1,1
30.135348889899944,8.556017979391815,70.22377419306584,3.7899717753333033,1006.5590944268353,1,0
28.4856705142379,13.917215069908883,84.62432206066178,2.2958558803571827,997.1846128958756,1,1
28.1157701245268,14.205115822346988,73.36350567882987,2.1890853335877685,1000.6972580260432,1,1
29.37104506745403,11.41213065153941,79.16618188735306,3.718415548280698,1008.9881033164074,1,1
27.132420849484614,7.09915544271766,48.66121253194987,2.3624638683884465,999.0630743666909,1,0
28.68021357201618,21.521385655723126,95.0,8.787426970821066,1006.177623808004,1,0
29.90121690268728,9.150404813224585,73.7006807750048,2.9445467917150197,1005.9279349736809,1,1
28.818991258501516,7.8378392380748165,75.58165132635985,3.372404517721259,1003.5010309719935,1,0
28.983376205865284,21.360814451233054,69.61832261813504,17.76411796811293,1006.4651243059136,1,1
27.02924463207082,25.9351392181217,92.01904718978835,7.552417026242493,1008.9101493679862,0,1
28.601493242244647,10.554427633081312,63.390678475530045,2.8355347606331955,1007.5210556178573,1,0
26.921636669951265,21.42005395935057,92.82257100706717,2.996930200140147,1007.7618232279864,1,1
27.753504975276464,15.268774677799442,52.9200123365917,2.8236255951973286,1012.0361047651043,1,0
29.250857067405075,26.97721918437704,58.19283616209899,22.955490346648347,1000.3425285214217,1,1
29.02479786512117,20.876152091765448,54.30866614560236,4.977902177175537,1007.2905620105938,1,0
29.42682066595964,17.91040289624102,77.44166436284328,2.447984091903769,1011.269774338847,1,1
27.358668951441878,14.641870469613165,90.29236727376164,19.904788662326553,1005.9818984080405,0,0
31.291050971402363,21.111592889303846,58.91706305800568,3.1109648869331674,1010.650686649327,1,1
29.596001616813044,19.074106993675098,50.46994417948663,3.2367948614332938,1002.2164145718035,1,1
29.552189622161954,18.4725172319996,43.94168753058987,10.140123304237555,1000.7635889026493,1,1
27.064169656369362,6.583117260310215,65.07063469582127,3.1394629395273244,1005.8395862462355,1,1
29.081036549249504,42.070774132803635,61.30972326508071,6.567388715832177,1007.5800004503327,0,1
31.103346816957405,11.550261069631384,61.20425276166299,3.49624538749393,1008.2786477230707,1,0
29.12271662705078,7.545048345352702,67.22237961822172,9.46053637585127,1009.6673358617817,1,0
31.136332975664374,4.389877071907165,82.26587976965875,2.2380920215629607,1011.7024195978404,1,1
27.961929450057543,26.35607842574447,68.28843293943567,9.784446544455092,1004.0869413841745,1,0
30.939353962606774,28.450016923864155,59.9917569418797,2.4549212939523626,1005.6315306611496,1,1
29.05147022158662,16.72292631271932,78.34666597280943,3.806449781426293,1006.9012510030893,1,1
27.27821170589612,19.20466269654174,94.30199768907549,4.431586906960087,1005.3944231607182,1,0
27.018374470264906,22.409315940834592,58.592176120873106,2.5237931014728465,1008.5297562798922,1,0
28.599329794704094,6.86844374796882,67.33550810955467,4.306689524234933,1013.0293336780791,0,0
26.67045476255256,12.030447197435054,67.11082812305992,17.09882103897395,999.5717752375615,1,0
29.59979175253815,25.223674385225724,66.00734740941358,5.083897255425153,1007.3002264541528,1,0
26.089585096564193,14.296932916429984,59.15135476684003,1.8967951742015043,1004.6933414149764,0,0
28.230232108892586,16.0389752816871,92.20844566874806,1.265418851449127,1005.121282069125,1,0
27.51461717865854,5.037272960977459,62.370551502631244,14.047399309880255,1003.4463884970268,1,0
28.09961893256102,24.742539366370334,53.49781799814224,2.000450971720652,1005.0971717530717,0,0
28.10798504703478,8.950364992373549,70.34735022366155,11.170143631224544,1004.2983395819768,1,0
30.648069468952066,25.625679002698757,79.91720984733954,4.9354171843313885,1007.509149954857,1,1
27.742428736704316,15.332705592005865,47.31223964581348,5.037701614610436,1004.964499218319,0,0
28.93865174522749,17.899021586093177,70.63875951501237,3.814135965404606,1009.5221728650521,1,1
28.02435724622536,11.174569910440722,68.3263924901949,1.4356901413355856,1008.5130557604506,0,0
29.498386576589663,6.667732086661996,95.0,3.474419036114652,1010.6528650348545,1,0
27.838015793905647,7.114483551406169,66.00230693410728,1.1180123093136178,1008.9139961920602,0,1
30.101547542984086,3.5029310809321963,76.34866456244198,11.947065039410749,1011.7472583766114,1,1
29.049889641289752,17.04183304274986,37.2405225572412,3.1505001878726886,1003.7034956152686,1,0
28.736484514633176,26.515005927347637,79.53791948238094,8.034017360944048,1007.9339133132432,0,0
28.089430087885518,3.9345734931311225,71.4189727617834,10.471127631161158,1007.1710166257697,1,1
28.86244639386003,30.150469126837862,95.0,2.0285764336171583,1001.2193603105512,1,1
31.014177144542895,13.869888872550524,86.28316300522955,11.312421873598405,1004.4929038097641,1,1
30.635328667112447,16.197375321496807,75.52211728937384,2.22029694841232,1007.8774825921516,1,0
29.660019742757143,18.186815256095098,45.848306543080874,4.62338273056651,1014.5965551604941,1,1
27.451940964070506,12.158075764792084,77.54931888830706,7.309325009597029,1009.4241707187641,1,1
30.188314879610505,28.007854331079844,56.32476521477599,3.247404404568558,1009.67799022822,1,0
30.217634791890365,3.0,88.03990515317622,11.101960313020454,1003.1493794816449,1,1
28.695489495643972,11.621866071829594,66.24867979985136,1.9809440454682203,1007.9347298116585,0,1
30.032976999633274,14.642655306309432,73.21371981421005,14.923227774146737,1007.8037795109245,1,1
27.133115075405264,19.5017201791823,43.649772566719676,3.2883403708282883,1004.2340992793099,0,0
28.736916784657375,9.024406883967394,65.83267593158848,4.448065109619969,1009.0848155599865,1,0
29.895776971143146,11.917192704706212,50.87481570875543,2.121233419816548,1004.784667906806,1,1
29.79885220022353,20.44754011266429,56.06272537908627,5.450903825804017,1010.6691679162888,1,1
26.40903654918151,28.63520504311764,76.8613419941743,1.9023813060990857,1007.4405704546999,0,0
30.345844968956623,9.393180970342588,68.85158978713454,1.4954347843089442,1012.8581311687512,1,1
29.57211188022899,14.251917866140191,67.55889901946355,2.952609528815759,1010.4208034116782,1,1
30.446583726820865,13.23789657453925,33.187152451473004,1.0475306658257795,1004.5867104612844,1,1
30.07108400666096,21.151695739076096,69.7526701795747,6.576629703616448,1001.4428585345653,0,1
29.5330636593941,9.265880285733388,56.8498422158874,4.074774889622155,1001.8911422134669,1,1
30.235401596591146,15.282697896898734,69.87068754057906,1.8867865752385997,1006.610608750919,1,0
28.665292313192353,11.734331023963497,59.75051433594844,2.141332267029342,1000.4135887544938,0,1
29.197938093032576,21.968942132797793,68.06564693606448,3.297610233751422,1013.1045087848291,1,0
27.895792785153883,7.569294076299039,48.608326535068414,5.078093348982543,1008.9345140318743,1,0
30.04532182844218,11.199094140872218,85.2122387008618,1.0725457321627756,1009.2099754333584,1,1
27.80106198252652,21.232798002987852,65.41349214897305,11.375195442086588,1006.722137861006,1,1
28.45497694749411,12.155024496859115,62.39257278557351,1.2216815006054074,1006.5979115553449,0,1
29.5066483755939,17.928886335421442,60.12933464916375,1.9246315573691313,1006.3360771507477,0,1
29.62909982897245,10.280350647787486,53.533720650320035,1.4118899084754266,998.9029383471726,1,1
28.156428903151475,4.815350078623119,74.36684768572368,5.622024246141018,999.2791936575467,1,0
26.46138668210194,25.17611305061427,59.771409547761564,1.7881264767374836,1009.0956080261816,0,0
27.930717351543272,13.769816282003646,74.74755159624988,1.2194783469641288,1011.2433442342729,1,0
29.81990845829927,8.535960625658097,55.83976860203764,1.0184767849417304,1005.0871285242436,1,0
30.48962719504343,6.3618823726350815,81.82112443705878,3.2876743464710807,1008.4539221446822,1,1
30.12634199712129,27.90409008523429,72.65110192767794,3.299373505878514,1006.1959320399554,0,1
28.54074787646899,8.710070212726325,62.59680089682226,6.341691790313016,1005.2677827034447,1,1
29.324832507207315,3.8602088557360164,83.81146795171541,9.981685920388216,1011.9735045558105,1,1
30.47392731201378,10.421886117883604,50.78881509246321,1.946466933547402,1005.7285650449232,0,1
29.008425815529634,7.3953603622133075,57.62045661815225,1.1168426936798141,1007.8841381720499,0,1
28.079109944536146,12.13056294446936,71.5818572823697,4.10629769177465,1006.2424447103202,0,1
27.62848494719786,9.203724724146822,52.44740912472357,5.210098695658068,997.477233648937,1,0
30.799834003465204,23.53995328862346,69.02029508339633,2.9070258346768227,1003.9751429654053,1,1
29.51046616477439,15.046227050505673,58.173350151072086,5.1229305165869246,999.5266552637418,1,1
28.081948742404524,27.762962158792952,78.97055601179966,2.4164091225362547,1007.7546862906938,0,0
30.002999635355145,21.159022117203897,71.76311211946647,6.290690886878755,1001.8948805526186,1,1
30.692623410177028,18.104932896009473,44.94147556058618,6.550369107918959,999.8372682967145,0,1
29.077625096028306,8.395841645146577,76.89698113594525,1.4522253780618741,1008.5974665723608,1,0
28.14035068023322,40.698229969225025,60.24103736231205,6.2264443919802535,1004.1108329409893,0,0
30.48250957390592,3.498679412984903,61.1706555153142,1.5033913729213215,1011.0091272092903,1,1
28.70416934069661,12.968228730858133,62.53108028798941,4.626740480354366,1016.6133106759132,0,0
28.530125673742376,8.344420380865731,57.24351618311891,5.3618723058774735,1007.5393808815371,0,0
29.55911720643132,6.192512208530867,94.57983080719842,3.5122184263838947,1004.6102574315129,1,1
29.47294244700156,30.003868414792088,60.85919015058164,2.1625325249077396,1003.3581614768598,1,0
28.47929606278957,25.13259117674271,59.352000510447866,1.212454667571377,1017.0798542051199,0,0
26.92927392403936,25.161962434375106,69.23155555241205,1.0881580594179554,1013.7715568594422,0,0
28.375412294994746,8.535340011038269,78.75805019609886,7.28745384209751,1010.3496700360354,1,1
30.23857880433657,4.856277965666375,73.53852605596516,1.1885777483763587,998.2138348454849,1,1
30.50821033925684,12.602124798279132,69.0437692440531,4.297043391669698,1003.5656159226761,1,1
29.002282354462196,8.311122832725731,56.91323416084077,1.1579058268364841,1009.9182526611726,1,1
28.315906460852084,12.705069324268807,64.31363314792229,1.4996131030680608,1008.5403819889947,0,0
32.16713590316129,7.815365335962953,70.48018144843523,6.222553137042095,1013.1975835923419,1,1
28.51172129694155,11.398552252744123,75.14676058144214,6.761095009369331,1010.2205534425173,1,1
28.423852907832334,12.669207464304463,64.36904114391166,5.717879100205752,1001.8236906419872,0,1
29.483645123315135,5.514524834172045,67.39634724550895,18.22094041382838,1003.381493212141,1,1
29.03266556903365,6.611411795633718,54.37108528525915,1.4510749341046356,1009.8239641633709,0,1
29.3555166840831,15.711772091892627,74.66754324155892,1.461140782251553,1008.0682206010638,0,0
30.28215853566491,11.38423564735842,66.56480990045839,11.88818370222718,1013.0321409172691,1,1
29.601331217447726,26.94462291001758,91.66858059372194,8.227569097707352,1003.5019155458735,0,1
29.20732846859784,16.3812435336981,72.05026793801429,3.6985848386447624,1009.5470050641214,1,0
30.716664229927723,7.688019640275522,82.75258152563774,3.772410553164351,1006.9522075103821,1,1
28.406098569284065,38.84089225608135,47.052733573830025,1.3014414921952873,1014.0095589600577,0,1
31.05854222557095,17.1728006101283,75.62200444518257,3.540173996646692,1007.6000726747266,0,1
28.111573609298695,10.886508280807142,60.5372543004937,16.068996422824394,1006.1661357888051,1,0
29.350395354228993,7.593593854448595,59.916240090672304,1.8274984501962608,1005.7420968114113,1,1
29.16819037337006,35.47149521379324,77.79529505879407,2.042369734893028,1011.0728381075621,0,1
31.12580304137484,10.994039288844107,77.98959370710594,1.3248079628727691,1007.6027948165746,1,1
26.63494567686724,7.982916335093456,85.49018254332874,20.0394893145831,1012.8293312165405,1,1
29.913999493883917,17.807386880446632,74.73019703341276,10.344757373524091,1008.6835653259566,0,1
31.000662894600687,12.891263228573902,69.40660707287525,3.155171301893913,1011.8004272958467,1,1
28.21761499879305,18.565704673419148,60.42960434476046,3.374799373987839,1001.3405845338199,0,0
28.94923960713919,16.02563276508416,65.41640497461667,21.15369574700879,1007.1275663285453,1,0
29.036537707441205,5.901163391441233,74.48696924591552,1.0654353620705104,1007.1793011952129,1,1
27.711667919384194,6.382541372712319,59.755157623881644,1.8957468689175099,1000.2949623160172,1,0
29.7769553957408,25.901907976426532,81.74639359899157,5.012576292655411,1006.0266156538868,1,1
29.99160390371639,41.66427538984478,51.11637186587506,3.066754757708495,1004.5795724193396,0,0
27.518414081327677,18.756244765279174,72.71627339965671,3.544834427234561,1005.1137640205383,1,0
30.644617686778858,17.03892743005849,73.43189166563891,7.406514148249945,998.2600818752459,1,1
30.542973788343364,19.566130578631498,76.76492954099606,2.7975362617648893,1003.6409804573983,1,1
30.485954449793038,9.285709785222238,59.019220712636226,1.4666101264892444,1005.170986232257,1,1
27.814929260992606,18.27748300483114,50.67686502199698,2.214619756730533,1009.335967147772,1,0
29.381524949629625,20.57033479864321,72.73129181694266,1.731885181659166,1006.6966094527145,0,1
27.994638337810855,24.8894223368595,68.20647893977062,10.353190240377913,999.2862930408517,0,0
29.060217738144146,10.008626583736723,51.98856199209431,1.7611676055572398,1009.5494094887745,1,1
29.078455488998955,35.03601967371273,55.6003970981384,2.7607317199391037,1006.470184055375,0,1
30.496168478420888,43.82701103940903,62.572966751493155,19.171374867582745,1004.6598776945882,1,1
29.756603862456725,25.569900996106096,51.54296960906888,6.463384156432403,1010.2398712762223,0,1
30.926270906326387,24.120330099110028,58.11560269760096,1.392603273884981,1008.2607823390208,1,1
29.37803904926005,20.637898467358752,52.849810288777945,5.577849482986638,1009.832576220496,0,0
31.068306393014385,5.6500023540705095,72.72802594558026,6.356228215911669,1007.4548007335301,1,1
30.30131934540877,23.536266467364612,70.83794597177906,7.753553629848692,1008.3464460832103,1,1
30.62635533201377,3.574195205191328,62.34273351312132,7.7272036416035235,1002.9933015112854,1,1
28.522041913309764,10.454840335297177,51.767181378680036,4.773247709206967,1010.4023804302365,1,0
29.77187373525676,7.917326090796639,51.8883069944151,2.2201792536306986,1006.9937645190886,1,1
29.590908259817027,21.11785713321452,72.07382056547128,1.9248065863210795,1006.9895750759767,0,1
28.296442129689,12.609337322284432,79.53230970289681,4.946413795341314,1007.1072748807218,0,0
29.551063836691988,15.0983854001071,63.0278237511524,2.7736645944513665,1009.0747113501715,1,0
30.92527839120844,17.689764324317775,61.98842050238552,5.49239791038244,1008.1115466290161,1,1
27.83852592508144,19.211248720058506,63.45226944949755,11.17147695798958,1005.0523914982459,0,1
31.039667294225325,14.04114717436255,62.25066014497487,4.823863148712501,1004.7044796464224,1,1
29.38840269442398,12.514820965664148,74.03270072486504,1.8658083711037248,1009.9197363564464,1,1
28.460881683097693,5.436022928909216,62.69452287168902,3.398719580789165,1004.2878094262144,1,1
29.81019025674596,4.918780914844376,64.3900171943445,7.5020979833200485,1007.0375829787052,1,1
29.16232828413731,32.10504132164685,47.6211566937338,2.9843397775957534,1002.4182458110809,1,0
30.053064422808415,24.25113794301759,52.02587843137255,2.9309414051006657,1005.7270278608588,1,1
29.30076270597792,14.355402931497647,65.88127674768673,2.516189186564941,1008.5703027075535,1,1
26.48600956118911,23.862345408143426,71.87429550021407,15.341337370392433,1007.1636616339384,0,0
30.25859171612338,16.88493306718515,53.55162354465705,9.523086185872103,999.0379282042273,1,1
27.9416419972271,20.774213287935336,48.10163780005118,1.7924493686579743,1003.8041399803116,0,1
27.271236460665442,10.319712538576386,68.70680951983806,1.6114494019097323,1008.8780114311922,1,0
28.85343953250031,9.904672330356748,75.24066611917776,10.775161414584765,1006.3569926392192,1,0
28.437360710357783,9.904521557128385,67.42180487625932,5.818494470225395,1000.7217223156512,1,0
27.7067318027207,8.739857569293976,64.4228835244405,1.8956084743239643,1009.0154864814119,1,1
28.46715421818491,19.71166633020725,53.709168702475345,4.41545241574771,1013.3414496216857,1,0
28.175670192431586,45.0,55.5816681750266,2.148101920068329,1006.3119793939952,0,0
27.591329015539273,8.48571951130683,53.743773998605796,8.50281942992289,1009.7681447787354,1,1
28.983654376909026,13.313834382022264,68.79767585517007,6.835794453920656,1005.7574109222172,0,1
30.745332535622673,30.240365398275074,63.194654886282706,1.0530953067713829,1005.0333855953656,0,1
28.753451634507947,34.7326445967544,74.4059989497502,5.352485529080637,1011.443422071582,1,1
28.302192116296716,14.971177450391131,60.27268198489829,6.163075172524345,1007.5103345699771,0,1
28.537606340804327,16.16120591444632,74.08122887005369,6.19342534807292,1003.6882965584737,0,0
29.59828806007791,11.878259920657932,68.32593928566943,3.5116477375854673,1007.3894602520612,1,1
27.81550558151622,13.60702636787276,71.55926306656417,1.0561813777233076,1013.3252588637752,0,1
31.65584945930521,12.56198136700997,52.00303986814599,1.2128167566950336,1010.5600182137375,1,1
26.01874585769032,33.49355672356499,64.54406542537942,3.399470622653398,1008.729649900825,0,0
29.34717334720867,18.336636823219923,59.883848090309876,9.583787546007342,1007.0004922194837,0,0
30.169849973923213,5.509634595817362,82.24003492219276,4.240849861365248,1009.3161500730106,1,1
27.402324225704188,19.487096516085792,75.93966202063578,9.564236912701396,1005.7653853731075,0,0
29.207242656569406,14.278878655035658,82.92084127811758,22.99296065407823,1011.0389755429585,1,1
29.02070044665243,6.097409195774093,81.92967571832409,2.7922511994527035,1006.6630044580365,1,1
30.667321502003986,24.10818086414298,47.810373246791784,1.7227281224477489,1008.9184366755122,1,0
28.846596321558454,3.3999519859865344,70.95327698938763,4.783223725660316,1016.5693067233029,1,0
26.21840333602586,19.343878075286625,62.52419803976922,2.939721280565803,997.803618603138,0,0
27.3737937743178,3.2438134937287715,74.1973278857071,11.613152006768127,1006.6346422087587,1,1
29.20975476910025,10.643707926072674,52.26647660322297,2.2529789571769734,1006.1774474307558,1,0
28.166491481987112,9.939287344361823,54.25709988273717,4.63053766740677,1005.3546018736147,1,1
27.6349393046879,33.70404784326029,63.44345218738605,6.660287837013556,1003.3491077902003,0,0
29.83747377282655,9.287823542485288,69.81242877164209,1.02386368755978,1009.9016900482522,1,0
29.19055820062523,24.43255523204052,69.08330172564467,11.799233481869999,1007.2525465751146,0,1
29.60369732156479,20.63486772012266,67.27209101840972,10.059886756636446,1008.19196010715,1,1
31.892812127483943,4.619538858261588,59.68146507525324,2.672640089625361,1010.0940712506771,1,1
26.392114115355938,3.662620341628402,40.80312112127196,7.311275022551454,1012.6789926746595,1,0
28.527602093215624,31.144905994714023,59.90594429439591,5.7383164767512005,1008.5407262849272,0,0
30.836601632697423,13.176585263832154,74.61632362284016,2.6186592986340838,1006.9355628321371,1,1
30.775233090016098,7.579983015494933,62.44735175106707,8.36865172412485,1005.3964317002826,1,1
28.50111242848724,21.60027206024741,52.47221414581142,5.293111427528233,1012.112620681343,0,0
29.418033300344515,6.858815269876576,84.01935175706784,1.7567269572402466,1008.2939581233378,1,0
27.238730994657338,11.345332325973597,63.619166409587734,1.495174201023659,1003.381413168322,0,0
28.69998916561353,29.41015349853972,67.14341861773845,4.593846664932372,1010.0664082526939,0,1
27.398497555519725,13.374727776163105,82.08131498411137,4.397080751557821,1009.2424417075091,0,1
31.2537102843879,19.238368851694613,83.01474932557001,1.3846447758060338,1011.82463370694,0,1
29.353508526012547,8.783121475633722,72.54992230962372,10.156715636115232,1005.3708797761548,1,1
28.327781888976862,18.84674902536457,82.10628765627104,9.327664448611024,1003.1523379576112,1,1
27.884676269161723,15.87344917923562,60.310927220086825,5.4518849606544855,1009.7211979781583,1,0
30.548043823662788,9.489488590993965,61.995765286103484,8.753664517915329,1002.9135281819754,1,1
28.45611349013058,16.301084318482015,72.56194449394101,1.8883703094677764,1011.6098226348194,1,0
24.40881075627513,22.771126323322964,78.90228751505774,2.949287021891263,1003.3927800791777,0,0
28.72032649054233,15.280035667284245,95.0,14.411747196078837,1000.6826382751435,1,0
30.124861973905947,13.807715526477015,59.50482032326762,19.131549087621938,1005.4773873110578,1,1
29.86195969925716,14.675880293079741,59.587817639874956,1.2655037684415562,1009.5684368290708,1,1
30.019973335123158,8.38711825623604,81.65560386801604,1.3024504397835739,1007.7140354779946,1,1
28.581095457569834,13.979951595118196,69.31709127192038,5.5994285271249264,1000.4905580654853,0,1
29.284782779309005,21.987788328306905,74.6752503036067,10.635519562554705,1008.5999765182391,0,1
26.492609153373984,18.653673649838986,72.57214011494608,3.0770560567556697,1014.1209386022178,0,1
28.003139241113008,5.337206869160156,36.990464972729185,2.8643240097384233,1003.5459564034296,1,1
28.67039262847521,18.55132116305114,79.83762312789203,2.60118112171672,1013.4718347777456,1,1
30.90641973634617,24.737888043769814,78.02646699504884,1.5244696624831544,1006.771254423906,1,0
30.444895973506082,4.673550058470501,75.4822442645399,2.5294747057946063,1011.147111378978,1,1
30.722085434143448,18.971050363433285,72.07945343291046,11.388479399209123,1008.0119808544115,1,1
29.532228953188948,16.3691299201271,56.75798913370937,7.049497660973218,1009.3612810067015,0,1
29.05308546151817,4.511637119791774,78.9607042836445,6.296128842829682,1001.2512492352058,0,1
30.384664203465476,10.72935590996376,66.23906512526197,1.4930327344749086,1005.7653326106346,1,0
28.30947639503043,15.689983771475616,89.30705639616764,5.107417976528232,1012.9649145819335,1,1
31.55447971293493,11.439697020424926,43.74605888041375,4.34221200100771,1012.0518378493216,0,1
30.64807418388309,20.14900634719768,83.20832217885861,1.8149188758280652,1002.969681362261,1,1
26.762515833529164,10.872116959474873,52.78787867689208,1.73378708878336,1004.8639798406069,0,0
31.0358747701587,8.332230328484957,60.706244455761855,8.951900944177149,1006.0026909732421,1,1
31.097024745997306,8.610592367078164,60.65868487598997,1.7506867772149655,1011.125850055208,1,1
28.87131819927393,8.494307089822172,72.07539299755952,5.156144849757728,1004.3305186615768,0,0
30.042550496891558,22.558054826282717,78.21598360816078,5.960197264566777,1011.9148662781259,1,1
30.45140871803169,20.048081304906855,67.70604782579291,4.883845415924683,1013.0281223705963,1,1
29.865447960890403,32.435911611477515,70.80847590239985,5.748758808824624,1002.5494818500058,0,0
28.13098239564788,20.72837548257395,85.77461235229262,4.522669978874513,1000.3162719493885,1,1
29.132369182480318,15.492093869556458,70.50665739572668,5.516125117193462,1004.1460615849065,1,1
29.178538269376865,17.340775521667656,74.63595967990925,4.763454861503423,1009.4507456712573,1,0
29.11463155508887,19.4771343532369,45.1920942299238,6.389587540580225,1008.4497944353515,1,1
27.03188081446425,28.377968923893526,47.26028043276208,2.485431761948911,1007.1591210904306,0,1
27.036968802742336,14.83175060651084,52.09236908512623,1.0818258107233905,1006.9736816540318,0,0
28.10100203126489,28.72301343545248,68.24148098715239,1.5105961886693784,1007.8810958869361,0,0
28.464749609687857,27.392390790976915,76.22585862197045,8.770197342476404,1011.062448237043,1,1
28.009784763983593,22.44484892607944,70.74945612221651,3.3474646090796902,1009.6280825166198,0,0
27.709240431019552,27.19396856341848,57.927397952969585,15.254246355944863,1005.0094705819633,0,0
28.13027783515371,30.531102620616313,85.43738583544686,1.8917083033554132,998.5042743744164,0,0
26.408627400725575,7.386524290210352,64.77245528329748,13.347046867897665,1007.7011743022325,1,0
27.830668121822807,11.338340941094916,59.08973068883493,6.863568061808479,1011.2952032184783,1,0
30.411726398787888,3.7005500772650506,72.67021608709214,13.654493981079604,1013.930984100259,1,1
29.704484756129798,24.159973411545597,56.532894756328794,2.5188804017628232,1010.4742513627642,1,1
27.583403398506174,4.200815548836078,70.9194097687561,1.0107399382920883,1018.0,1,1
30.850812238681193,23.78303762781557,59.91497560113132,2.9092988763602667,1007.1596652448078,1,1
28.480655003267195,22.777385440962757,65.40020814434762,1.3841210971658955,1011.2890977169999,1,0
29.566627238917054,7.8556165686392365,55.041302762844424,1.0439108644602553,1002.6850067918951,1,1
28.15977869358332,7.554216286806216,67.70113618532895,8.755641329894587,1009.2531476199572,0,1
29.054083995672894,9.72779773304671,67.7659632092904,6.598069689802653,1003.5930515768968,0,0
28.049295463161634,13.662788387155434,65.7319235342194,8.194083742873268,1007.7742316159574,1,1
27.47529539412803,26.547914116396253,74.95374599868703,5.291188132405434,1013.9321144939148,0,0
30.56693279750161,6.897041911782562,69.61836056248309,4.165042612674146,1007.3891456124379,1,1
31.36603167872513,4.907277005419781,63.873163267468286,16.419191070958192,1001.4426303180594,1,1
29.39715730064063,18.353996671822962,74.898230952744,2.9280691761193873,1012.1327089031138,1,0
30.6680698935365,23.135007927309022,67.78383992147322,1.3621390399252822,1007.4408295189252,1,1
29.261941097898966,33.63331465763848,55.282067719236366,5.29378294851164,1001.1453608164372,0,0
29.758142176777728,11.365112389443158,30.0,3.4672273420252986,1009.4659534991528,1,1
29.188639795738826,3.18010041100453,57.68936868368067,5.44493638329479,1010.5625087047607,1,1
24.763403009151098,26.96629211632414,73.53478973466497,2.9922737988282018,1004.7276648857892,0,0
28.628019327002256,7.758539019738928,51.18297056461984,1.254895232108123,997.6871523932908,0,1
29.608736650095373,8.179326826642475,80.11657721052646,14.925662091751636,1011.4897012537027,1,0
30.53217260541956,17.439757771700766,89.46827289090811,8.361352785249395,1013.645125157726,0,1
28.991281551708166,13.00328929053396,94.05124847501737,14.851432933190315,1010.327050391659,1,0
27.881621855090007,11.182249656656458,68.80821557336937,3.123368561883371,1000.8087707341741,0,0
29.569886077591534,14.73768321262973,87.69574935897535,4.975068329102848,1003.8306787578977,0,1
29.633200156005877,14.097757692097955,71.381841032199,10.353789514618558,1001.9505369092036,1,1
28.818889977683003,14.849657975714276,64.99449675204886,2.686666662707141,1013.1586184433366,1,1
29.522084733906716,38.2680532722902,50.15930135122422,3.18642036584555,1004.743549844852,0,1
29.306614276636232,12.197308175958634,87.40273653618713,6.88297237865794,1005.4303856554006,1,1
27.149991135033673,7.480622618613939,69.5383409813135,2.702407728440617,1002.4125253950048,1,0
29.449544946704926,20.012711405836498,74.80982874282776,5.684999715865648,1008.1978772724632,1,1
28.88909327441809,8.830545571684247,60.883923789007724,2.7161179386418555,1002.9961662443649,1,1
30.764958162065764,16.994712597764426,85.71157633810952,9.061225457883669,1010.1919534724015,0,1
29.351599307743147,10.452624899629232,49.85247162018183,1.3335350310675587,1008.3494599965912,1,1
29.42806225759021,12.602313002462562,73.44989486230227,3.6519842547956936,1011.0530973381108,1,1
28.463764389017772,22.845392201732963,73.17504526881297,3.548524248116228,1004.4148471669919,0,1
29.551575017504398,9.615836521028573,48.94143498039671,1.9510995624644538,1014.2209866505092,1,1
29.125503574602263,17.755002996188523,62.58843262359558,8.333399795281503,996.3084207486211,0,1
28.063214881243496,5.720578803283344,76.75058219516944,4.284773143499006,1010.1971812752961,0,1
30.228088411603935,18.035748245243266,73.6543499963882,4.288201559551085,1006.0133250434684,1,1
28.05450751188673,4.745744656736878,67.18445136602219,4.578411921920991,1004.0534387804762,1,0
29.510852149967906,7.332740286746491,64.63371903081138,3.8225919620492124,999.6912807020553,1,1
29.107560327530148,19.246188981920064,67.29725539345935,4.07307620544399,1010.4565512745834,0,0
28.276089592507628,10.632139691851647,74.28695985266128,6.177039212355577,1016.6056581093933,1,0
30.41372925093804,7.414578331830145,62.317692436612326,1.734024601235368,1005.4949833102852,1,1
30.06722651621075,9.219638861482533,70.31340804306194,7.268171713082027,1006.736673430216,1,1
28.461948241393454,11.441723015655061,95.0,6.297349050247449,1001.4176630897313,0,1
27.9834474177215,16.352357537159513,77.65264138823012,8.768172502821786,1007.7047572745688,1,0
28.946682134973027,7.16079744387434,60.8102108287685,4.663397929703436,1003.8769961324001,1,1
29.012198801157016,12.850517759836432,77.53455221100488,4.387426766183414,1003.7655425831222,1,1
30.41981974094285,31.86317800555733,82.55424486541048,21.053920926676938,1003.0629028798447,0,1
29.476304934362066,14.208198341873514,79.30366559110729,10.481041497284048,1009.5606128241802,0,1
28.900273880102368,8.215128916975287,61.57684754587592,2.2477350238979423,1006.9122143518368,1,1
26.489425877513213,22.607814923346844,71.43665238488894,3.8340393747302333,1009.972246974077,0,0
29.642398812908784,9.882322091610233,66.75826510897397,7.643274683131132,1012.2051976991237,1,1
30.468308586672975,21.326613097978388,74.74523408039589,6.412786160455619,1013.3464582389224,0,1
26.815523311450246,11.390046778381008,58.97818776454316,4.436102371936745,1007.6567762624452,1,0
30.800544945603956,10.273231173762236,63.67788492988511,19.72232367418124,1008.6497193825106,1,1
27.996598451833886,18.55260291960542,57.850887098076974,6.948880303713529,1011.129390480669,0,0
30.412607411570082,4.0121804812789525,70.20272743896693,1.9304623058358068,1001.4399051137078,1,1
28.321440227707395,16.829804673812113,51.1612720335973,5.493441322152554,1003.0490740771613,1,0
28.29814540018825,7.299689350306469,67.6520517855039,4.497502661935291,1012.0769311751169,1,0
28.290895190291124,25.621811849003024,79.63857448417802,10.097842076595457,1012.6564439491865,0,0
30.353284907217212,19.056905891407684,70.75357556095595,2.2535573606380135,1007.6771501672035,0,0
28.90089635068739,22.335923096644855,66.23069058095369,10.80485028620011,1011.8350717633905,0,0
27.998234047593005,11.789092292037989,52.568414160446665,1.3117609327915425,1009.1928929499413,0,0
30.927257680765518,7.9477093239815,65.12424044414487,2.1075321975930477,993.4243419473335,1,1
32.43591329910234,26.365022311763962,82.52863044478603,2.082006274298977,1008.6813534642059,1,1
26.144864923427473,11.378480784152073,63.90343067540574,13.4906125674416,1013.0155333808357,1,0
28.280272707375467,20.739054681281868,70.10869655641996,2.9537434628383576,1005.5555341357268,1,0
28.86049580545877,11.107819919839185,57.08000476863657,3.9713515011463967,1010.5745101499824,0,0
27.199621268112498,10.763251811318614,70.98094476265378,5.598309852581185,1005.313727683841,0,0
27.791850125214257,12.424024050581652,72.58068788114562,3.0269466284381474,1005.4880650104429,1,0
31.206074446329993,15.029582083866345,57.289014373445426,15.332848845598228,999.7536723861837,1,1
27.12814946006508,11.539668822865636,78.02939379119368,3.083800021868142,1004.5412609771312,0,0
28.74311097267975,19.814454830640702,76.10465127303284,1.63063270431961,1011.6628313644098,1,1
27.44964684317297,5.778866747112862,64.18770331759467,2.9489410987510185,1008.4775756062747,0,0
29.308941446126052,15.33513857615049,80.14437154678815,3.6419919815219,1004.7437764345613,0,1
28.659168290950973,11.7162909187715,80.3632540696074,2.5920433594779624,1002.69625519225,0,1
29.767361463723304,17.431175798934902,72.12469613069516,1.1060237153090828,1008.5846034638937,1,1
30.92627945450873,17.07854780715714,44.40471086114924,12.067119229147147,1016.9127385906235,1,1
29.207910616070034,13.031042700145505,53.28274682420564,7.419667877325843,1011.5140419635801,1,0
30.17076148201341,8.763664640735673,66.51204262533982,5.197953239417609,1004.4866996151512,1,1
29.15504427735274,26.55476329487842,63.67135481701689,4.265212566387807,1004.9566711853173,1,0
29.331131156398147,12.779356046425255,63.1008186800526,8.568600264572655,1005.185076537375,1,1
28.738620229282162,15.847929790306946,54.01108336626845,17.31931318755791,1006.4923683046493,0,1
31.123641641092505,14.792301860136275,65.3158988674642,15.505113142665518,1010.257951974358,1,1
29.087333408502285,11.248887956189284,50.566053939575085,1.0916265106628427,1003.1422256945908,0,1
29.068124645622618,15.95353729209977,78.98381978509252,8.385554850460679,1003.9163612220376,0,1
29.31855434196062,13.243637005235241,59.06491538079711,4.409840400770264,1007.6667067802241,1,0
27.64389085115874,18.155899026247145,62.954884930964,1.4105449824433594,1009.227342142591,0,0
30.990331308524443,15.068989699296877,75.40092828078207,6.67891862029237,1005.8072574306752,1,1
30.796872183103122,12.866778643448253,50.44313512672165,7.617987868087411,1003.0570157137764,1,1
29.706547507149658,24.096115977306667,34.77165342138361,1.8828228266785945,1010.1170877266068,0,0
27.76971118169103,23.0900235021716,89.97208376572559,1.6387939349685516,1016.5075973318259,1,0
27.58973283814457,6.6241917148398395,66.46831916625267,7.541300306583821,1001.528539462583,1,0
27.45699233218096,12.15824145678322,56.95400789220906,4.408158191693293,1012.7182934455013,1,1
29.563062916049358,23.834594168615002,64.83507396525664,2.7443836860450084,1006.9162522050522,0,1
29.18954585292157,8.78373369793376,56.55705085980555,10.104763497815812,1013.8778846661558,1,1
28.563162926500592,28.215668974778826,59.019467672750466,13.289977690609456,1006.4740688563132,1,0
29.018686927179125,21.267848439905478,71.23956552825899,5.7573714363738135,1004.1091754571889,1,1
30.953982701780344,22.56363004211538,72.06444631928444,10.075267627975679,1007.5270699690354,1,1
27.576128640457217,6.570340122813241,81.38797965496185,7.652563423718021,1014.4611839705216,1,1
30.438347707362297,9.137321632708769,55.329732315827684,2.1227322089023364,1006.0718372746779,1,1
29.241396773226754,17.005820099879035,80.28290714681904,2.110481157519687,1006.2366966964405,1,1
28.551081899357914,20.074819197024826,84.34053747471198,6.3184335089847705,1004.6740238132544,0,0
29.932974205304706,5.31746741472402,80.60811566374215,13.496656432761487,1007.2649804574236,1,1
27.90661626013336,14.975655456727921,84.65986645505464,1.775590253890936,1005.3432040877765,1,1
29.134881930072464,19.356344338172384,62.83948167822388,14.46074305382339,1010.7189033459904,1,1
27.646727639210027,28.959559736126362,58.874723138309776,1.5587359096690818,1002.5557476880838,0,0
29.117146506171995,11.179692738367892,56.5512878957565,2.1239125290363035,1008.6941873318603,1,0
29.829193639957307,15.5984993415415,45.465612723516976,3.915768269004947,1014.1789264355263,1,1
27.344780243093933,14.410528666236043,94.85758304512544,2.6904504976048735,1013.8883827523777,0,1
30.42947859034961,11.41520696199454,79.44141557871035,5.238680079475603,1005.7377760404496,1,1
28.064046199062442,3.0,73.6672785721584,5.5571698314487685,1008.7914969105547,1,1
29.803533467097072,18.582689464764776,79.31473082683242,1.9460280760336368,1006.787607418303,1,0
29.69174815021547,11.41323873757775,40.81868937320723,1.453361430027574,1012.5668812505804,1,0
28.690707890172735,21.52952618981231,83.5087356624137,2.7809983914206784,1003.3448227210358,0,1
28.819179451653497,13.25682824332522,65.56507229394771,19.574726205078644,1006.6797213341689,1,1
29.927383257610213,23.625456265979217,70.78376394881612,5.219208081126369,1008.1104452908507,1,1
29.480719572619602,10.717467162611088,53.638362128245305,6.553098669568789,1004.2891045063526,0,0
28.044180171337725,3.27138657215891,87.54476289543608,3.3086240365215183,1006.3072543609954,1,1
29.87907383152719,23.59921163166608,56.64406196995648,3.5377420682420686,1007.5336313550544,1,1
30.630130983098127,9.99345496563554,63.594356040486275,1.8635224882075687,1001.805488192619,1,1
30.122968123538833,18.987217576308744,64.34428143174627,1.230681459286826,1006.6392651505579,1,1
27.803728493230395,12.519277802196386,49.20654699736003,2.1628134774673424,1005.509053765701,1,0
27.72964994285792,13.703638908565317,71.71286389807607,2.639149815572071,1005.3902027350215,1,1
31.01126623362142,19.455209812465817,67.12663902093436,11.38291238980424,1007.90597183451,1,1
31.418976012508182,15.83011019789026,59.17315464823214,7.803095060125485,1005.6724711051017,0,1
27.458639263421595,10.63142080863807,76.10360995840205,3.6627845586804204,1000.6764062066222,1,1
28.871688954736317,5.162636646907341,86.82603737761715,1.003173672132394,1007.0966927280336,1,1
28.133232612241684,13.017563335772099,36.681207629801214,12.740749621103848,1010.4726104448548,1,0
30.243771050664,10.59354535899296,80.40813505241394,12.455910091571015,1004.616819557249,1,1
29.46529589150206,30.195941860018845,58.80256800695056,9.749318439294484,1004.9826007074435,0,1
29.887946441067207,19.46072548244178,60.3208657720638,20.71755463139404,1009.783408638213,1,1
29.09462870802559,25.485846109273087,57.32313499551655,5.789015092776102,1009.1648835449018,1,1
28.039832474178418,18.747348496838946,60.083813648299575,1.966943743792586,1007.5938024304057,0,0
29.648986557422617,7.151643794538464,82.73844591627048,2.080820437197927,1011.0517311765533,1,1
28.198589627251913,8.564191281570169,55.94466422951765,3.724785621471393,1007.6777836867252,0,0
32.5,8.240331638281978,78.84744935445362,10.847550000889054,1009.6569408228532,1,1
27.675792985728936,18.545740513241086,68.12018408044149,6.444057298719261,1009.1792853564792,0,0
29.12747279066289,35.82728055935256,62.77221801041379,2.7452842946249145,1006.4745048395351,1,0
28.71523148375986,9.54587428612631,64.42871467661693,3.700725748146502,1004.8167264912873,1,1
28.57333734890951,10.689844979427564,71.98490526563897,3.285278564838648,1013.3742600454349,1,1
30.1375301249328,18.636489416567365,75.30632791750608,5.17536433074643,1007.0607891853946,0,1
26.90745617547135,33.22637397416104,62.15516705626527,14.314675694018929,1008.6438817620763,1,0
29.499494223806447,14.522505062237894,63.576230500368176,14.681594838670591,1003.9307521372507,1,1
30.401726200562987,14.842702574120276,66.37567951241508,3.8432977144615768,1009.1004156777609,0,1
29.528649554448158,14.685681961282356,49.318802466463325,6.790346610487559,1005.2275431580923,1,1
26.462030886529945,28.294603757127632,83.31281236324742,22.40907998386005,1005.6191726327273,0,0
28.95386518617181,14.095723109747679,60.07474647305497,3.373326784892313,1003.8970687065842,1,1
28.020351032523113,17.428988213400476,67.01794386483368,1.5682002437420635,1010.5365897215386,1,0
27.93432136233478,23.831639174433008,70.559697918428,5.284232633360418,1007.4546007492554,0,0
31.165241628980525,14.456740620285544,82.8940291517446,15.057148077442694,1006.0311009385551,1,1
26.543113073371803,3.1017624536944934,58.666246542070354,12.31861898056221,1010.937894828263,1,0
30.84231800344745,14.804637562777492,60.761322768455685,6.328578330392697,1010.3862649764219,1,1
29.90244549395084,26.170678261885687,50.668497853387564,6.448057656072117,1009.7016379306833,1,0
28.132812225687786,19.496224926824784,62.07586210257079,4.944049473180596,1006.6811974954915,1,0
28.656273446095344,7.380534903601941,79.03512416229597,4.252468991212787,1004.7714692344007,1,0
29.475818431145,9.446621716322714,40.635008322107595,1.1287870325921143,999.101628362456,0,1
28.097215720647576,24.0746962540086,60.745547291472334,2.9956473100470533,1003.1289506390093,0,1
29.58303105947714,13.785599698084523,66.01324710739902,1.2562332577504418,1009.9991595135749,1,1
29.543276368070764,14.928448700511478,58.70381375539351,14.278751042742137,1010.4004684121979,0,0
27.19707749258749,7.904232486400796,67.58381289144808,12.805333117072779,1006.5992384194935,1,0
31.093628234094748,11.48499763650316,65.40416351554664,1.8154532916751431,1017.011609340918,1,1
30.919993503838093,3.047325016722994,57.0747634669889,11.737104025607072,1015.6970091160865,1,1
26.602691104865514,15.411724985769194,87.62719676122514,4.2049450935218164,1006.8547711173102,0,0
28.1134650804736,9.923665504369605,41.90788728046789,3.510533781191795,1004.6162685505917,0,0
29.749443306165638,6.988430097561234,53.53570021756383,3.3176761129404335,1007.6349994711852,1,1
26.756503976153137,12.208376004030361,60.55247192877531,1.1385845878381338,1009.1981059547221,1,0
31.558470022021574,14.728653054986353,68.06988869507933,2.617236054404674,1002.6452258595048,1,1
27.959241613649294,25.303503737358227,73.38467467271072,1.070010490560267,1012.8667793341365,0,0
27.348633491105275,7.700903314570652,77.99595102156947,6.2010292048080515,1007.3305959689764,0,1
29.624388251669597,19.90583412607004,63.31312263699871,6.099953172561343,1004.8508372173928,1,1
30.57414936679986,19.41395018372955,52.26054347087914,13.373777573921137,1008.3705275861658,1,1
28.96426000661332,3.2245974083330435,67.49599750441382,6.526958945302346,1002.5139138002027,1,1
29.008156976958514,12.237828700995822,69.14530493435987,7.009399035753503,1001.2709323915781,1,1
27.16184735749282,14.482057406550638,76.00191241616768,8.000257781260945,1008.3683664042813,0,0
26.770495378601662,27.48811794494372,81.38201472831261,3.517159735582591,1010.7191638457266,1,0
28.233276991005905,40.486215861150406,77.03493144470937,3.4971171136160493,1011.9624972743637,0,1
30.238743686060904,12.674932428029384,56.60983359975643,1.1363722499955213,1007.1146517680821,1,1
26.952155715965702,24.751845817696584,67.87667523299987,2.5644083083082467,1006.5962864970519,0,0
30.671274466605222,8.651039600170508,52.11986801450929,9.51621666323658,1003.0911035395707,0,1
30.279665137759196,7.036270747686879,54.77075276817844,7.092719550137262,1002.2476767606778,1,1
28.305499354712325,23.88305971049434,44.77173073376378,3.480026748274906,1004.2884211756431,0,0
28.472949465789316,17.215386374055146,75.25323199998545,5.827721160805872,1005.0212292416096,1,1
31.974989910091786,3.922319962823034,43.068262619832055,2.1046827895639373,1013.0544639253865,1,1
30.81410318107646,11.075110023154716,52.15330112721536,5.235950659414583,1006.6340999956176,1,1
30.645615032779155,23.827294100467835,77.01738738782502,1.8303002119582554,1004.8925571573932,1,1
28.548188668297474,9.496686848246878,65.47483272901775,1.6139395255079365,1004.6058878338256,0,1
27.925596128690266,45.0,93.57451709608797,1.9756577894096865,1006.2691498129709,0,0
28.774528750770582,5.102890493855255,59.87165092754181,3.089602127921066,1012.1918273609401,0,0
28.67061132886125,24.496692601204337,83.11947177786949,12.823980849055394,1016.3167237246868,1,0
29.546691605456477,17.960941554887256,85.74939443584287,4.73009762171699,1004.172229136693,1,0
28.0576655569794,30.724683335891864,83.16049778716061,2.9064112230342714,1009.7291493959181,0,0
31.403907337685567,23.369345581794928,73.30190272315177,2.251255584261937,1013.2432046273203,1,1
31.599073488427212,24.110859003967654,86.71749747159537,2.2782956758577066,1008.0756434848023,1,1
30.607927849239154,19.190902770137654,76.18828415495912,4.423186228860807,1006.8922037742766,1,1
26.344596124960766,25.525473860681842,41.689173686804736,2.2968239990146566,1004.3880168074251,0,0
29.427696790740505,8.043165812156706,58.54458852076934,14.71385499915499,1008.629320576552,1,1
29.019179409308958,9.798823279087713,62.050405623388514,4.483233151356888,1006.5528309731112,1,1
27.393886472006198,9.825640658149446,44.31750908007381,1.7228358354716795,1004.7267413830871,1,0
31.456485238469085,6.366300879091155,54.27085720592312,1.8795919415028701,1008.0017218462513,0,1
28.183002938247636,10.114715561996258,70.90903839006822,2.0317836546831236,1004.9163680389364,1,0
28.37177776184664,9.783813579729811,47.677996464627206,8.61857449946503,1008.7076771930105,1,1
26.83730912397253,21.694936601752936,44.31891957048944,3.362151212054025,1009.4509500955107,0,0
28.75371159204405,9.509246777374049,92.7737158015754,1.4094165893236026,1007.3738404322434,1,0
27.82609271543675,3.0,67.69653544554079,4.792363876410809,1009.0796200621742,0,0
27.76307280741797,6.895215298287812,66.4791412629922,4.763838815332409,1010.5411644866723,1,0
31.218533770022695,41.6098493943367,52.260009177585324,9.591090591569648,1014.1382149061767,1,1
27.33129462333023,21.713446375137725,51.99870460657159,8.801828459517074,1008.4061400570897,0,0
28.5130758225,35.31388060470205,84.10725910582329,2.3846610681414404,1011.0466146809158,0,1
30.111080728616795,34.965555589589755,70.61476867876463,6.51454745050548,1002.0979917540566,1,1
29.58855350278913,13.40169500425726,95.0,4.770885275612954,1004.2607593804144,1,1
28.87727969623921,22.37783899486639,59.470358209862354,1.7925232677613165,1006.3409702246051,0,1
28.527314297713517,20.138487167313116,63.06985793833855,2.8899546698908067,1011.0712691458976,0,0
31.622448053776402,16.567667531108384,73.76365545849814,4.3529195385448896,1010.7167994406307,1,1
28.891488381572756,33.888293035361386,79.78246500843396,10.224602490033094,1009.9716244443774,1,0
26.76106108230441,23.85964902386549,69.5654411025106,2.0482461170609505,1014.6803576817058,0,0
32.14654879305635,3.0,53.85857757139475,3.3041385103829333,1011.7482936386277,1,1
29.750690075382263,32.42337678153177,67.84944866100433,6.702130839157776,1009.6056225926937,0,1
30.769746048859677,15.289064813566286,68.67355344436727,4.093938076684548,1004.0517770723138,0,1
31.08180041586259,23.455976079960415,81.07522960815183,2.717165994258554,1008.3454660521031,1,1
28.42813188109271,27.53815507957015,58.80468555911652,1.0559980696867066,1004.4278333436442,1,0
28.42395518350592,29.963492457905218,50.70823021569105,2.5374282367096703,1008.660496656384,0,0
29.78097040771097,13.911653668212063,78.64771452827061,7.012302530600278,1007.1224578591934,0,1
30.33232404351782,11.911076304892239,41.94899842732975,10.112524869283297,999.3669223780848,1,0
27.166876355417003,21.93735120134032,62.40172488520142,4.311857676148106,1009.5944480999356,0,0
28.945488196076287,17.93303827996,69.33093288091527,3.8037803867459368,1005.0644549835231,1,0
28.969249937784703,22.69211641451356,69.49320435256833,3.086977440444494,1001.6724132557656,1,0
28.670824385551832,15.565443403863915,44.23605455657153,1.4426964142929113,1010.4238907871777,1,0
28.319461846346368,10.971301195928138,62.652683404733,1.6030846127885994,1005.6661872958971,1,0
28.23630753643839,5.593293638313997,61.19185817951252,1.5940036831164606,1006.3510560407121,1,1
28.096132247943455,8.564523682634475,76.05808487669242,3.849630616253042,1001.292663622014,0,0
31.210957216085458,11.160661530383726,57.249021493160875,3.257248071447219,1008.7464239650561,1,1
31.171054980604758,3.831584942109662,92.93141220217757,6.626603237025596,1014.0188769584228,1,1
27.876641680784623,19.193382802316396,87.97575843720763,9.13796598228002,1008.5718864523873,1,0
28.840111114556667,23.011076813874517,66.82959255477441,14.06265728340234,1009.6479599918558,1,0
29.8105272475805,5.206810470660101,59.05261330682153,6.436223567583328,1003.2195126190144,1,0
29.269252941269198,12.584673764938337,58.50000433483564,9.811605279096968,1009.8440404408875,0,1
30.806172171928612,8.042804815722072,63.373659503541624,2.9754382005754545,1006.4662606551242,1,1
29.385065775207803,26.965534497373184,83.45233295821006,8.455966795292802,1005.1833874620946,0,1
27.01846555696525,14.437467525830511,58.198622260873364,4.747558932018538,1011.0067739071009,0,0
30.482207471316208,7.0175639425502405,74.79019619305305,4.055772349176349,1000.2379735997533,0,1
29.3242523842665,13.676012545908447,61.83033373040728,4.726650206957489,1006.9391014957117,1,1
28.543698396111388,26.80495994433344,57.685330712573084,1.7642453734393557,1004.4116138742803,1,0
28.38737534709012,12.31754752645668,69.9798456772902,3.5579060894125263,1001.4858779987472,1,1
26.458351462994273,25.704646570258973,56.45740439833534,8.928725095577828,1007.6430757439715,0,1
27.409723155859485,12.244693822885884,62.13270293408282,2.338412144711102,1004.477456749239,0,1
30.292382130648207,23.472059867694885,65.8497770418387,5.212289372803642,1007.7906251700682,1,1
27.930024026595195,21.66123291076466,86.14997921010648,4.37705884788198,1007.9481106087877,0,0
28.134354654040894,8.35224527183998,68.81751747315082,1.3008211095518558,1007.2570614864549,1,0
29.044307686557506,12.989466019611523,67.07806548092003,3.027091315121477,1007.124283357428,0,1
30.201057696443993,11.408423710514853,71.76767928711566,5.8296935953953515,1007.9804937206708,1,1
28.358429492966,6.701658457201275,45.73458918532019,2.137873389762728,1009.4167163568154,1,1
28.982211123819223,13.651413540802922,59.676923832520075,7.266291399710633,1009.1113062109903,1,1
27.647398920697814,10.208666851078513,80.3457598884568,7.996814095799486,1007.5183595721079,1,1
25.986619178474484,19.2816674171996,80.8769569276711,1.0897310782907994,1007.2271861554852,0,0
27.00121950103025,21.496928725056165,72.96778581848481,2.815279267114092,1009.520667556468,0,0
29.573104226738447,8.646106942458966,57.44196961633918,1.1116358035177347,1005.0951162619693,1,0
27.858009895615137,21.446947363089947,49.075180787926215,4.053167643551349,1006.2808435669882,0,0
27.601530773887415,13.203402331302177,66.73028427174962,1.586380890248018,1001.7565665981516,0,0
28.63735068142133,15.660979364426591,46.876033846019844,3.03574630077469,1010.0412702272359,1,0
29.491671310604183,7.058639907738833,66.14269191275872,5.764368372729438,1004.7406181983446,0,1
28.628179989567563,19.392177195608323,66.8635865854242,1.4885631952200833,1008.633030824065,1,0
29.920274952230255,6.0199478412606044,76.81543648543129,2.736438490117507,1006.7162967164501,1,1
29.12272855579092,21.81481529560916,54.24135706432364,8.867254358270358,1008.3566091946017,1,1
31.3754586302365,37.16503727942256,59.425635413289285,2.608964136210045,1003.3992495026756,0,1
30.53511550232445,10.591659605447818,86.40974684061396,11.959597522406739,1008.6383075572569,1,1
28.46382734233467,6.418446642196872,62.511851325464534,10.713095261160127,1014.4643984969331,1,0
28.51471595437819,14.348925057945602,74.3390533598799,1.9595519041245253,1005.8546107622931,1,0
28.223925237791263,11.377715313143323,68.75807433323139,1.8555400214535944,1010.697542791043,1,1
28.881033957061746,43.12362771438818,76.38963913480374,14.716080139350497,1008.610637004791,0,1
30.74684906244379,15.029695831857671,50.22009724092526,3.0175118163857313,1004.3197765658914,1,1
29.968168718424373,22.19722783618303,51.06493133791213,5.88177691638125,1003.3321169272649,0,1
29.765390642016172,7.268918942465866,63.8526630089961,14.983497052555338,1002.4173507080698,1,1
28.20129482667845,15.222697048197826,95.0,14.808091593876533,1007.2962731670988,0,1
27.86597684543721,13.971053863103014,59.542803640997036,1.424211011531947,1006.6034594845294,1,0
28.923212096938364,6.354489338105702,64.32780488732402,2.4206086402964164,1012.5756936556652,1,0
28.221210873267868,27.4469718949356,69.28624452273084,16.818557440548858,1010.4304658619051,1,1
30.826316187704407,6.270397130772909,74.08484649519777,7.264385886991641,1012.0068114235168,1,1
32.5,7.833305872765345,81.8150464874606,2.608180189845295,1007.3420484659084,0,1
27.04634982095642,23.543828081305772,70.40343729754154,3.4857414607441,1008.8880205980317,0,1
29.622826296502485,16.070672576773855,69.80388663914265,5.9144431539722335,1005.5156371051769,1,1
29.97934814887238,17.35914038664381,35.98689878867477,9.354488332682635,1009.2545620153151,1,1
28.606150268981647,12.78237664679741,74.02454738559614,22.600037749296032,1011.3310464599813,1,1
28.69471443681612,4.473739090132918,58.26169572473269,1.5675180128003945,1010.9584159499739,1,0
26.377936702450167,16.837507826260726,62.171167424143704,1.3668655170368431,1007.2944723609384,0,0
27.308462963416,13.681041657047778,45.19954490545042,4.595351916103081,1011.3580193737178,1,0
29.256529492048323,16.968529671735862,64.54223732434173,2.4109794955062975,1001.9526863770279,1,0
28.322603920289243,14.457464437072527,68.71645327246844,10.267899207835873,1012.3449348014373,1,1
29.129212343145298,16.17050659218156,53.811809949126896,10.763030138820891,1006.810913511822,1,0
27.54263813242916,5.842681927724278,86.83417723150359,3.9671740320701323,1006.3352339729556,1,0
30.95998484671456,22.42386170010515,70.74798757614982,1.9035467761954696,1011.7242560444273,1,1
31.485581982148222,13.336791975421455,57.35222761473027,3.4707511279887426,1005.0595397460654,1,1
28.731938522571404,7.080559608470005,73.4989234601606,6.725795893911049,1013.7517579580132,1,1
31.28897614323889,9.557627029386676,51.55336456687159,6.892604906005334,1010.0763942618848,1,1
30.820784931836265,10.401535175877848,94.74167473043094,5.505784604020047,1014.7220746701856,1,1
30.235587434496388,26.847487758933106,61.1413740776887,2.3561566997443073,1005.0078332152225,1,1
28.178682829107654,22.487607257486168,82.35999725941082,12.699234200612002,1008.7491030516463,1,1
29.28995277102585,24.744809194194506,60.80733242952082,3.427975989391145,1005.2074007230777,1,1
30.340975699624195,9.621230249787573,78.2211896254014,1.4341085129572462,1005.6859147299991,1,1
30.56252387481762,17.196347664389503,72.67983033960223,6.57100595795592,1010.5381214019507,1,1
28.864028343822472,22.028712266730132,71.99656155391295,25.0,1007.3429755149863,1,1
28.20203186965073,13.121755218275759,69.29050284992115,1.7116830260339553,1001.8381977406939,1,0
28.938735148088494,7.960972629191609,68.4360672833304,6.358507162402116,1012.5012345736153,1,1
30.143768864504132,32.56144981607979,70.32631305845791,14.292806697129741,1005.3608798764828,0,1
28.13481821824988,8.776722709290421,72.79231175475987,4.099238001635212,999.7081640542644,0,1
30.18867606081347,9.114496882270569,60.395662743497326,7.987412359188141,1004.8387201799657,0,1
29.211570205866348,17.10040225815423,43.75408195370542,2.005698961556962,1009.3564786328453,1,1
29.655101994286852,30.172937948493164,65.11966584037633,2.2427034819563314,1011.0801212834652,0,1
27.86918080800512,10.089942746447734,44.49674483312615,5.924535714677342,1005.8503791169882,1,1
28.301093950639725,21.41674441520798,76.1218709582703,9.627085277402433,1005.8790067122934,1,1
28.117511228188583,9.250393589467969,54.78707050852529,3.015689946468348,1004.2822490645625,0,1
29.8660508750762,19.34987904545642,55.23496365375887,5.098658144726032,1006.8831040189764,1,1
31.07044650190451,19.17393169142331,85.31281435454659,14.43551755347253,1006.6855224090581,1,1
27.00862963351086,27.590109250570762,63.81028859442513,1.0580005414433,1014.1739021425624,0,0
28.237089461794273,14.825585808209215,56.28867507505785,2.3352569191949306,999.4904569284603,0,0
27.92017384313699,25.380075981718175,73.06860680699783,15.84666011219166,1008.4037344374026,0,1
30.047717415394008,12.680287924739918,90.34902946291122,1.9361950038186113,1008.036717769157,1,1
28.63665920886012,20.62965907510625,44.88961669951796,1.4260230761115555,1008.009143341193,0,0
27.538155094838245,27.83274543415704,95.0,4.998941993954478,1009.9753615561659,1,0
31.584652689530177,14.118532560925539,51.10447747875319,8.619136613343422,1010.5272437300355,1,1
29.062649418134296,8.253736738964955,54.93299277472498,3.1984899878724056,1007.3740014807272,1,1
29.265783475096423,9.596156183738538,54.97271593095192,8.58523719504775,1006.6702724154696,1,1
29.16547818417268,19.073153845108003,75.28553930428043,2.698088039563359,1009.7546950262976,1,1
26.320444333198758,7.124546348944261,67.37768517585934,1.2969736764371251,1007.3855109921724,0,0
29.041415893164952,13.61585799067623,71.54084893123112,6.072199993436103,1004.9564825868439,1,1
28.600446056051098,36.75580425011689,73.13939015388763,4.037269868210727,1002.1198790579275,0,0
30.275468514972616,15.167046887084702,65.85066221184849,3.1334206019743074,1008.977535735285,0,1
28.319696666911682,6.547627998800789,67.34434455576547,1.2796715216712888,1007.222043296974,0,1
28.495570252188696,11.606131554963982,83.9263172437537,3.7539567319325027,1008.1540065828646,0,1
31.642879804413912,7.1016169920941214,63.71896965016807,3.356589060129892,1010.7231976431613,1,1
29.737454019100877,9.369313775557487,73.01485414385205,2.413149650288851,1004.9017919348594,1,0
29.162001523114448,45.0,72.68025147313242,8.901182732378963,1003.667758517952,0,1
30.243378828513386,21.2154499389808,82.88033914211556,18.088190073189647,1011.9518382265666,0,1
30.568346699313416,8.97441559811799,72.40960224002022,4.4218837150087476,1012.3720649472931,1,1
29.50333304191077,13.651656073824379,94.50089324076478,2.117920346778853,1008.9327141497399,1,0
28.501440244775935,22.64748331542621,85.2144005211322,5.642998197890738,1012.9529308699912,1,0
31.869373412517312,8.211721108511464,62.566104434862545,3.9167093980732255,1005.0259424403616,1,1
28.194851323806894,14.451371023976096,73.39202063225522,6.469868758604562,1003.4197537609657,1,1
28.15684568567203,16.610173606868276,74.815489193199,1.1295119389368762,1009.2933362989851,1,1
28.877082603635255,4.587582099222136,65.92194955081942,1.1031022452222619,1008.2524475714479,1,1
28.7108841001655,18.415205082641425,80.18358322186612,4.765572901554734,1002.1974332374041,0,1
28.640122323942027,14.750946287033846,65.95952018330648,6.9571887680545,1006.7698846768975,1,1
27.549968245807996,10.336774593795816,41.69241310182867,1.5195154380140745,1003.8890195853347,0,0
29.726798313452115,13.740883513937666,78.87145412144639,5.763265102263411,1003.944603179683,0,1
27.785982619283196,24.009759300854444,56.83276362006508,2.3339642323642535,1004.4094448050288,1,0
29.033146619443748,21.348259676498095,60.6156473748068,2.3541756785136103,1008.7946268433051,0,1
30.205060628483064,16.808198035405674,82.48182297571184,1.0553817046026899,1005.6012363510113,0,1
29.459169997824265,14.387130413314207,57.862890228608535,1.9635718328222675,1007.4291164516738,1,1
27.795557398543252,9.19412911933351,57.61113525923668,10.994792552297065,1014.9077134278276,0,0
29.081288840085104,13.380350174052328,60.91615971283544,2.9929367923767156,1013.071261296797,1,0
30.04870745017469,5.7766171052990085,81.46148588863242,3.60115749226428,1010.5348936112862,1,1
26.120520476727947,17.009024975502317,65.52507086030963,4.897603746591008,1008.3231277224367,0,0
29.469436856912107,5.138530735624071,67.0492546726783,15.447676294018788,1012.7420337956327,1,1
28.66621824038022,18.45092740537515,74.03743738354473,8.342479256776258,1004.71283360731,0,1
28.708296508398185,13.956378533504711,77.41255483900058,25.0,1009.7354095265023,1,1
28.733979958147067,3.2983579717350877,72.6281002020608,10.666219588830607,1001.9251278057264,1,1
30.948773353107054,17.394320532495477,51.583424489387426,1.5025159506383097,1004.52639195706,1,1
28.54624536709955,7.471247407640309,82.41207834514489,2.083516160632609,1007.997215136697,1,0
27.244619963006745,9.403831311966739,72.23574289701733,6.581460098390445,1000.5242603512479,0,0
27.970900192831525,17.22662653236408,74.81029100364599,2.7076324223991675,1010.7575935157523,1,0
31.066397424122975,10.394924438774376,88.77502771148677,6.594161241671446,1006.213964804179,1,1
28.120856817794493,13.075026635661574,63.00837212218476,1.1620895353530818,1007.8179387383605,0,0
30.745425771083884,7.042719822235914,62.59164584216972,3.229260872827721,1004.7838869181835,1,1
29.11349687752388,18.186624903034357,73.55357714314218,10.014720256606296,1006.7115253802874,1,1
28.318545719386712,22.197823993798163,56.35425747762852,2.5792475333755274,1011.5761103358058,0,0
27.30933396883767,15.469356709698326,54.927334910463514,5.993806547994875,1002.6382233181203,1,0
29.224223195126203,11.785438493505518,60.66422794217512,14.613681304067919,1005.2847377868488,1,1
29.82199482596887,15.641911113249735,76.70975106918232,4.692897639052198,1006.9946189805066,1,1
29.964579595354927,45.0,65.16547062825586,9.408423826509459,1010.0131066318393,1,1
30.758040072765155,18.421888349158284,43.766620699187136,4.285912716155045,1002.7649831611861,0,1
29.305453919903638,11.201764644505156,55.892787850865766,1.1877591862656625,1005.5430093287657,1,1
29.96277369377816,9.146636526423894,60.50363160445117,1.7665308608410888,998.9564545897033,1,1
30.32526004730053,15.701295816678474,57.517575051399795,7.242130950366234,1009.0809164767645,0,1
29.620931729035057,20.83664192524269,76.62501491728196,21.69355860212766,1009.822772125162,0,0
30.913823103042617,13.584307635067495,76.17129251880557,13.170603446464554,1011.7130987222191,1,1
28.444835551379402,8.560156176108272,72.3034424816903,3.8050088305767993,1010.0122104494533,1,1
29.90286088170415,9.725219898462674,76.35060826524465,1.6112863855049668,1004.925021892674,1,1
28.987492176587867,11.457425468648035,58.30190498962676,2.43573610783063,1010.0897016443489,1,0
29.98032773664061,19.928380025880628,58.15997642605213,6.249592581406957,1005.8088298477385,0,1
29.45529506595978,7.350140661652103,91.70549032589452,6.342916624097272,1005.71294191335,1,0
29.667925003104312,15.521441253542028,59.40272125027661,5.016342940318175,1002.5601571287751,1,1
29.68784730274167,24.719201819130742,57.537318023499765,1.3761578827467909,1010.343170001483,1,1
28.977028665387273,25.228074382662122,52.27776512784951,2.5030782157039955,1009.3281291554912,0,0
30.933427986036616,13.158105685364422,65.14563599737089,8.953566117391984,1001.2852361465913,1,1
28.004348819658475,11.111393193088771,57.432714493506005,7.505694733496286,1004.9514478734579,1,0
27.196368259475523,3.6094374589938747,82.80696653109113,22.827399324963473,1008.7351762968806,1,0
27.04405302259323,11.001131163650182,64.6321528701788,1.4545320507620394,1015.5167013866954,1,0
28.355404546898036,20.069572629865796,95.0,2.7641790849269103,1010.5156520577572,0,0
28.616312390759344,15.961306030165014,69.27720602340943,4.4612977261938065,1008.9260127790906,0,0
30.124374886752886,22.884571531106285,72.99009626809436,3.7178372101187795,1001.5654494904372,1,1
26.68275071548152,32.48969978463804,67.6963809372445,1.4400910357794117,1009.1650650748377,0,0
27.712695895911082,15.396048565074132,70.46652104646932,10.119670321971718,1005.8282854596839,0,1
27.970489728620063,15.37078295711843,59.59607404367429,1.3267580340155067,1008.324186043883,0,1
28.32370278253147,8.347204984429128,60.567325862744134,1.183422277852309,1008.207889974447,0,0
30.320975213464955,15.357092126483893,76.24159544562696,3.250205078556741,1008.842348468456,1,1
28.454387081185427,11.097470774335536,68.82413390952514,1.7931517548285725,1011.701087550752,0,0
28.250917253981743,13.486288579107674,70.24039669216029,2.392987921234427,1011.6368742288657,1,1
29.499804013684077,19.695047066697647,69.33888866062736,4.701421561168773,1008.2082300293099,0,0
29.186884806289513,33.38929672765303,69.35238210856359,2.540869871692284,1002.8234858378516,1,0
28.808498070060896,8.724418605977368,52.21844310192457,11.295217299515036,1004.2642653738789,1,1
29.511153105538707,12.484373724696637,75.23840410797065,4.181964562436948,1011.4430419168833,1,0
29.2152028017626,3.486555774211415,72.03705395563873,2.0511586470964174,1002.9668740996217,1,1
29.19705277722862,8.116504935513902,67.0655113678437,13.661839445689338,1008.4293491646964,1,1
29.764928825723526,8.65291231159082,53.07031779119305,5.005380420089248,999.3328240744423,0,1
31.301393250188468,10.264471244962426,53.31764937620312,2.923966784677987,1008.8173276828976,1,1
29.62117087689372,13.580334138691637,48.03728926504181,8.314675744700306,1003.485611174919,1,1
31.864582428103912,12.979870960989269,52.78330280965493,8.776756028803728,1002.2530607104898,1,1
30.533262267402467,7.853640110123436,53.811189981167175,9.111383256096198,1014.31488129043,1,1
27.531651105176337,21.040855859234146,81.4232429288107,3.9609105448374704,999.7101453599714,0,1
27.820947911010034,6.977522520278243,82.398306394339,5.312501539599578,1005.9269930145126,0,0
29.59823619060613,12.614066185003269,58.86663837310294,5.447701220575034,1011.0194268968442,0,1
28.87790731010842,11.736258784123489,66.85267064980363,4.080383526534551,1002.0166888607687,1,0
29.975550383461886,12.362232891436598,87.71823524358885,1.7574953734713303,1009.8774312946185,1,1
26.024506978412777,19.777390608133885,80.30054779311321,8.825719492464192,1004.8481759381704,0,0
31.18257284312706,15.397010837563657,78.73634073617168,11.87029246613188,1001.8681364221875,1,1
31.021218902984398,6.005223842615437,66.39406060160385,5.921957984938873,1006.2655511104688,1,1
30.178658311084604,14.508092865142196,52.90714419922968,5.095930205349256,1006.8316786745952,1,1
28.375280509847933,20.7297058431851,87.0549851904691,1.0640149028195982,1010.967026075254,1,0
28.047283448935023,8.88693219624017,75.89998375188158,1.0669441588155153,1006.9178751367632,1,0
29.78511607431079,7.118425885015227,54.4506073265912,2.486553602560808,1003.3832127704057,1,1
28.45996099748213,21.199675180908905,79.6600978582147,5.56305641155952,1013.6030809212446,0,1
28.711100907495275,9.367691719592878,72.37721423433803,7.502586742774034,1011.7530527014894,1,1
30.892086956624592,3.0527409259195815,85.28875790431962,1.902353002159514,1008.735157086551,1,1
28.286136039182377,35.85497561774781,48.52019693189018,1.373716392158847,1000.5005618353399,1,0
27.52122236207328,22.619377538025425,75.93581671520384,4.186948901959857,1002.6942428530892,1,0
26.8745006414816,12.983941298714843,56.42569288060017,9.728291010304996,1007.2696967825314,1,1
28.132666116975496,37.63368696444054,73.94916214805838,4.331670821116219,1012.3638016896412,1,0
26.946329044798706,20.74086462727917,63.05352257002802,9.280766437332348,1006.4365916478243,0,1
30.842941497579684,10.977443826062174,76.08252994770581,2.8593079773145353,1004.1897495161827,1,1
27.803572234723685,12.2565901078362,46.030726821396044,7.543729991665784,1004.2458384748869,0,1
31.298540101564278,8.22208597252811,65.6813335476974,3.185281527083064,1006.9645823648436,1,1
28.653275732527202,6.415005990078802,68.82529887946845,6.300780044107671,1012.374306571837,1,0
27.234253890139517,27.075800658627113,76.69940424255985,1.2389851283226796,1010.5204348163002,0,0
29.021680399300493,22.871545607880506,64.29984632607393,1.272325979830442,1006.8270539378487,1,0
31.244995435950354,17.539256080150572,30.0,2.454228328209175,1003.3032600451347,0,1
29.73490063001422,11.524244167544607,83.6823261917544,2.455392032334938,1005.8701147506159,1,0
30.690265849418296,11.853579507110771,41.78242397806808,2.6044343797818144,1006.308847978239,1,1
30.030041345621527,5.350789697352172,78.65016622336374,1.66909056181406,1011.4510252043096,0,1
28.348989112205867,8.60288771639759,76.13738836662446,2.331624123713366,1006.141888302904,1,1
27.57723626302402,9.96098903954831,83.10342114875002,5.3330346838543665,1000.0331975774224,1,0
28.254458277659925,13.559200268867698,58.89821820779316,12.376724677105138,1009.3224577377603,1,1
27.955450734280685,14.477368369168197,53.63847759300546,1.8576063803582041,1008.9878800481304,0,0
28.427365644214046,28.3701202271508,61.766957910925704,9.072074759155376,1004.244424001363,1,0
30.45874379111906,8.913731831369882,92.54996967217785,5.926057727433801,1001.0387772594217,1,1
30.594832505244433,11.776879700367337,71.83780110503842,3.8640780002537474,1001.2557214769188,1,1
27.395266584826267,13.574775280291558,67.45814185939382,4.13395403635432,1006.6819933278441,0,0
29.577307088880154,18.604320857540777,64.35457278725127,4.47052852867803,1007.2259449768355,1,0
28.097102747062138,6.161181932124458,54.93759976619491,6.8644868705666875,1003.1284914194906,1,1
28.366740393401308,20.573483477472525,76.15581257533695,3.205858635020125,997.6388621797673,1,1
27.74906602795848,9.751471833584457,59.46931785601055,1.2107161529845634,1005.5107342523154,0,1
28.433367980987374,14.666894316127337,95.0,11.693263263844212,1002.0887755052305,1,1
29.792486849853415,6.292989174235558,94.01268944743555,2.0597191901438725,1004.6406144088814,1,1
32.5,16.255679971839392,73.63345087805074,4.290151097631705,1008.7472695028981,1,1
26.25923853949043,19.144407749656292,80.73930239545516,5.698032441979554,1006.8834864560424,0,0
29.580293786526273,45.0,66.94917547659263,3.5135004194541546,1006.5158838100904,0,1
29.333922251932844,13.176073691234649,62.28644782395912,12.435413105681775,1009.8296913334091,0,0
28.15223216276774,10.15033713650055,60.78606731392777,2.9775227316141004,1008.5278950804865,1,1
29.75577990481739,19.82366241854901,54.600967650655605,3.8802152149483264,1009.051715660999,0,1
27.728259526826665,23.21644116487036,74.12185031648855,2.121068275261064,1012.1870971990497,0,0
28.47095541797652,9.169726600054007,60.71966101739233,6.162326893143988,1005.330352474243,1,1
29.011309376140893,9.95934122648719,49.652733135799004,2.1378803353333433,1015.3455558371396,1,0
29.889763095334025,4.62736886741308,67.74947262893718,5.903291701575752,997.8244857060146,1,1
25.52889290323758,13.381963325219482,81.72353591077778,1.3132640215532194,1011.135199576167,0,0
29.356103952147784,19.152455378207364,85.6729586901345,25.0,1010.8290187240713,1,1
28.517859839130494,17.80900005776121,56.47418532507196,1.2037955566242515,1009.6209310413346,1,0
29.386181894308024,15.773952153092505,82.49544171263092,2.153950893319269,1008.6945684978305,1,0
29.01750202170464,4.945602726236103,47.48132282485655,3.251868897471627,1004.008362078963,1,1
27.825404158565377,16.42228342686114,80.41033604957198,9.619661899181299,1003.9626797152846,1,1
28.722086988852176,26.91306518153371,49.12660600448603,3.667146205024892,1009.9406748562263,0,0
32.40074371528085,28.02547025348365,54.42137999903265,4.857248702733876,1013.1915961873485,0,1
27.345133333839208,22.770117333589962,78.61060605172727,4.47198809268955,1004.154927803635,0,0
30.42926389701307,5.893881861290019,63.11432530188334,4.051650916768254,1005.7333320034886,0,1
30.330686969563438,9.909882588961048,59.18219630920949,14.53224704399247,1004.6082388079519,0,1
28.17671060713555,30.58582009645362,85.72426884788258,8.09984642338068,1004.3541715849695,0,0
30.193000886357122,33.57510522660379,66.95779824498224,8.694828943474917,1003.0400715798459,0,1
27.88319259846316,14.65737217892907,66.37679983790055,5.298066004076062,999.8796027988788,1,0
28.859555319054866,20.79567540356803,76.01827091613356,4.544978714717495,1004.7774333472603,0,0
31.43104374012233,30.718053447532363,79.20280890326713,6.3819102277756095,1006.8758038595964,0,1
27.903682653603635,17.3909590309634,70.85066740627141,6.286574975539391,1009.1843900812999,0,0
28.515564766616762,3.0,67.73907106660361,1.5456489450378377,1011.6240278537084,1,0
28.457121053119614,16.673934714279664,72.89183249868398,4.200835564411337,1012.8835738127855,0,1
28.10636966410983,14.157590908815237,73.35225857878505,6.949772303130145,1007.8698171517401,0,0
28.808332266351428,24.776991563331425,64.07059990491817,5.448050383350497,1002.0171199400252,0,0
29.522067850166124,13.066121319421809,73.87632745032501,4.44378020719017,1003.2554044125504,1,0
29.1729717824699,5.036401346101772,50.58092399529402,2.2686106820378478,1006.7314890026648,1,1
30.756150953241644,23.88070742391246,79.38071375585844,2.87299692832932,1008.3605816602433,0,1
27.12813937476741,30.310963061549586,54.31076641200754,7.996190807118974,1009.6511756493613,0,0
29.08127452765667,20.05831439215706,65.64800788195826,2.127374196077456,1013.6363972614845,1,1
28.729389606274932,18.339130466401215,84.96546224934113,10.827971698572735,1004.2611849752185,0,0
26.760000863068633,25.95076795495646,56.619325340146034,4.103949447201157,1006.346907140205,0,0
29.96122812463066,13.832753349271085,45.23727686603529,7.199373554762557,1007.0335737098108,1,1
31.02102121246266,16.999950882577114,69.14723419584868,1.6404235622455032,1005.987023371034,0,0
27.99662324495638,24.484297231835242,59.83986223952054,9.302811520165058,1012.1933791046491,1,0
28.010417671278482,35.40811992769036,52.021852410653395,2.445319024478519,1006.103488391036,0,0
30.294232533511448,25.351043013939684,53.96804183821946,6.868083976078755,1011.9609428130997,0,1
25.77059675077326,31.444154778350537,72.46928855372994,3.304521165941862,1004.2281183478893,0,0
29.399323972445423,19.505345006580608,79.54350395046822,2.7769799580376744,1004.5525892167358,0,0
28.541675967266134,22.45274160472546,58.634066937553584,1.995299060338947,998.5326897728526,0,1
28.748501606941574,23.344178074796936,65.70929978495998,6.042446077180042,1005.1984243103701,0,0
30.061635181219334,18.258446563585032,73.49399658706696,15.45955994176022,1005.4062416197764,0,1
29.57253677376602,15.427438899184363,59.352849058204,2.629517479184187,1008.0749901942688,0,1
29.501001876222833,23.231106263241287,61.48192140227812,15.764984776095913,1001.4730254347648,1,1
26.341284469313088,8.399458007624682,59.73793720315071,1.0242119793650222,1003.9397524077194,0,0
28.577190098891844,6.262482158686592,61.009836849099656,1.0797446813678258,1008.3109913442129,1,1
28.005562567569,17.050011689978422,76.01779254850507,13.246939155409422,1002.8976108946187,0,1
28.225693932013613,15.544635492405796,58.72575890478669,10.725810424542455,1011.0400272149362,1,0
29.331275507013476,12.814529199192291,45.74507390520354,5.23214799620233,1005.6520149461901,1,0
30.752355422958008,40.01076760467727,82.75382818168039,1.5990749135748716,1005.5088271667182,0,1
31.4676896611755,10.338399079317115,54.94876613878938,4.940898549712851,1000.8651972841909,1,1
27.027938381492437,15.219448798084432,94.7356575744565,1.6049147782904436,1005.577547232563,0,0
31.888751981235046,37.087364247413234,77.74220232145984,2.851414205922593,1006.6105566887354,0,1
29.58083355618798,18.221733583632307,75.30761482728334,4.64216538558027,1006.1786592648479,0,0
29.562869387986478,4.300089529632815,66.84189739022702,6.485907747235568,1010.7649998309666,0,1
29.97043873283041,11.89708738657782,76.94301330373045,1.143713742098489,1006.0494113232428,1,1
30.100352523446826,17.457906911549646,90.6168746574461,1.8087026962397077,1008.44730327886,0,1
29.329400575042172,8.028513877403576,84.58272650122115,6.42428242992109,1004.4899853262123,1,1
30.254978117320565,18.74165390840374,89.21053583254312,7.7669832195196555,1011.6608778518164,1,1
29.82640583470816,7.111363729254029,62.04944331512817,5.236453008048812,1010.205426534141,1,1
30.19540931162596,14.911850291535037,70.0393465007187,1.8692204791070104,1006.533647449478,1,1
29.16468814718767,8.634873144679359,60.36379127126143,2.026518334199525,1008.6692554497646,1,0
29.721412365439598,11.25123874893073,74.62563516970141,2.086662001177027,1003.3923558749293,1,0
28.86194994017513,44.62982479584569,67.92469913042454,20.027239365979096,1009.5041666498064,0,0
27.369275002028004,11.626335722447859,95.0,1.1456991044194569,1005.3852086661777,1,0
28.85790412134213,15.001962387927307,62.474982310282485,2.431096945883975,1005.3607332184955,0,0
28.764958788226185,24.728505075781854,64.28131127887593,1.9363381184819337,1002.9010746919942,1,0
29.471630256695683,17.780564950831877,58.62667202489892,6.52899435849706,1011.9825234167738,1,0
28.182586463320142,9.489908380637294,66.94416719106326,4.34908437523886,1006.0719775671266,0,1
26.1010784431314,15.131461996893512,78.60374407745061,4.076503551886635,1002.7858893191461,0,0
28.08453561015772,12.113823861041322,70.57638357413816,12.672066535792053,1010.1829640351983,1,1
31.326427154834168,15.184857892134485,83.21180528967415,5.801793519388099,1007.8533971040456,1,1
30.24473968061997,5.353867645473506,67.5853639287358,6.620239120881725,1011.5845173521069,0,1
27.98710019370085,12.995037563261237,62.087088924011816,1.3782146937437991,1005.3539678250128,1,0
29.38807492439912,19.871257267526396,78.24495149078194,1.9673271217030297,1006.7342856417821,0,1
30.22234810165316,12.414679238408285,71.91224967953113,12.611136025762587,1010.6174312517601,1,0
30.72280383077842,8.183469409917711,67.78198840509441,1.3677822351371816,1001.168976739675,0,1
29.494127095300403,11.110657115055735,57.22587895048643,2.2228017445107433,1007.4610330208033,1,1
30.10142886220492,10.033567076593707,55.722416302615684,1.8406024180998428,1010.5192300832977,1,1
29.440683268418805,18.771774188494682,57.12642519972353,1.1126296562900906,1008.3158889992416,1,1
26.431116576793027,11.560770000917262,74.57810772865098,1.1096166006430765,1011.0445220092536,0,0
27.273456962639045,13.989406578495723,61.45394170764065,2.971776155698123,1012.2801710454063,0,1
31.473556602458117,9.681672325714759,69.33113333022209,1.7303642032254742,1002.507861106198,1,1
28.541384417417724,13.216126434531645,68.44498525173191,3.746214723898794,1008.7347365570087,1,1
29.944686275329616,10.674566439539255,64.96872815315193,19.987970557237816,1005.6718174548909,1,1
29.619593339574312,21.314850232891672,64.0629132199076,6.789652232300984,1008.6435253691383,1,0
30.567721873218083,4.301769598099456,76.12654295601847,2.727987450182499,1003.7040925823668,1,1
27.998691100920094,19.917590904212723,70.53417706924917,3.9871720709322735,1006.0354451437179,1,1
27.65704449294386,22.255222654631098,73.57838768276174,9.53830411697616,1011.2435624775876,0,0
27.528677065048527,15.077279609677069,67.2122313810845,1.0939063675100242,1007.5411047298929,1,0
31.98591441285977,12.873126281963005,83.48231059924782,9.138426721794934,1011.6225804909022,1,1
28.60252490889898,12.568208126959064,69.909724140891,15.702439245107332,1007.0389921875257,0,1
25.829373829114406,17.918134920732207,80.78901354796452,5.604041484931595,1007.231075597431,0,0
29.18445633431324,16.196823815072108,69.88399328812628,9.137401929218623,1011.2689647233858,1,0
27.77433706306601,12.849916597710887,75.47744117983625,6.536313564709071,1008.3829535779337,0,0
28.138535964260996,23.17333244027289,57.25397057454393,15.685258719280759,998.8923202785173,1,0
29.332977380816626,14.500551901882798,65.06672062278818,5.360376968268971,1007.0553110122837,1,1
28.362857685671354,16.01627399523064,82.68449468430252,12.340357745251584,1007.3166899322013,1,0
28.606769934447005,8.41283674587593,61.36051669663696,16.36248992352992,1007.6820303214475,1,0
29.41697911795891,21.622162484180873,72.1187351473642,8.520201143253285,1005.5152892209676,1,1
27.831156261322842,15.17363078305698,81.46438584260176,10.743874822906877,1012.0733118103221,1,0
29.676733018519457,22.940302979329516,74.05477130401358,4.93324954185702,1013.0994838850378,1,1
31.362079673433023,14.97170591891709,55.44491360810568,10.249850840545736,1007.748127001549,1,1
29.942481405911604,14.718321275815514,86.46532749281826,1.2384876050437499,1000.156019109612,1,1
28.581403675457373,43.21515031171812,57.89773200809234,1.0282029162798223,1003.9147666596705,0,0
27.442912074005672,44.588861364940875,63.71301643923148,1.6069279701131072,1013.9861459868457,0,0
30.39393675737309,31.44437072804348,83.00003861422049,8.136608038155622,1016.3526827032298,0,0
30.698534775591767,13.126401982557372,86.96220399529388,8.93012153313748,1017.1739910495338,1,1
30.32283798653073,3.0775913514880724,61.85568320703058,14.140178948359972,1004.3848537451493,1,1
28.785150911187966,18.650053491547418,61.19374041664685,2.565970441159675,1007.17565400817,1,0
29.697124663917393,25.634309316056623,85.61150023967338,1.172187548188321,1008.4257342675169,0,0
28.760291517581,10.392892972135925,70.80761636362836,2.5081227478385335,1011.5047506626182,1,1
27.390636647456105,14.58020408074093,74.36371128489871,2.4222038588771997,1008.4809545079833,1,0
29.0840306317465,26.481180399900083,80.43679626849304,5.284455619951162,1009.4989429569467,1,1
28.203326055073468,13.607282704564813,61.93402762087747,2.2499108135176957,1003.1732416086113,1,0
32.5,20.92051214236999,66.79238435692272,9.151555945065999,1005.173867190695,0,1
29.991460766222243,13.912195127876418,68.61651302816217,1.5945807647353845,1008.3322808663239,1,1
26.902280014327363,26.32435896035328,55.083632400954016,2.5470459197052113,1005.5099905839321,0,0
29.4075277874213,19.128403916971553,55.44667279870998,6.084339707409909,1003.0798995181013,1,1
28.165119064228367,10.416985294669475,55.12472332306014,6.479501697816293,1002.897928493079,0,0
29.495488241930598,16.72107981907537,64.1650806968458,16.279589935263058,1009.2230351154287,1,1
31.165902099083873,32.06707892257031,56.98160416831296,16.057764062309047,1007.2241552867022,1,1
27.995663152323868,20.595360018858095,63.401424455571856,1.0038636654070283,1014.4257692623352,1,1
30.503845819145315,10.203956426085526,62.21953439327787,3.791373839273133,1007.0654502464945,1,1
27.77664796150597,11.620605343239458,67.05173262551936,11.699057314127288,1008.1846702394923,0,0
30.40721893707792,12.621160380069718,67.5103810243615,4.112767398757118,1001.6694117420545,1,0
29.449109698474707,8.82948625568862,58.455117316034446,1.4184436451716187,998.5101478263786,1,1
26.45831628784693,23.085979600245324,73.28680284189426,2.8465346744516884,1011.8306720197074,0,0
31.122685191796347,28.836906614511975,77.44818105019816,16.77748842893569,1001.7403557541764,1,1
28.37594585698892,14.392444522315898,51.53488108240557,2.873182015629545,1014.790838569897,0,1
29.174157073472614,22.368368551230517,67.09421176206676,1.5294557146084937,1006.7470128354641,1,1
28.12586332456274,18.159304236978457,83.73885664193531,2.074246408527271,1011.83270161268,0,0
28.096734501458297,3.499602987154029,77.83205636474683,2.2068888593650056,1009.3767153516255,1,0
27.927772803529738,11.124121677626336,77.8867322444092,1.912145649541249,1007.2675462401071,0,1
28.850840100794862,8.187968793348412,74.7145632116285,3.2994956339267265,999.0840591076872,1,0
31.582678238640387,5.86134699995677,87.75803582017409,7.686457670093901,1003.1296913399874,1,1
26.24607235159863,20.533874615834755,66.1224438839368,6.554354825611541,1007.0926508058784,0,0
29.13418408445745,27.8327214548474,56.35975309039617,3.312502342987503,1001.5975770265821,1,1
26.454362471563137,17.101889941778765,60.57526346233644,1.6628741657346937,1004.3124957701001,0,0
27.888428795483353,14.075231032000413,74.55479830146005,2.625363231206037,1008.577952781823,0,0
27.53815050789679,8.257056462218717,78.14372395255342,7.5655785168605645,1005.8747341170898,0,0
29.992876702770623,9.858856945124858,73.52116638019093,4.16212149756938,1004.1839065044873,1,1
30.10471489615701,16.668009179291875,89.0822568795457,12.75586817081269,1012.3569319449565,1,1
29.228089301562967,3.0,47.84618649972249,1.7893893505812266,1004.1056282303709,1,1
29.96224819385528,3.0,52.812944133741766,5.704838891317558,1011.2673858491794,1,1
30.56135336280411,9.835198320456758,49.75919545585721,10.75501577982536,1009.7859436071878,1,1
29.464676816439844,26.755061569218558,76.81796295378801,6.625376594446745,1011.8579234612632,1,1
30.249322315987047,14.828841849787135,62.219976501962094,4.01804934273853,1006.6227927101583,0,1
28.65124511918831,27.84012357501632,91.7634684042886,6.341888866129088,1004.1098495771229,0,0
28.76311127346622,14.275869266129996,67.55433866066738,2.8497913378009114,1008.8883358121661,0,1
28.054835013864473,32.109269276408035,67.2626518289539,6.825648516541489,1007.2310553066122,0,1
28.363701367617672,12.872677407378728,73.7622649408645,5.31151538785706,1006.1247435617288,0,0
29.17146457688494,18.628552506186217,83.24463233754776,2.2139145352574316,1012.204919927175,1,1
29.350450365858404,11.857304047699843,37.88977686832526,5.709659700430916,1004.7500711817678,1,1
27.770978952189676,19.977897751288193,64.35889245818427,4.0696765168484195,1008.6955476731864,1,1
28.42272217506441,13.2636921003848,45.4945371343225,1.233916441151963,1001.7485655661918,1,0
28.063102370120294,17.62108093248169,72.1723499621314,2.452030982276457,1003.0051772565779,1,0
29.440835503616015,22.894929670057273,53.85834060897764,9.21172471455085,1008.9868527198024,1,0
30.563243162889663,18.519535681902887,65.21675098530457,6.316216775099567,1010.4406756120082,1,1
27.743629629617484,5.217496356162801,69.1545084983237,7.716178813836763,1007.735876563944,0,1
28.00370556095541,16.66732461609018,65.4705041889823,1.452343951441967,1006.3075923273907,0,1
28.902447719313763,8.383935417859474,64.21840196311922,3.2862533804475436,1012.2671620584547,1,1
30.27009725333701,24.186103546632985,66.09247832946357,5.243570074257585,999.8631330688675,1,1
27.933512419110986,21.386072606867625,53.765691011134095,6.820964595952036,1003.7095049417225,0,0
27.780473693145684,9.123792764212672,82.9122664672507,2.512076638337509,1010.0840647636292,1,0
27.726605917368886,5.739403129346914,72.17621028575222,2.3239279886304827,1007.7897643390678,1,0
30.436883978566733,7.820947240207337,56.29172788753743,2.697271794397651,1003.6837886424755,1,1
29.44776157561982,19.38407874335778,81.03900012014164,13.927548975866205,1004.1223712487799,0,1
29.86374939977895,12.849560293489152,76.53231855898416,2.9110826776264505,1007.53334683572,0,1
27.892373906485062,15.988565839912487,45.07903382702218,3.67127310566593,1001.7081737636597,0,0
31.306728394132897,23.442093812046792,60.55542469538631,2.9065575652741256,1009.3149979189574,1,1
27.851326293664535,3.0,60.898430422209614,10.90793601411325,1009.0040400226208,1,0
29.804959589916084,8.367561490188042,68.84824040907853,2.2033063365409737,1004.9656788417171,0,1
28.38436833613563,11.930284170367885,66.07384577490093,3.400728270261623,1008.4600961169206,1,1
27.2641498701502,6.782365048030977,53.85137728669014,4.135447654056629,1006.6344563979712,1,1
28.97010674651099,23.178726279801378,61.68118255138916,12.470454702278117,1005.2540564144464,1,1
28.527887128744503,21.71160467556347,61.88750962009405,1.2876419658501168,1008.9286767293759,0,0
29.615586358020874,21.49355178300212,44.16981759748262,4.685101997425174,1009.1901506260247,0,1
30.01835318594936,14.555661878365077,49.627915215484215,3.317813993267817,1008.413091813953,1,1
30.81461213283077,4.904610045004604,93.13249966901664,1.231671957170373,1010.1154727427202,1,1
28.44882283958235,16.102067759635634,76.96288283355486,3.1089970792225103,1000.809467768802,0,0
30.021722042435968,12.78963233196598,62.431625404936476,2.795102805745364,1005.4045421940765,1,1
29.69685190765463,9.538524427715483,52.64843002652499,1.1262911970965375,1011.4087083287192,0,1
28.41340127197271,24.656888707091728,73.39223381049617,1.1626966657611402,1010.7902790412721,1,0
30.87655205731197,17.42867829820866,85.98854577250003,1.512221720819798,1004.8878630001873,1,0
29.040960620177465,12.931272033365307,80.93732166610532,8.677274696349471,1003.2218274106642,0,1
31.04169522058632,28.831840402805373,72.44210543383794,3.8671784607785096,1001.1100796116262,1,1
29.63208764062766,10.888567321955888,51.84686421535252,15.175008915719818,1009.1400754747843,1,1
29.255943759667176,45.0,59.60880012956069,5.145977890515658,1014.3195050768147,0,0
29.947499386234238,15.63264500273306,58.77774247665696,1.204579839922913,1003.2495428572386,1,1
29.505568256555,6.160677438120653,95.0,4.377521737985653,999.7227425758219,1,1
27.090358906719082,14.46935671205201,54.926968809488955,3.03131132588403,1011.0088867248334,0,0
28.643970024559327,8.996015107901705,68.79530079299073,1.3801158535914142,1010.6895489276443,1,0
29.38818622961954,7.32493358763246,64.25211231318123,5.697333458387758,1010.5159163524169,1,0
27.44722592646322,17.004663552048303,76.86979952481659,3.5487654476222237,1001.3437335701393,1,0
29.141055448406135,7.86818898765403,63.826506451368076,9.464961223006366,1007.1709980501223,1,1
27.668742256796744,13.968485939376105,72.29518733748148,2.520131936104373,1012.5753418201977,1,1
26.94644519543848,5.9286003290007585,59.70808624592131,1.3072582939800095,1001.9588850989956,1,0
28.766407173881262,16.209389766697186,40.37918608651805,1.7820444276498932,1003.7202644537888,1,0
29.879181122062956,5.866168923536313,82.2841725528355,7.058624129147068,1007.882018053107,1,1
29.835738753293427,15.955526362399295,75.985024403557,7.725606402559307,1004.6605235759669,1,1
30.248949253037257,9.649577045769663,62.10667822616775,2.0150910202691517,1009.6650984238081,1,1
27.969484532240667,18.7400073852554,63.47850814544313,5.123948752609639,1012.9508922080605,0,0
26.68073748702086,14.070168485798742,52.35907006357297,6.85928996442288,997.9140209393476,1,0
28.0550788191645,8.509282384257382,68.46236333187734,4.425075062014251,1009.0486036121223,1,1
29.626687210049454,21.41886817693546,77.19002856497649,2.120306125161517,996.957614979604,0,1
29.63118183917763,22.504321982336545,68.4440855840572,12.94934511229915,1011.664140024997,1,1
27.870921457107844,14.194177056807174,78.89316797563104,1.3329466300345838,997.9586068196811,1,0
28.32750477709954,7.710767122554448,53.91519921571349,1.0724153205767744,1005.5486397647273,1,0
27.945165842597987,16.241182337974266,55.44627199090792,1.2696251058495365,1010.1871504255935,0,1
29.759577225404815,3.1558048148652498,47.79380236439518,3.4801711910880124,999.2090769268361,1,1
30.247806556256702,22.62312334922912,73.89547128824348,3.178288429913213,1006.7096563136288,1,1
30.607109414155698,7.737778916584264,66.49330975148567,14.024471890227055,1005.1521798044954,1,1
29.548691942694845,9.97385781803587,56.66211327627483,4.965374873650182,1004.6660873719028,0,1
29.129516799604115,19.574280411386347,75.40531077637219,7.552490144702071,1013.7841760645525,0,0
29.430462333566723,6.409268842444493,73.1262256461337,2.463524866100344,1002.5229307875383,1,1
30.046121948659742,6.950007046545992,72.8827490875556,22.3530918738474,1002.7667640831437,1,1
29.876456003858877,11.41019806569569,55.37590210653143,4.849592704130171,1009.3503219083107,1,1
30.63501652335356,10.220080435226643,62.305639889936074,5.2539642292837225,1014.9463372579495,1,1
28.81927986605852,31.479286554736,78.49560933753986,1.4532326204217076,1012.0172553306987,1,1
29.418219531048518,27.08705559747485,49.76697024394783,3.211633204341636,1001.4588363648875,1,0
30.14988431358485,7.5422740239189,67.66929552703343,1.3381539816439845,1011.1352072855468,1,1
28.55195187795239,9.865311184279578,67.90354478798412,4.037322867686002,1007.4332854774163,1,1
26.470989858512233,22.35140337647117,51.05164291382266,1.9814842291038788,1008.8879571564062,0,0
30.05206899344617,13.396879176270861,58.92858333625529,5.8364845618901375,1017.4117361667783,1,1
28.436916306316554,24.033635531236552,53.81147674857481,9.08504810692204,1004.4108556263843,0,0
28.147693960252166,28.98558301463916,76.68584018888609,1.4779319053707798,1009.0211479188129,0,1
29.414668258098203,6.881694987575807,61.783685845773775,3.024309435777848,1008.2983737768049,1,0
29.303564745035857,9.543584982044283,79.86154816824029,4.045681784177376,1003.4586411361154,0,1
26.401543860045777,20.551585096225494,62.49825846819042,1.169649665961352,1006.8753479873357,0,0
27.798467271707718,10.300676322834587,76.17992150345411,1.3932256493611095,1000.343071247247,1,0
31.76889442529403,24.784578798220306,94.79888635841874,1.8215701728851106,1002.7193920521728,1,1
28.23239407695813,22.763427588989046,69.03678364098936,20.13908130643449,1004.4506345071405,0,0
28.85036978038253,6.548297765638299,49.889136876304654,2.5675846671493447,1011.1321059769407,1,1
28.040658058478705,24.986123057502656,69.68860158441868,5.903842166000162,1009.9094784530123,1,0
29.12127179664063,11.553069902122463,61.40909296048385,9.021567692273495,1005.139709185896,1,1
30.54951846625882,17.139265575525133,67.25494110252083,4.012561325933246,1003.4634749245403,1,1
29.16516176262372,6.916801144216798,78.73098808361574,14.500804868786553,1003.9154942787106,1,1
30.343687454394978,14.036357249965022,70.48478868969269,1.8290444644441948,1011.6599732705422,1,1
32.052827671218914,18.19033076501489,57.412650968330354,6.308844131550931,1000.0494221197881,1,1
30.671478687148074,9.16288277475745,68.01321333830191,5.408821268664997,1008.239809882558,1,1
29.054324641978464,10.88211651446583,94.60560049476061,13.04632485978481,1002.8542505376957,1,0
28.874715213114808,13.191972561931271,48.491807510222685,2.536796826316194,1007.6905788086798,1,1
29.650190364690694,19.600061313678346,66.5156160048884,9.1391841238754,1001.1640404787918,1,0
29.745076686200793,6.187435525430647,62.470265519394374,4.862583912243348,1005.2844805609052,1,1
29.80172252476098,12.188342904376452,78.61955199694985,13.452522724863227,1002.4572901150874,0,1
25.92058334415782,8.18954722766931,49.751677294342464,1.3431321018062583,1005.874160385034,1,0
29.340143815046257,5.288715244306255,64.7115170060373,16.715252003242625,1003.7320370808667,1,0
29.938313284249638,26.593123980011967,66.81888920751621,1.898406218220161,1007.2723486720133,0,1
28.48037686888198,13.627619825092921,64.05691454727548,8.603235265194975,1004.8986111921186,1,1
26.92983728057321,16.23875523380429,84.56383489495701,1.9727792867278118,1005.4684140228778,0,1
29.130176333046176,16.250128855450065,55.16161030806896,8.309004370833483,1009.0011950761111,1,1
29.848628688398385,11.151925991761551,59.338262559962224,3.0564171015259993,1000.3108883473175,0,1
29.690162485866896,17.202531416097727,83.62615682743052,7.73218918166747,1001.6753063093956,1,1
28.553704798093527,18.82498674265503,74.50445443833048,13.052394043434607,1013.8912763017674,0,1
28.790574487706184,16.255940719902757,84.53224264734854,4.403568689071693,1011.5729235867852,0,0
30.329604486059523,21.986892289475318,67.13991010503106,2.7659513420256894,1005.1940585709822,0,1
25.904205695533975,17.338486515550144,52.957241693716696,6.0263526287138305,1006.6196527248543,0,0
29.266417381442636,27.363417294715834,75.60365798009053,8.061625966694441,1013.8500863387558,1,0
30.45140300062948,18.03549762836606,60.33254179036673,3.5721724850541414,1003.1335631852999,1,1
28.30119422407691,28.84864230318251,50.88564773869861,1.5085783053648154,1010.2170629648098,0,1
30.231378252361107,13.96117818280338,88.21898215601678,7.044539594529077,1006.0523495942236,1,1
30.13591865359337,16.631661130105154,62.65500645956273,3.4531392664488685,999.3357894394551,1,1
28.927033113766207,22.8842750635193,76.41270018207472,1.60121435126039,1008.3121531906936,0,0
32.03597526597474,14.518823534721772,95.0,2.0716585296086514,1004.6018456583661,1,1
29.45704026606602,14.338443448607846,66.86880390495361,1.7500664020967982,1002.2741556531398,0,0
28.83780466396762,11.843746254539747,49.959927234291996,1.0064342164644255,1008.4514617452191,1,1
30.137933566837653,9.144752019952694,55.07610528576182,4.558944629470902,1016.8550842796825,1,0
26.760120658527647,14.671315508456793,81.54646991176097,13.222208802137796,1005.3459741610958,0,0
28.88458670948045,44.91253413100377,51.58202222651669,1.9908344659213544,996.6720554409986,0,0
30.999061761198153,15.935318320667555,51.018498804109925,4.477130901412126,1009.8150254329126,1,1
31.241378522153415,16.005913071831024,67.2553417784873,3.9093885029114808,1014.4343938118718,1,1
30.38427887796718,10.488630736966936,88.79113119231538,4.577968861307834,1007.7522228488494,1,1
30.25369269535859,4.7859841272834585,77.9438311126992,13.904032809279716,1009.1915597681639,1,1
30.78168994419877,22.98561864275904,77.17422690219266,4.224432169815961,1009.418103374435,0,1
30.608765228967915,10.75701839671346,75.04020577054905,9.410369448553956,1004.8863265638483,1,1
32.5,16.34941148128633,50.74101784955829,1.2019638168890583,1006.9908886365249,1,1
30.675966012940272,10.405404163094477,54.26951325448081,2.5294830120471046,1002.6637650539751,0,1
30.51769354274733,8.709095330589113,54.35898705127195,2.3927208260871513,1005.9067341151753,0,1
30.51081210925664,9.32106715606416,60.598839452921005,3.6113239933067436,1008.1380861464817,1,1
27.960621197429084,23.475635295772424,71.93685877580877,4.067110349739379,999.405113094634,0,0
32.18960796702338,15.267202071627132,81.60087678938804,8.508812998123219,1011.4637376861365,1,1
28.989421618647313,14.202793324942542,58.1433275174119,5.706195655628084,1004.8218890508386,1,0
29.35853925125524,15.441774891716488,68.30727386153593,9.316072162962284,1012.192697354616,1,0
29.41026729698922,11.792200846331793,73.95888664619156,3.8533268827251645,1003.4244807395713,1,0
29.107165977394637,30.341345184104323,72.76122630604371,1.902170617501174,1007.8033479895051,1,0
28.78699158175037,17.65908210058072,58.404629434676735,2.7214148646165794,1012.1255892720725,0,1
29.81286470587616,20.344050133886626,77.09301578332969,5.482989025557064,1009.4596787462319,1,1
28.62999981584354,8.171904676709033,56.463016145818365,7.049292226069449,1005.2511197704192,1,1
29.88081491733699,26.905146227023124,80.95541986461193,6.852829018158492,1015.3017512455681,0,1
29.215313727630374,10.370294130221058,56.52453304802769,7.249455270097256,1006.8049627021377,1,1
25.155389849065315,31.397303810873183,70.58483731200735,7.538341234275702,1010.458909673962,0,0
29.78222520575865,14.169173133450792,84.76289038478824,8.353034960028634,1004.1355602196786,1,1
29.368777345781712,27.834413246650207,58.22369879481969,1.884454280986514,1011.2233355416964,0,0
27.59412242077444,29.178461817103507,66.00171184756368,3.9929437652193083,1003.3471764518755,0,0
29.577795188138122,19.493048656533567,65.34412478574114,4.430470760700955,1004.6754131656916,0,1
30.739174203095317,43.52218992254887,70.70230976559954,9.757722820276545,1003.9847293823267,0,1
28.891331949213175,9.386598961650261,72.90979813898063,4.762974291960204,1006.1442148005935,1,1
28.27369193112885,22.813755280702935,64.30271874326017,10.70816049801492,1006.153417780017,0,0
30.124455888653035,7.122629001064028,83.54748539111067,5.483735748939355,1007.9595289712151,1,1
30.718780028930357,3.8272263224352185,95.0,5.2511490355574315,1013.9508152927585,1,1
28.64219692584125,20.124072318950923,58.949384524921456,2.6438760528935195,1004.4939449760084,0,0
28.216009166731066,17.220715174970575,53.616840779803354,2.912876692166013,1009.1787569291655,1,0
29.423212884974102,30.44925743956303,93.38005860278986,2.5194512881537525,1005.8687918542842,1,1
30.675424431639858,12.742934782235404,70.91848768885116,10.109614501922412,1011.5012886897827,1,1
28.21843957557845,22.506376259632884,59.253964956461274,3.576179644728912,1002.0388067740494,1,0
28.15223483022069,29.097686354718427,63.24767284558506,1.0672686504984432,1006.1571677198866,0,0
29.44125037083175,13.245858354133796,80.15988203478963,7.431282778614835,1004.1393269434574,1,1
29.2460838234194,29.24777293561185,73.26330493203358,4.5187781210100315,998.3025302182116,1,1
28.271521300218776,17.40034857169261,71.9706893658528,2.1732690266888013,1009.3890947492048,1,0
31.361611866225708,11.925333173795169,66.56337062442836,1.1729661679072028,998.3578748500032,0,1
26.15598234347117,14.928991100994065,77.3375653922535,6.3697823751427745,1005.4090300398974,1,0
28.329685096390744,41.20693839675078,69.08903656594961,6.498906548385099,1008.0789181083499,0,1
28.966788932096915,26.146618684508287,73.53751644846722,2.3660260057972207,1017.8029157867221,1,0
30.616154168096845,16.676805581882558,74.2252165355735,6.999734016554811,1012.247739397455,0,1
30.1056920102014,8.137454609282374,65.26038320765971,6.040606801857322,1005.5093806141489,1,1
28.14619642331631,14.4417414655551,61.74717347310789,3.301001450161292,1008.2143595086399,1,0
29.940735659317664,14.543203657560904,74.51326899406536,4.932211675666556,1006.5704956013152,1,1
28.599148124748798,24.003949252633575,64.70826427970195,1.662406911367404,1015.7622805370511,0,1
27.382955448914252,7.88432411974246,49.1650396137793,2.22567503138043,1007.7286930630835,1,0
30.978609949128124,20.340923631754226,80.59624422811035,2.1309402695588537,1002.7736537022938,1,1
27.72212881637371,7.263631918422229,61.38235390346709,5.195536687919313,1005.68984933063,0,0
29.32200746683819,32.68702823749152,55.51069873524949,5.3149774829738154,1001.2416384063158,0,0
29.13597836680839,17.882384521564497,53.44286883731107,2.1672671641234107,1007.9857367152568,1,1
28.619212054396563,9.944832286511835,55.22704576799083,13.383520834433302,1007.845734021706,1,1
29.85693368563806,17.973710502546645,65.3470145846135,10.513779012605092,1007.2753283053988,1,0
27.4475940949599,11.629950577157292,63.23652641031087,1.197623085468604,1008.0640647303069,1,1
28.16973709711508,9.19894333723297,91.19355026399597,4.462864304333138,1006.1312377992042,1,0
28.002403981785125,10.500677856458001,70.36435570210497,8.701903580949491,1008.7576540684771,1,1
27.928044595391786,21.42344560188936,55.17592679519849,12.614165015295338,1011.6152044722556,0,0
27.939115447803655,33.09232161593897,66.06718297071691,1.604264951747298,1006.7963719855363,1,0
30.142839535906237,26.319151980701292,67.50506204764622,1.443666138808032,1004.9948829659285,1,0
28.64842166858039,10.36767379383631,62.85835893984061,13.094012977461318,1010.1192532398574,1,1
29.798497753700172,12.76566560151414,61.27897813087093,5.889473638330499,999.8874974647897,1,1
26.00169339793619,21.827919199146066,71.7192767195072,13.427576906464115,1006.3978647758379,0,0
27.188650890535403,12.713283820612142,74.02644261449615,11.910532005494762,1001.7167905528419,0,0
25.587955424164797,12.351653017631802,86.15582373695224,6.687943359368738,1008.9055176107194,1,0
28.79227785439115,15.987965274565484,78.48324493051332,18.05376875162976,1006.7003466729429,0,0
31.019014858666445,36.325779037401226,79.05767514208146,2.71402817505746,1014.5536375612182,1,1
30.22134057316371,11.125236867968926,76.63749706198591,6.758327312430685,999.8583217707286,1,1
29.12191182194089,17.49035027547673,74.77964562804509,4.5105886481626465,1011.0414192977926,0,1
28.77876891255694,8.746038743091146,59.50068393995832,9.597713944275773,1009.0297349191101,1,0
29.37307673762331,9.181506965881823,67.22437344375358,6.00022536048481,999.709537622693,1,1
28.665045782415866,15.448984563538222,60.01424316649483,10.162206450865277,1008.9305924408969,0,1
27.52945560597139,11.481174320383216,80.91941106399719,1.7994915908308031,1006.47722315094,1,0
29.439166604029044,12.82371838452746,71.13621724706039,2.1362962052696233,1010.7232922390303,1,1
32.5,3.7743812254957216,69.34422553036265,6.067620540901236,999.623181010306,0,1
29.216692294628675,14.77262805014,78.46886896109775,2.075602106073272,1003.2705285918955,0,0
29.918266618972087,26.819199879754443,73.25556015168989,7.923153590395724,999.4937531607867,0,1
26.00120889001903,5.5237777510014014,50.28466500281328,2.320112916496463,1005.3874003787791,1,0
29.065952438870525,31.905105415810578,82.03192551968851,1.1777401265220344,1008.841135326097,1,0
27.05038159185232,7.235079415062664,69.80175993605722,2.3858371493670107,1003.5812344322204,0,0
28.47455964054085,36.115097665262645,57.22850029025955,4.529455381915021,1005.9249954784283,1,1
29.41614043754315,7.6284231274145755,66.76944403206244,2.875936392523918,1003.8025968329713,1,1
28.951404960410205,24.434693230234657,71.525183451009,5.061141327987883,1009.0415657816371,0,1
30.627667866302687,12.42048314482433,32.54731281103137,5.693746384436056,1002.2417975913436,1,1
29.369773579764622,13.103926732106757,73.93753741194212,15.367382055931554,1010.2877821756496,1,1
28.86629534307998,13.31412154860593,66.43328925306962,10.394454121137768,1005.8493059930687,0,1
30.39518852709943,14.768378908769828,47.23624872315281,3.9630887453050074,1010.5031878649618,1,1
29.50837175904772,14.053298515793378,66.50099038791264,2.4288529788081927,1002.9620779404521,1,1
30.195043240078334,18.564327674057473,69.7500297494711,4.96469667382696,1012.6746929297946,1,1
29.239097249350905,21.84599394043505,66.22206631181852,3.764290202142653,1005.7226754659766,0,1
29.948789137304118,24.561760018076093,63.70185083861809,5.630808183301176,1005.9482624989058,1,1
30.14561608796292,20.59864662199215,86.29707996582155,8.47798122103108,1007.2953987709637,1,1
28.41852978943379,5.39997315743515,64.69468631902623,2.4404125719464136,999.8209391951299,1,1
31.90165550547722,9.682374090365318,61.98978630522172,7.677469897994909,1002.4993130603508,1,1
29.17472757170414,7.115487573359391,80.63572948310261,8.844417573999738,1003.3681419119122,1,1
29.50441977647086,5.5451838077419655,56.43334172819071,2.0787940899049886,1007.6604691865036,1,1
30.872441516458647,24.281032621419516,61.19949821497106,6.7133164431796635,1008.8520831920029,1,1
29.263599973102277,28.834283851211882,58.52560807209076,3.279587633113672,1004.29143591521,1,1
28.795045591618003,19.13366840627202,83.54135967016131,1.4146181313069424,1010.4036685384549,1,0
31.850613492641674,22.34577129055446,75.82775131926968,7.327211559317316,1013.6662830755192,1,1
30.63629963276348,4.534744667041152,74.79914881387997,4.1535929169812595,1010.900431640111,1,1
28.82188083468783,17.212379337708114,56.529800019175795,15.110688683217006,1008.5075528175133,1,0
29.38053225888487,21.30554063897545,57.507105354904716,3.1455505477499157,1010.1117170069455,1,1
29.71874039180704,10.705127903518674,30.0,1.864937334658769,1014.685991285206,1,1
28.813828703867568,9.034511773647855,82.76087166907561,1.5722713018379153,1016.6708882270046,1,0
29.192585190223067,8.253677146378507,57.65823190976857,1.1165940983161018,1015.3276322747117,1,1
26.847308835337166,10.184704062670171,51.11407793271187,4.181519874793025,1005.6976135531507,0,0
29.567582009059073,31.690313672475735,73.40092607800868,2.778467348968812,1007.5962788527303,1,1
27.992353303946963,28.58471989594013,77.16371100658803,2.2719386173067524,1012.4952919311605,0,0
31.09969415004035,3.6549765355424544,73.55325254357861,4.385277087496499,1007.8999482426295,1,1
30.8096797484962,22.511966419693618,59.66749081200133,2.7647633347934155,1009.4179746252346,0,1
27.77549439034829,20.642044361206057,76.9818920935426,7.007865391999748,1015.2431967717368,1,0
29.639532502083338,7.281605456208181,83.85971361500071,10.373080581666086,1009.9791551334569,1,1
30.39367057787197,18.22527195059045,95.0,3.2231718521933,1013.8857000880957,1,1
28.36692018200584,44.31224051158554,68.46429801971357,2.2526327734653626,1004.974247823967,0,0
29.390773205134355,11.148683316862055,88.75916856998454,1.5275308522920445,999.2457233959129,1,1
29.464400083298255,10.23757675505989,72.52932968624515,3.3262472275540715,1007.3108205347836,0,1
26.735494789277848,4.143783466100546,90.63069536514368,1.126392526246471,1002.0073295593563,1,0
28.480412970262286,19.53340807141388,91.01733593951434,1.3570046002165013,1004.5315440372557,1,0
28.25890712437532,6.599580267243721,72.32461124466045,1.344341875452472,1013.1355198449039,1,1
28.49784279536621,15.408328240781554,38.51119678455382,2.097427730713016,1007.3574984745692,0,0
30.26938927245807,7.690294720404241,62.56399456785942,8.498213197709056,1004.6973773662925,1,1
28.18063082432113,10.459044746381489,67.40151561837708,5.922832300694276,1015.5766859900898,0,0
29.466003523240047,9.303189469068146,72.31331892300474,5.870931145032162,1002.6696211956518,1,0
28.972813499016873,14.977969999747282,86.33046629773233,1.3034630575616686,995.3811929046536,0,1
30.40872805534006,37.15962248283423,51.56420984554319,7.0350231269727335,1006.9411706069168,1,1
26.758507831858896,15.754915827495788,77.492851833363,3.030005514853615,1003.0153940966886,1,0
31.398422301148237,16.409429818143423,57.34530235658497,3.2127127122661086,1000.0808103415557,1,1
26.9634267257025,16.56827112660557,48.02921532063725,7.709404398030251,1002.8423709325351,0,0
29.891473638326353,21.885676286879416,62.97961971212594,11.288125346373116,1005.3832375455481,0,1
29.565194329041653,10.991489046462748,67.47407819905116,1.905047017183085,1007.9866908396355,1,1
29.62934908060367,10.943205700514397,80.75185574568543,10.460245879732131,1008.323936025066,1,1
27.297147485830802,13.162362303929573,64.63327049215579,6.42683035634253,1001.352318365703,1,0
27.697145797897928,20.63796428711504,55.234099158862996,1.17283590291084,1009.9545873198531,0,0
30.648517071173806,16.619410874856136,75.50465606606923,9.100234064946285,1000.0121613390221,1,1
28.719481537728715,6.821230531040152,63.11074309836604,5.398553737668217,1010.1652878165195,0,1
28.800784682954067,26.08101642975172,62.040931763382254,8.644771640148665,1003.3308830674235,0,0
27.78218754548701,7.961871309880106,67.15063340119497,4.621924720883058,1004.9166151742174,1,0
26.09533678405515,12.767197451283993,77.25353082508123,5.22919265773806,1011.4367868846904,0,1
29.497299051480987,7.238160783702039,59.195241699649955,1.9099068625385804,1011.7132675097324,1,1
29.474744952275426,3.0,63.468270052615274,7.218705036354746,1005.1809841379612,0,1
26.910616378780425,15.741254847110923,73.46553009525687,1.9492902876137546,1009.1475695372352,1,1
30.032277508398952,16.756510406170438,50.61398673040688,10.050079753444209,1007.0256685670279,1,1
27.12039566296934,5.218175863876497,45.294496486124984,8.386528865536775,1011.9795423109421,1,0
28.921865670012757,10.31669962915391,73.25196268132773,2.2804180973138566,1010.3092606047793,1,1
28.373885430708953,20.7097297954847,69.48054514943965,9.444878597053329,1004.3013869478527,1,0
29.976730312016816,22.49572588459674,63.85981135667916,21.08185151093313,1011.7789797967918,1,1
27.7443360968496,17.953838331921038,64.13308774546277,2.8204315794464683,999.0097005005646,0,0
28.806041423558312,16.864627534289667,73.03060415695722,6.888530256059032,1005.3941218155154,1,0
25.97444800451473,32.941776324333354,70.21382538134081,1.0831468854311077,1005.9291810240171,1,0
28.83162545081857,6.402572242023739,51.69906390382707,3.2615572604903122,1007.0939538363727,1,0
27.94896154651247,16.47799066026108,74.64207184224848,1.212010318622662,1005.8739131945435,1,1
29.42165670296187,16.15082427202985,72.79756088922454,6.3657500102130085,1000.8658575248912,1,1
29.322794823145,3.0,83.31547488492939,4.470230481558012,1012.961439926116,1,1
28.85265539856369,17.340624860441643,36.21450063574176,1.8974239384109177,1009.5058184368044,0,1
30.224686140474343,12.907353964013563,91.11530284413784,8.155219839262692,1001.4117850680293,1,1
29.3027194734775,12.53082250623325,66.79521476062591,4.6881139948186865,1004.6616698100545,1,1
29.40267794659488,6.727235104181005,60.96176488851329,4.6012810060370795,1009.7096198149468,1,1
27.28153489556403,6.798944797430789,45.42755542559017,1.3115530867455407,1010.9418588473288,1,0
28.4036141802294,13.568683512617095,66.50834226453532,2.144819094742327,1005.5970068577615,0,0
31.495030764327762,8.344992960472894,57.60780733397516,14.335547347355584,1013.6763177208987,1,1
30.847929785836698,14.510022656633183,85.8118620981762,1.5789452181748957,1014.8452375501798,1,1
28.609152870133624,22.417051536250895,68.75062954583044,6.397676856919862,1005.325665205181,1,0
27.294858176613,10.989742478688088,58.20222431643153,5.9668554693598,1007.3981920884747,1,0
30.062140472627213,37.96710414337583,80.07394278478984,5.746322334117317,1006.6979174825397,0,1
27.39459627300712,17.93266661599606,61.01237442284049,5.505565245842954,1008.2694586416486,1,0
30.70263078731485,27.929888041743816,50.36412424341656,1.0725024422170004,1006.5125349493165,0,1
27.98668625041037,7.365692648740337,54.36638440553642,6.137255666951611,1009.6010067527332,1,1
32.5,18.27222005358029,39.6735021114743,5.966551993940356,999.6892353363445,1,1
29.5041166982452,24.0125545995475,56.5546414423756,2.8628146179926626,1002.9584779791477,0,1
29.982431889063825,8.228964612509184,69.86182370336786,13.652725449723448,1004.6038010035733,1,1
28.130766237483062,30.914679938381333,56.830476515680765,7.454999114479312,1002.5330794693341,0,0
30.929328273418683,23.40581837184983,32.51561898825343,1.1823970441217002,1014.456191774446,1,1
26.559026815952066,10.860001550094163,93.34138820757968,2.6326177709090506,1007.5149155556428,1,0
29.00792423873402,12.958614261579532,84.37161592270516,5.315020469474271,1010.3244591238812,0,0
30.017860315291646,16.02128097454633,60.30519430571534,14.877825532655853,1007.6379430567923,1,1
30.808130731958933,6.997680881803974,81.8713760898206,4.115665991638886,1004.2035354903902,1,1
28.342279553727604,4.440766504823579,61.201554059803776,1.6921074632904136,1004.1526644862614,1,0
26.917949141482758,9.940071572070096,55.85189859600663,7.664054852615958,1006.3035476460743,1,0
27.529211080368658,26.086203003222913,82.4006715755293,3.4154392948118404,1005.1063484953416,0,1
28.62630671583112,14.973561380782238,61.34080740796191,1.236477436547653,1001.6034516411794,0,1
30.65817918126071,13.312472993322785,65.52101563616239,3.00394937184779,1007.4274419928721,1,1
30.263519397149867,31.86724688469993,85.33887729041902,1.5224934623914268,996.0506517751477,1,1
26.896922546719995,8.820534307190384,73.8044755357355,8.292815333009282,1005.721493198195,1,0
30.19840144141065,6.900780334486383,76.25419092611368,9.344307264276631,1004.540915543421,1,1
31.21593806330233,24.076893245724087,51.234812806034135,9.491792090909147,998.5989977455056,0,1
26.794114314287462,34.24956256347101,95.0,25.0,1003.6097684851336,1,1
29.51093468030892,30.209832111666866,68.22156003563813,4.823608749727888,1006.3894248358765,0,1
30.070003707854045,8.264895095100808,80.56291689109658,1.6147495301464054,1001.1622752378099,1,1
31.449744039407435,9.484711011249997,78.62699881056122,4.1706004347123695,1007.757643624019,0,1
28.972689541657132,12.27162499841406,75.25387472209312,14.347945428499134,1008.4396837339707,1,0
30.076545450008297,5.895957927887446,74.36249128245618,1.1961235249886668,1009.5921828392451,1,1
32.5,14.809378956682417,75.42258189902907,1.7349824010291268,1012.7869503605915,1,1
29.462948864267332,9.637217510004009,74.09743458160466,11.50460734407952,1006.6021081048484,1,1
29.652363648266395,17.693364170541738,65.21357571957071,9.34314976124192,1007.7016872856523,1,1
29.71650670178709,9.976755065244125,53.63566585857555,10.958838813130331,1003.76139979922,1,1
27.479589405749675,6.338249056432355,53.66074608859279,4.664400628640084,1007.6313900463567,0,0
29.457390383741618,20.03620864621192,57.40295293986807,9.647617886960942,1005.360599833205,1,0
26.9211139448661,21.43094557333642,64.06887342200089,5.9465155256607645,999.3627312556225,0,0
28.800800511852255,12.910277697016731,74.18965265376579,1.3170812418627185,1002.997577968475,0,0
26.593743433535007,26.59692393086207,73.36993203508698,25.0,1009.8830489781833,0,0
30.358280007732706,9.949720977855689,53.85760855540102,1.6168053442079924,1000.8026624388026,1,1
29.72761286099326,10.623248109902839,52.95229262985772,2.19312168742582,1010.9499829698451,1,1
29.814497017972624,5.928054457497106,40.819061817133175,1.9188042220058092,1007.4243963538312,1,1
27.010163828264268,20.092918723604164,68.91235623978748,12.697249304896744,1003.7517785318136,0,0
32.5,14.509685210848572,70.55422720595222,3.7580077842663733,1015.793611065964,1,1
25.987255691210578,25.10321133589814,75.99199456425642,6.296626494948393,1009.981168738719,0,0
27.16326067457594,31.538015986196957,65.82830882602218,1.1876989045649353,1010.3025207384363,0,0
26.918853400230944,35.7990655019188,67.63726208648964,4.258171973115107,1007.305032958495,0,0
30.10936334150872,9.157159315848949,61.58453485644666,6.086411764501225,1004.7686354311285,1,1
28.999847168181873,7.282813462127707,73.55692215874699,3.2407248125330073,1004.4669965144706,1,1
30.541743846382595,38.325689754028524,90.51757533565677,13.357856211575974,1011.5673729627371,0,1
28.05777181894604,18.695333522055822,63.3041350697566,7.020159892362511,1009.2520316183872,1,0
29.323505657395238,6.4776167280978125,71.58712979650275,12.779378137802299,1008.778763381179,1,1
27.165348949893055,19.325771664511223,52.115180352212334,2.5927084336126542,1005.2289735299106,0,1
27.53786871784012,14.889254695976765,85.81876196492473,1.6038507434486944,1008.3271779553979,0,0
29.032783254771108,10.106944505791562,48.70902891659735,1.1188477106972528,1005.5755263959875,1,1
26.75508034704744,13.363644696031107,68.57303970285881,4.595824789780116,1004.0975565099053,0,0
26.982118520992067,17.09285856746067,52.51906289468267,5.957464224695161,1005.0398008745104,1,0
28.141744194898646,14.342800453110826,57.65310172632254,11.82834082240352,1008.8028175810755,0,0
28.1662171380903,16.759810149579753,95.0,1.8863680270621916,1007.3415911323002,0,0
31.627976923874343,23.874592121879367,72.60405095796175,12.235431560952458,1012.0111314981366,1,1
28.13538919344923,21.232413182693957,51.899535911888606,5.685603826691159,1006.8059676819114,0,0
30.136152198806204,10.322034628974002,66.01606736804511,9.007979890897026,1011.3072164862477,1,1
28.645595703562964,4.330480794672704,48.52729573785369,10.856680587621282,1011.9238692829506,1,0
28.8978165696685,13.911243778436205,70.83440614794594,2.4417705317394374,1007.7282419517185,0,0
31.248388775783862,11.170503292523419,54.249461684355495,15.24399859897703,1006.4672996107101,1,1
30.02186274053449,9.339447797410537,75.8619667661137,2.481752410191974,1013.7315820367672,1,1
27.486292850204,5.342222799566394,77.61382354353081,10.792509151648186,1006.2544666372008,1,0
28.267187277314044,31.057686929526287,59.517743546127726,2.426927109203088,1005.9513199320899,0,0
28.758668249467423,11.560239936012879,52.806771996186505,2.6632972149694147,1002.1877174445431,0,1
27.546075183987888,10.910544389260371,89.38754316619932,2.5074081613747063,1015.5993735942898,1,1
30.782855206675293,19.452337772712834,76.90799520230287,9.060262739146081,1009.7506626719454,0,1
27.618474249696416,8.792233996590996,41.443734664057615,2.270615990980974,1008.3858876884882,1,1
28.632739175218656,11.865485538088345,63.93652668705245,1.0407333038765896,1009.3659677620125,0,1
30.579219771323928,21.097110127798697,74.21221032665639,4.14581357067186,1009.2389281567137,1,1
30.220995850330745,11.142119368129727,73.6991200287789,4.229846852489587,1004.1086961434995,1,1
28.39897818152085,12.238201118785698,64.74920193973858,15.262346292774426,1001.566515741717,1,1
30.494832186066567,30.678183274294796,60.61930801413369,4.521384879101479,1007.1882139911675,0,1
30.502697825589994,10.463699431841047,50.99892032270548,14.912450450937712,1003.9722363537619,1,1
30.815930556046155,16.28288310629108,67.7292786046889,1.6166423412900328,1006.2816664770007,1,1
30.458876507747974,8.898608171556651,79.8533373303139,5.894857055252871,1006.9521953955689,1,1
28.880834980399765,5.683477844439388,70.86078599183716,2.2859905315060693,1005.0633515298003,1,1
28.949511064219244,14.659476539240732,77.72949539648485,8.629843682237686,1000.6288376910921,1,0
29.7150034690222,11.34672238974433,64.50926666331839,2.454658947427593,1009.8965208658419,1,0
30.63269728524061,26.42560296573263,52.231357943627806,2.303569088329022,1006.4500781483966,0,1
29.15669250248679,16.557030653759924,92.75399502709766,3.8827387930789965,1005.65067723962,0,0
29.154148003362337,9.347726300569887,87.29829807548029,4.433547075533981,1004.8502249363277,1,1
28.912933267558152,7.64607387973567,85.8482993269837,3.137595567708316,1006.1020193349092,0,1
29.76939884701666,5.335396995955773,64.44891257152136,7.998273154411023,1004.5830676332828,1,1
28.828798948540584,18.856717348275108,67.36529209969507,8.080413184009249,1006.9531186655488,0,0
28.493741700888478,5.939957881148074,58.93998959821367,1.836010033019834,1009.2762562952911,0,0
31.074520898639022,10.263229822650626,61.47927524210393,9.45057063775598,1011.122478677286,1,0
28.961662970155338,4.545272039827299,60.11684966300636,14.25250822509124,1011.1227691963894,1,1
27.854873659616324,10.481631677661735,62.41961192575828,1.5203281050349187,1001.4163816649301,1,0
26.579452976850767,22.49022060401753,58.58324639166731,4.964429704691128,996.8026042301932,1,1
30.158659576838218,7.464973150220114,95.0,1.0597867797649732,1006.9531641740754,1,1
28.961187500963376,5.45588773335022,59.26852984579986,1.0313249388076542,1009.6435393214979,1,0
27.5693139503267,3.0930782714126135,61.638111763373914,9.045145543171827,1005.3285900298981,1,0
31.732234657346634,18.418768529949336,59.18057272673887,2.084022082611848,1007.4579821573157,1,1
28.22608122088051,22.550268881109826,58.75932437354918,5.532388567279341,1011.507458184437,1,0
31.266238240976808,20.115195145288137,64.16995739414232,1.4348673345160043,1009.0222290907965,1,1
29.49557949913671,10.487134382342072,48.18015722961053,6.90208086383442,1012.5058134933099,1,1
26.461554101433816,16.61105879543192,88.42414041375955,9.516117056294577,1014.7065235466443,0,1
28.15293580321108,12.981035235694552,74.14819480464763,2.349542505483595,1004.2029181312722,1,1
29.3545283019398,19.02357761557552,66.98436335323093,12.268437192616389,1005.0407425789065,1,1
30.381476663188263,8.348118289458037,76.34600576536677,1.0168056979028868,1012.947308793263,0,1
29.300741971324207,13.409493992919359,94.43894914309871,10.339716562019516,1006.6686753490023,1,1
28.053898676572935,7.702411749819752,75.58266518470383,4.802206073929372,1007.7165275535074,1,0
27.732263828168797,23.150666443303848,71.24849114534865,8.380207489049814,1007.0631867713023,1,0
25.993105608617487,9.607321389482522,65.90038867421147,6.9511741706703045,1005.1393485311784,1,0
28.440404826024526,20.418428439279268,63.50600792989617,4.855677557723197,1009.223046403567,0,0
28.08114629813415,19.72689960021756,62.66083640520281,4.615801120936126,1003.0569114549122,1,0
29.847177823776065,9.038172181114792,68.82111574863346,5.223234395821497,1008.8416535343301,1,1
29.797977200550914,12.968265284475894,76.78027864755695,3.447902624386476,1003.429982695102,1,1
29.916517564072617,8.163323221747786,69.84925767795565,1.7760050140341033,1006.2091497788003,0,1
29.26382322494143,18.943098084817432,81.62581813783783,2.530656169475148,1003.9339596287324,1,1
27.035629702378316,29.83982138008876,81.97101192277975,8.388327331732157,1002.9261633830814,1,0
29.70567736485625,12.276236897050106,91.5537307720847,9.54521977996853,1007.7314452077309,1,0
28.486094561956534,4.783099249784228,64.18087802828161,6.46955651888783,1005.7291516219799,1,1
28.31304334395462,15.743098819553463,59.41714215298654,8.363936096278039,1006.0988200432464,1,1
30.868723613085468,13.404725683995142,80.87167459041449,6.527235030604243,1003.9987947558171,1,1
28.335204649373072,6.188236109168173,75.5443796056729,4.674358635725877,1013.9648597261719,1,0
31.201011636336453,11.764779339823582,49.130125710232,7.490551731123715,1006.2488623695237,1,1
27.986065692153026,14.869354199317318,59.10549804540496,14.268632970815883,1013.6098134953579,0,0
27.284115961315816,9.362356610636663,67.3319135735078,4.326241708053031,1006.2973369343517,1,0
27.50108643117163,3.0427401375771126,71.41378955595808,5.969004363409167,1004.3443224000773,1,0
29.54019620900662,7.765752859888093,66.43676989655398,3.248251004183928,1005.5571548298797,1,1
28.814753552461504,23.67113404491871,49.38541264542768,6.450802712787549,1012.022144047937,1,0
27.23209899540204,12.051951935046333,30.0,3.2642776828340057,1012.3974391571433,0,0
27.484218663660574,13.779746399357908,79.32992069853385,1.9411380275435275,1018.0,0,1
29.234710727534488,29.778994253509676,80.89790296415852,4.558143131898017,1009.3097459360512,1,1
30.865553934822177,8.194122198549714,34.7698812171975,7.327505239879843,1002.5811265073455,1,1
28.976083037474208,5.779110991215558,65.72880293504615,3.0281327875544157,1012.6646932393354,1,1
28.550506871191107,28.57157413515781,55.40528880369669,1.8126945046114877,1009.1805153503658,1,1
26.4481635984209,11.27036564080675,69.50031029497224,5.7074341164972555,1005.5256970250152,0,0
29.16215409000689,29.16737146482374,65.06527761436388,1.5180952995908585,1001.9169446672051,0,1
29.889474379267096,18.798236227671474,61.71442883798011,5.981156501932642,1004.9856296399025,0,1
27.80848540566101,13.753730434666133,63.5884590685623,3.732261274540609,1009.2889177817785,1,0
30.612455175939914,41.104112035168356,76.09680779732591,2.986743466874684,1002.7066646535759,1,1
30.033407219898702,22.211070143689454,67.3870747505857,5.247597971511633,1004.2346689098557,1,1
30.23258814463092,19.212559778308286,57.26320402147326,9.019813418643547,1011.2598464623088,1,1
29.68337089185492,24.82445176266129,66.45386612698587,6.769597473759957,999.6699296534273,1,1
26.880772482697168,13.033719944682645,86.51298545282907,8.114796198078867,1008.1436637272161,1,0
27.679523970227724,27.724025011910616,79.62748539660669,9.603731957096418,1012.9200971431987,1,0
29.642736489145463,34.225888567287456,87.77066036472584,4.992717177261637,1008.4164888745934,1,1
27.039209922928805,14.490093995225234,63.23060841452714,1.8575276711826767,1003.5696462713925,1,0
27.22213940462231,29.23484374944473,60.91169093053804,5.4072876211368195,1010.5062032980446,1,1
29.522146000448792,12.283207576058178,70.88250649814805,7.719708327672205,1009.3471883081178,1,1
28.933898495942277,9.504383941242205,67.71482494516691,2.5685756200523095,1008.4493674635387,0,0
30.461347941558735,17.25916808586844,42.74965040081898,12.139837946077236,1010.2541355007816,0,1
27.865163116536255,8.996881175344159,66.67382995150487,3.3785087899112423,1008.5503228511316,1,1
30.593469882889945,19.6880826008076,75.910722755551,12.771139174705901,1005.0446781835186,1,1
28.633697009825962,9.481746166279622,55.00796542442412,6.950756847753031,1016.3052754313611,1,1
29.386959435558033,13.716791540256041,49.55539814332528,19.696072404852117,1015.6218785918466,1,1
31.04869726225374,12.855092007087297,53.386487494456844,2.7146456782061428,1006.431273764648,1,1
29.237204933329327,15.888841753423945,60.144044315953515,5.216325497035769,1006.0392997803829,0,1
30.484225004448806,15.773439921857797,66.29082395847068,10.571028143881808,1006.1324586566203,0,1
28.855330300616245,37.90745927852735,64.49625728497399,7.127340502013788,1002.3277537617329,1,1
30.79540629304198,8.041644698867449,72.46234299116162,8.200424406193186,1008.7298070593843,1,1
26.971885418405922,15.742010121349157,64.34418699048985,3.1728491028353765,998.6981179852427,0,1
30.839159487505903,9.228829824823116,79.17376040690684,1.1592387138983113,1011.6373796465772,1,1
31.254572586756087,17.86016964618835,79.04415212422315,16.114629302522765,1005.9629116711178,0,1
31.17368627802773,16.268921563286817,81.05820282720556,2.319696398527169,1007.2372153475476,1,1
30.728896134423863,24.4848024890244,67.97618451034366,7.50393296929487,1005.3928956533481,0,1
29.233997661580347,20.65629653179772,43.05191850724495,1.636609634993393,1006.5878376732378,1,0
26.766375235885317,26.05237868702982,60.5634706923834,1.6406655702566453,1006.6662325574117,0,0
27.16879587400793,14.483954607192414,72.70096510516534,6.216628586387728,998.0538195704618,1,0
28.083427620445423,14.770615824396614,53.82758326391774,1.1757618169168798,1003.4914709221345,1,0
30.420095198901063,7.415407908942782,79.47498980240768,8.505047158363348,1012.9562359249685,1,1
30.387339337000803,7.158813449239628,59.62093503500264,1.0805169153721175,1006.0994280627093,1,0
30.245203451824892,23.767464790600304,62.97611529972384,7.433283291773011,1009.6561595596608,1,1
27.053767441003007,13.85687451590378,57.4850518901373,5.95939096357278,1008.872025882655,0,0
29.373239659538335,3.0,78.73502639202411,5.408538857127803,1004.187744789948,1,1
28.110192271692988,21.57395448944399,64.33684703802521,1.3744025066778174,1006.7245803943749,0,0
29.955898323674827,14.597748615124061,90.88753109218372,7.987847221868423,1010.5078644097212,0,1
29.92734322854959,17.373465067404283,63.84018570157356,13.979998108001231,1003.8612582660088,1,1
29.397826926371334,24.81147228978272,64.92595189674117,6.249352249567632,998.571951593167,0,1
27.23536464892516,7.061741816070611,68.24355541071533,2.177520013245655,1004.7238867961428,1,0
28.747106359691614,14.71000829799809,73.55846818249235,3.2302388419401393,1007.2494478570798,0,1
26.738897317492313,17.14555503761426,63.86461657021461,4.199717094277071,1003.7348353658583,0,0
27.542825842172075,33.50203611714175,64.22672146383182,10.841714114478618,1001.5867514423255,0,0
30.311796509964704,11.997079846476156,66.81395016022027,8.883596660731097,1012.7712858990059,0,1
27.549122449232545,21.448153268634098,85.93694616746265,3.352045628106432,1012.286443348976,0,0
30.1295370804069,24.448266743888023,58.381381993024405,11.006426225214538,1005.2558200246883,1,0
29.206457694180163,26.738086612062784,58.87894486707216,5.110654902909683,1005.8222521260574,0,0
29.23868464681244,23.99746289911398,71.51670593270036,10.990031365658083,1008.2570188560919,0,1
28.023408586785944,4.698309886877661,53.96166672401337,3.7222027464188323,1009.8079425572646,1,1
28.965931396687935,6.435564459296958,62.69903769555616,7.0015627309104795,1006.4267222048321,1,1
26.9131737819648,13.737144128538063,65.24949290089464,4.435909751753872,1004.8015032213382,1,1
28.322808737669934,15.973006566643761,68.77512032260846,3.6251193296389217,1015.1465163480867,1,0
32.02850040142611,8.816827366162808,62.48389060057193,4.764247219149928,1005.212855166045,1,1
27.27480967406106,9.280565526088592,57.41471248228737,21.637029557013665,1003.9090987775492,0,1
30.832303842571513,26.354126063092906,76.23407117854183,6.421807095847527,1005.6850318926757,1,1
28.93719284282658,26.736383793410006,74.97281820138332,8.351611260354193,1010.9195503782743,1,1
26.605328084789917,24.582141185791517,71.69378016267605,6.7523441494687875,1010.3659438011365,0,0
29.43767503863933,21.201213980784637,58.90838153491626,7.334425312018127,1008.3830265458134,1,1
28.934549061765036,21.032956687717036,70.64459383690449,3.638264660192023,1008.8899655258623,1,0
30.322904125849217,16.94605547288086,78.15187624828454,1.174460552389766,1007.6458186596263,0,1
28.939430252890148,8.787352662096199,55.89193209769814,5.551713577565299,1003.1214770397584,0,1
29.146338924218437,8.791682790777418,84.53987515079092,7.010285571406982,1011.5891598886789,1,1
30.165107351818016,19.885294153216556,87.15249241427628,2.5541666938662155,1000.0799166861086,0,1
30.780061285327463,6.093803249604594,83.13753236931468,16.54166485018824,1010.2632117605976,0,1
29.359393557344944,34.842208009859654,67.42696545409777,6.867045536709076,1008.5407999127368,0,0
30.707443899691967,5.5123300751468145,91.21162599605253,1.5722755639097623,1004.8471921479018,1,1
29.523500868627885,15.082289780617684,81.00043155632619,4.843382277548516,1011.4365428094915,1,0
30.902740394347965,7.444645932537959,80.0574901066293,1.406302279840249,1002.4352074760233,1,1
29.68539544891,6.3083484388617785,70.9543092586181,10.341176663659668,1005.185721761743,1,1
30.470235626592896,17.06036308356925,86.66015288528557,2.956498707221339,1006.1991724391293,1,1
30.97183820332024,8.243414878047991,72.7563963760098,3.960958919063762,1004.6163609242617,1,1
28.052165938949546,39.25755613477576,69.52249688956046,9.597371311026555,1005.2578812802914,1,0
30.927084195514283,3.0,81.32696381010483,4.256243962244358,1003.3792455768329,1,1
30.088850317060835,21.247474898320537,57.26864202311155,2.4376382897922824,1006.6642236168162,1,1
28.779098083324413,27.91023650626699,95.0,1.672463236495222,1010.3683762678316,0,1
29.311217207476442,24.520810933000593,69.33201228549834,4.204325685091627,1004.4428192832017,0,1
30.51389482961319,19.104364650221438,83.16372308442394,6.88660945670117,1003.2122676099204,1,1
29.089759077752124,42.95592835711369,46.20984825416129,5.737487237417481,1003.3267910761234,0,0
30.94085848225925,19.984179922932363,85.60334128093358,5.418421643225073,1007.7871207337795,0,1
29.69223624502361,25.336127455717506,62.06125466512495,2.4760274783198635,1003.3093010004847,1,1
28.820508192647377,3.0,72.10022119866599,15.047504086048933,1013.2014902602158,1,1
27.548258126468554,3.0,64.85491759564552,1.474526813156395,1007.9658371944004,1,1
28.679110744200976,25.212157712364963,78.10287950721434,6.127067393326538,1005.3745265629518,0,1
29.054512707758494,23.4714473727843,51.89530632746194,1.3558311755450354,1004.3621956011721,1,0
28.85563633488998,18.485345683589014,61.4700857795481,10.831421388230657,1007.1282740367948,1,1
29.41425652142135,3.57570915080506,80.24547288101121,5.083143405563947,1013.2893143514463,1,0
28.513513512821216,11.243763751167094,59.628417135205595,8.712135831594574,1001.6523829471668,0,0
28.57306584273385,7.477526788753473,54.59597709065844,2.9286416310974523,1011.2931589424492,1,0
30.513618790982022,23.73107258939902,44.31232710306065,9.891764862690824,1003.9765871433673,1,1
26.923916217024654,19.279029447518564,57.356743758457576,5.14419769358951,1006.220135281589,1,0
28.496421305849225,42.90340100607716,68.77995048319768,1.0580385991989014,1010.8008028209003,0,0
27.24522819284398,12.620728350060652,72.76816071846645,1.3300377673049653,1013.980685518631,1,1
29.66275669902717,10.43454459044449,61.75283502362332,16.2616168451801,1004.6422223133209,1,1
30.31058929939633,8.454815376266453,51.71447096394924,2.635054738312765,1006.9153257953188,1,1
28.321863212647937,13.37473838342356,82.74235179728753,3.5853802960431995,1012.6395790402145,0,1
29.85762356956465,16.511341128557817,47.695801303176374,1.2552917558872894,1010.2755518411408,0,0
27.459440085467264,16.230265067420003,61.62049294187295,10.0341515122435,1008.6634037450926,0,0
26.6121719700207,20.22114667843315,54.56286909901952,2.7619809059115354,1000.8052786509742,0,0
27.70047736879127,21.920554397188322,57.64862982995798,9.3680664642189,1010.2601365367728,1,0
29.30088890957845,29.538190814330058,73.14078332552005,4.066569066620112,1009.2631571449675,1,0
30.06712974197501,11.839363277436838,89.43548388663973,3.492357628745865,1004.7648469090456,1,1
29.486734758461147,11.282894652326368,70.64167230067507,1.010768281396137,1001.5409251354488,1,1
27.759769964063008,20.64138245157252,94.4110858108564,3.210898233483897,1003.5743747014361,1,0
28.62659871516382,22.63638610807934,65.0874249386148,2.1535345149645257,1007.437108039002,0,0
27.72263342589084,9.988779036865356,75.14883510513528,2.2768515036450765,999.1205048649417,1,1
28.880047302237262,23.483572508259346,53.03270138444731,1.3430482167437843,1006.9349841077778,0,1
28.38107417881173,33.96459509127421,76.61789135645665,23.95342099640348,1007.1806713224644,1,1
29.555241608044582,13.806265895466735,67.38430250709642,1.079409001191679,1007.0596577982217,1,1
30.182796405812013,21.229511125928486,58.93545599906119,2.110002852236592,1005.2825908419399,1,1
28.475490241034542,30.439466029763476,63.95613999110369,3.074055985489495,1003.0352054219303,1,0
32.5,3.6633023405732232,81.04401064135793,6.264776800895896,1003.1669237511858,1,1
29.033257066718022,22.40930691852298,53.738772907289054,5.030372658176887,1014.1987210913717,1,1
28.744845687462085,11.026859683601781,56.53321878423358,2.766862834870026,1002.7776149345517,1,0
30.130962622864214,29.95800921623916,60.91033338678934,4.949107735076261,1014.0613528530537,1,1
31.163041354763767,28.912675839057776,50.21446880654023,3.7698957715869246,1007.7640553018437,0,1
28.884874804833203,16.842025540291136,78.33699009321441,6.424077132653748,1007.3504600864799,0,0
29.55113392221667,10.19713218882929,35.03321429462874,1.6201004159803278,1003.2343164708941,0,1
26.940630617196383,14.269960450693516,71.2871276911554,1.8904618533904924,1005.4020358476841,1,0
30.89965250422118,6.181858188116259,45.447383531222265,3.4730911914184404,1009.7731433992269,1,1
29.382875576460734,11.227751689827999,76.148143169442,5.2600702974430575,1010.497154828271,1,1
29.681111117348117,26.327529861169,87.66611223417092,3.5066777276119705,1003.5909895814209,1,1
30.008424326562427,19.209353843530582,65.03642277929325,2.7706680314023138,1012.7824675148022,1,1
27.209983812469822,12.317978272279333,67.63312658789006,2.6741755104936313,1008.3591753681075,0,1
30.36592006887879,5.64815267665286,95.0,5.022047526206155,1004.216755371037,1,1
27.912494384969964,8.577800882371811,92.2614498895958,5.26384805067934,1010.943947553185,1,0
28.05105376936707,12.76682234089771,70.77067907204561,2.0550881854201664,1010.1194069801851,1,0
27.609045275992806,18.943543108632426,73.29586613275856,1.1809734491611872,1007.5443253940216,1,0
28.85376131422061,13.95674606490336,82.77877239220277,5.0632697830707425,1009.238165035792,1,1
27.998186606579758,16.623669139136542,72.90187232076805,6.4650218829237325,1010.5352191875719,1,1
28.01230101990737,11.735551438600766,88.29619521803265,5.586720274376999,1003.832520673474,1,0
27.834426162727304,20.836431105576775,78.49098515068636,3.8082263532124756,1006.269791349322,0,1
30.25122301734638,12.800930557070368,79.14597686184926,9.35946294316773,1007.8328478811327,1,1
29.43888841600816,16.111494489525235,60.474726704494756,1.1148132115178644,1013.4463731867545,1,1
27.775175456815482,3.631828360044805,71.71292384859126,1.315162298330889,1014.8323609209788,0,0
29.71266193146071,19.429985719218653,91.25739013669342,1.7459486686173777,1003.0498682930717,0,0
29.163522693629453,29.69758102554435,79.60759479417707,2.4669243348900753,1011.9365879498479,0,1
28.48685819757102,17.48322728835981,78.44101408592614,1.8320627933575864,1003.0372581808269,0,0
30.555003110343957,31.731232049676112,63.41740559761219,3.437216417443982,1011.9555242620428,1,1
28.79968678009599,14.33383443108525,66.83511587645191,1.872481393915706,1007.6956226242036,1,1
30.15527560262821,34.11273821828617,52.40228911261598,9.879238362827277,1002.4432580462191,0,1
28.8484118732724,30.517920704156502,70.99595662317326,7.057185083759704,1005.1712274978871,1,1
28.683726258321634,18.524590973621834,44.34951544387732,1.018931883517063,1009.8834552793951,1,0
32.03546777058336,18.114425516803117,53.60149024760183,9.898181903166815,1012.1457691194282,1,1
31.133294634066104,14.482715023666444,48.01811417510865,2.36758489350205,1016.4164935455751,1,1
28.10431641446898,4.546905747578515,72.71972832262931,9.887874652420788,1002.9708306890326,1,1
29.593559451195233,23.48028533824325,80.14103180598855,3.3547846106043915,1013.7154924900058,1,1
27.74328155292042,9.1384242935192,81.98362239554874,1.260961974452392,1008.9829620501954,1,0
31.04174445825237,18.470201330145816,69.12075680546053,4.479580795100272,1008.7054274415735,0,1
28.259923803040646,8.148653101548474,54.420192358533896,13.263513608066773,1004.988934715317,1,1
29.667783665697236,16.03689366376397,82.37215069440211,2.8795674426026965,1008.1840536739026,1,1
28.584133752316575,15.98122689115622,58.10986064239411,1.5143928838230996,1010.2597491307731,1,1
28.399682060440313,10.176090077135145,55.02480884544933,4.848519652404935,1008.0180014237105,1,0
29.11626139591697,9.361341074439817,66.90043058762933,5.923204136468278,1009.2687645464753,1,0
27.136645555258767,16.972539428044794,51.61247832459489,10.219571519961244,1004.0055666632568,1,0
29.98980677669614,10.40420256657749,59.50119048142372,3.9123541991424027,1009.6139275124141,1,1
27.406398375754904,10.88937974402888,70.36742349438296,14.92159516397178,1008.1980020377445,0,0
29.341241962969857,30.708097156952654,50.56758532652336,5.79938733810736,1003.4161831526375,1,1
30.27215285568216,25.58103278592139,48.4953673810584,5.549196587911631,1006.3933603113259,1,1
31.22394240709716,17.525867215335527,67.8722827968875,1.3441211428776438,1007.0725962654521,1,1
28.21566871619813,9.94321486598748,66.8077061448164,1.105410975536957,1005.017591270471,1,0
30.388923476226847,8.639745255634747,62.76348868620437,4.274152861590757,1007.798837424876,1,1
27.092263642770877,45.0,79.8695618816011,2.698770133501,1005.3409118458932,0,0
30.613007682024374,19.843104710136835,67.24330821930076,4.593877823304268,1008.6801543129201,1,1
28.153066597958713,10.719586567325095,71.67797167306148,3.3425760196423444,1007.456999676608,1,0
32.2853406865485,31.7584363171456,80.25895439983319,3.6940451335686983,1002.8309236547095,0,1
28.743766723448022,6.479674580142462,72.64602351952165,1.620503558942294,1003.697758302414,0,1
28.548973751638748,18.7468525700257,87.18909450837506,4.1427660039311665,1006.7554970975984,0,0
28.61427626925126,14.834067299565492,75.20152606821462,1.223356813902145,1003.9309686985475,1,1
29.262237301489122,8.479598567088331,80.19628197923608,4.458121843016215,1010.5242380643436,1,1
27.560978067804403,11.090069092871268,72.78952169546253,8.12349511100345,1001.0155853500978,1,1
28.195104440453967,11.711866548180128,89.78890309809539,9.869034509687282,1004.1990450483845,1,1
29.041732117288355,9.123137560391212,84.17876053310157,7.453736681304814,1008.111086072652,0,1
28.397173193975956,11.813506674051993,69.10839873734221,5.9192236598214585,1009.8772731317341,1,0
32.15029352018242,8.953928981935956,62.26589855711214,5.638836272795822,1014.9313385396583,1,1
28.576465037093897,17.677294907730964,76.70980109817125,2.2392537152318432,1004.6083306011644,1,0
29.56267609969765,20.76828286190161,85.43169531936663,5.98531616458187,1003.5297373322982,1,0
27.305103857993018,22.276482297227155,70.82624347047994,5.467924037362432,1014.6088238856062,0,0
27.960719699989333,25.557127075123347,85.21095761924445,13.575837057962602,1007.3515934467634,0,0
30.637103206040287,9.881505963692534,65.49915790594699,10.432060697615157,1006.3238531330965,1,1
28.987123251954927,6.921816199198624,94.96247742051858,2.0112417981141375,1013.4053700908471,1,1
28.98425566989119,7.487984755117316,53.15703531687434,1.6789370000959898,1005.1074148807775,0,1
29.189646564115183,8.423773235258283,90.94819061110401,8.08474262296298,1001.4210342306948,1,1
30.793596590099302,14.751130107739062,61.98322375237127,2.5645355943541492,1012.3887223219592,0,1
29.410546131158483,24.01436004317117,64.80371529685425,4.328335179915899,1005.4437322844066,1,0
27.936858640173366,18.755884778323967,75.0449128141669,1.226574334467963,1004.5925277010087,1,0
28.34442758933851,13.491821673653918,53.74239632205658,5.254095026602952,1006.5835972714112,1,0
29.49753260110928,14.159143984771921,63.104676377305424,2.5101161586092062,1008.1919920529912,1,1
27.67223192311675,7.692655569785898,70.92651558404388,1.8797126950683358,1015.2949784619186,0,0
29.699341135116086,21.685078062739613,66.860008443071,6.163464275764234,1004.6482500724936,1,0
26.277715524879557,24.141550911069764,66.17049131749262,3.8084835485340918,1009.5380692005216,0,0
27.687266984367263,16.76591683706992,67.4411937399983,13.276545462271631,1005.9034384097199,0,0
29.090855417386805,5.131776184074653,52.826091122333054,1.4147015094398756,999.8847620643394,1,0
29.163076954877294,4.687352477290447,63.92010667045927,2.5966678581837077,1007.1535471148633,0,0
27.814475216626604,15.373826207302393,48.38544654789355,2.3465112841465987,1013.5700833524977,0,1
29.985329785301204,5.847741245530174,65.8321605921851,3.6101940337483716,1012.5339922192894,1,1
30.480639692797908,7.173391508068523,69.2154335970598,10.633942017978988,1012.0511609594065,1,1
30.148088565935897,16.937052514067783,69.29683081473273,3.7803051268323205,1004.6625413665606,1,1
30.123329448492026,23.413230116550757,55.261988148383935,8.734487209963524,1005.3167040349175,0,1
31.317986169169238,5.797383705865499,53.89977035685629,3.806194695375658,1004.6067486077843,1,1
29.96808889885496,13.923557275184834,69.41662789297757,11.470023963040571,1004.926021280121,1,1
28.49879027639972,11.844302998239476,59.740862629720446,6.356419690634458,1001.0304541727323,0,0
30.236012509982736,14.377612650471418,68.58144194507298,1.3406581683745447,1005.8341470794148,0,1
29.353005461468687,11.871252649670323,81.37375911044192,5.4737820161605475,1018.0,1,1
30.56421009908143,29.786347998680615,48.831272669523614,7.508962737581535,1003.7763643818809,1,0
28.88783496607769,10.54714394890786,75.23798970824775,5.451127113656881,1018.0,1,1
29.893878862997138,23.3063459810266,91.20353871251176,10.314012977106715,1001.8919884648723,1,0
28.190558504133442,3.8513703277723272,51.359864395445584,2.101760634138031,1005.3845064025146,1,0
27.79456794823749,5.529951829129428,48.313869645552145,5.80441142943795,1005.4878653161402,0,1
29.370920599356367,15.915377459622597,77.901396317152,2.7554236955258697,1005.3090250383443,1,0
29.86390347588623,16.931832074774437,57.114269539755696,11.501730071299207,1007.6174344239433,1,0
28.77831717662993,19.34924847184669,48.820971686011276,1.2350126227289022,1005.0977437630346,1,1
31.776588256323237,17.325793962645548,62.02680695559391,2.280483328728294,1008.0222740851709,0,1
28.07362298890739,17.385733800176027,77.75840462341267,6.052198105692426,1009.0436738742866,0,0
28.8131771261305,28.17572144071871,73.94082115627198,10.007163249967808,1010.1773285484269,0,1
27.770190094226887,9.385662657102571,83.31076861460832,1.604909489887983,1002.8787950186422,1,1
29.792604663453346,14.619650807121767,78.11629723299382,1.6460151555035027,1006.3702511641995,1,0
29.5940382320457,5.276318911811034,58.01221436543912,6.674680646365607,1007.5401089113329,1,1
27.642030304674133,10.488423245757838,64.76320179551988,13.882639498519502,1003.9367412002389,1,1
29.312570773390732,17.351519752953394,68.06798701298612,1.6658246095466613,1004.5650914649333,1,1
29.684910549951866,11.911935414728244,58.84462312820358,1.6101990797631602,1007.0060132656183,0,1
29.50143238054119,13.547872004316037,65.23156076380334,1.8242076559321165,1000.1437552361509,1,1
25.633782400519152,10.697420709161086,71.52232199174362,6.855388783444326,1011.199129889505,1,1
29.664756965168593,9.73618311023648,74.62924171973057,6.08833955557902,1010.009406701591,1,1
30.117718986056957,3.3300764856530156,76.3468821609884,5.149660600435185,1009.5875462232558,1,1
30.543151817562716,6.267536568864465,63.36682658221666,15.233743265470835,1005.8788783388919,0,1
28.489235161315985,24.954378368330282,71.10270284919567,10.39256514370256,1001.5199230123877,1,1
28.92415749633933,28.297733691145545,89.74505370369681,12.201512810324772,1005.0278070374249,0,1
29.38524186083033,13.6833232489952,81.28208732030625,3.4611340219728155,1010.2113156476768,1,1
31.881675290365678,31.7491256328427,82.66781419553519,5.386544026044107,1002.7918909230929,0,1
30.238703622096946,7.750407267036815,95.0,2.6904415096944416,1014.353021845047,1,1
29.680638121211096,12.874962382935516,68.80258585306186,3.5542087943724208,1007.0646709779479,1,1
28.177064142565552,19.52444281132977,81.82426763414452,1.3293086187106664,1003.8064745464618,0,0
28.781997516122235,15.607520616193195,64.8782669751313,5.274840104211695,1001.1473853601508,0,0
28.01580908881826,10.727920444769412,82.11861959993684,13.04336538379355,1002.6769353112593,1,1
29.80650979473644,23.678106037623635,62.10038103696986,1.025775669135529,1004.4086508725028,1,1
29.734018361573604,8.968478729651405,67.86703368638835,6.697308470890112,1006.2841602284971,1,0
29.483204594058417,11.789833024217396,46.0902375321778,1.8113313910054623,1004.6712029809248,1,1
31.03507542325494,6.550415406217237,50.445021356263055,2.8056462989842172,1006.6608209613756,1,1
29.511863332793286,18.371225388919182,46.78529472846151,1.5696802776126948,1001.2608143171783,0,1
31.384438494256795,25.451152220800925,57.904664449320244,1.6601643744236734,1004.6513091153738,0,1
27.70379489286882,14.599905302323641,71.62411262708254,7.756616137396049,1005.6348626865191,0,1
27.311497937170305,6.79804912896768,76.5016229360231,2.61302464496585,1010.0001198103789,0,0
29.45346259868538,8.804268217201301,68.64969393478792,1.262687081305815,1014.503433429095,1,1
29.40377727228759,7.316866961992818,36.565939001050864,3.004740116277974,1006.2411183898502,1,1
28.14707907450176,28.817404546614824,70.78546458570105,10.17781181187116,1012.6866940159823,0,0
31.881871249806988,16.125513250248208,74.43003382960593,2.0638593846204936,1010.3198333272067,1,1
31.94519227901413,18.130119240352144,58.344404051145155,4.7259386008856845,1005.8557324031993,1,1
28.177788269092453,20.08677105995622,59.39882416741327,1.229119248506385,1007.2477166856919,0,1
26.773631540582247,13.572603613055914,89.6434647083849,7.8257902171150695,1004.8027241114763,0,0
29.66257437364416,36.84260840556162,54.7976953839902,3.0496712989360635,999.3181433194711,0,1
29.837074368559364,24.879701467270777,67.41471060092391,4.638472817133809,1007.2036434031359,0,0
28.161640459383385,13.709215846581184,68.71216153620091,6.083891094837913,1006.0139975086809,1,1
28.110406752680564,21.634351517450643,63.918228905973386,2.073149674722636,1003.7299127963565,1,0
29.440132161567778,7.943245140485711,84.31312301224284,1.5316221885080368,1001.5264573396059,1,1
29.51222819572633,5.133878486111356,86.3262217302065,1.5397345848602202,1010.9746893778479,1,1
30.022645416528146,3.706050346069999,54.95604695417916,8.007513588190655,1007.7256868802451,1,1
29.814927643359425,26.855517866185473,66.1867067340814,1.7765031860304996,1014.1365148007804,0,1
31.13735570214944,10.398506119128472,58.324675544262035,1.1658716655187549,1010.2863433667202,1,1
29.387577252110713,18.798032931277024,44.60467530147542,1.659390444139357,1005.4448242594558,1,1
30.498549399894458,9.943883651840293,90.31092977406402,3.9198380731253675,1002.109690521432,0,1
28.39886182795845,27.252778499359234,89.48370997553417,14.895053341293,1001.0719425537236,1,0
29.067993873937024,11.082102035276636,72.90712809077816,9.634161960691412,998.4823974755001,1,1
30.88419895935272,16.340687829856694,61.78483325214813,2.2365965250975828,1006.3897708680929,1,1
25.77447224399633,28.152968938257434,62.13402514227347,4.022195389645017,1009.6675330321494,0,0
32.266046391444526,26.757190090431994,85.45946818846703,2.1090311245823385,1012.4276401096915,1,1
30.325085932379476,17.533702133569825,55.774633079644005,4.983450062357128,1002.2693894762023,0,0
30.148010760809793,7.364843736862524,67.1880625987762,6.019289272664847,1003.2733888596507,1,1
28.877052324451636,8.661326734317083,55.140433846453824,2.3198159922290555,1009.9708273829026,1,1
28.725683863370488,19.242377024118703,71.16278629879828,1.6079590508566781,1006.386756712999,1,0
28.58059301169402,37.09357935582587,67.29783082993428,4.693409611633625,1007.0514475416304,0,1
28.21800824901958,11.228882570690857,80.62230838640643,1.8182525179680935,1008.2168039422058,1,1
30.12498114570354,18.308003367911944,77.47646288982557,4.275139182569299,1002.0915959476474,0,1
30.086112820046182,37.10559556592496,86.21169885267503,2.358305458644048,1001.3502914622002,0,1
27.646926974789363,24.055478409052746,71.37961764497446,23.49579695145695,1009.4267560841848,0,1
27.917156373540706,8.345223558109653,83.26539427689765,5.331258069996875,1009.1381929872708,1,0
28.937506510324614,16.19565662275117,72.2229087995445,3.8539467301335653,1011.1865387297311,0,1
30.642532099700333,10.761548413767112,69.45034601123278,4.949342172751923,1008.7834049114756,1,1
29.0357228096809,7.942748830816237,75.95465619530056,1.1801577660733222,1005.9910102506083,1,0
26.316505324727032,31.016155184602503,68.74987982825463,5.264071611236521,1007.7616305366055,0,0
28.78091362424119,6.442337716575885,60.604966469280505,2.0359092820231544,1002.2225094730583,1,1
29.2079691098909,10.655732031758419,66.0987570151641,8.938258759081165,1002.0780641162984,0,1
30.440624895393285,33.20179423520763,69.36840666133293,4.788538479004503,1010.1454887471203,1,1
27.212968313762204,7.165136948569676,77.25810245378521,2.0682327502898357,1007.4037032092565,0,1
32.21474899427573,22.98088606418579,73.60471225485064,6.8280610148845895,1011.7558047003384,1,1
26.477625201860533,16.16160901604425,53.864404604427335,6.27457557115603,1018.0,1,0
27.698579184448306,9.998687538419519,57.54249961365316,6.953338639815389,1005.147480543806,0,0
28.943083915365833,23.23228762550745,65.39320439036155,14.250416706967911,1010.590741149189,1,0
31.44551051195685,15.868841553170705,72.70589366699055,2.9216034304385383,1009.156524391852,1,1
27.60332112661899,12.200091623603246,83.46117271444795,5.7407364793456965,1009.1753523476868,1,1
26.98351192577962,20.361021209439983,50.130080262254054,8.384699039551798,1002.6427214050318,0,0
30.593221823778507,4.683626918801676,53.39192321470146,3.676839746556897,1000.3099654115258,1,1
29.63750000081049,22.87831677787077,71.2164024753676,10.808290021023405,1001.2850401498929,1,1
29.611781020395544,37.78475160126579,61.60200815247316,11.322374806257118,1004.8846243211417,1,1
29.452875080887917,15.293768454747848,77.36007153189964,13.117066280318808,1003.8406926544033,1,1
29.8445828488571,24.25690850368298,40.378833727625874,4.212372214005825,1006.5734267074605,0,1
30.150382000825804,22.917131373590532,75.5851889324257,1.055632916284744,1001.1994036296046,1,1
29.320261229628652,20.573568453271786,67.41727862216524,1.900487008897528,1009.021144919728,1,1
28.527871034599386,23.992810440465203,58.237310549668976,7.030436401589334,1012.3938437770915,1,0
28.747895484268177,26.698324693193914,62.661056610013844,7.961759734695053,1008.3517808804862,1,0
27.952773154310258,7.152245357547937,50.089423805053556,10.777248939911555,1010.6974904691158,1,0
30.259608096648492,8.734689400208785,58.002868468383596,5.2034826990551615,1009.3212888268428,1,1
28.521744946740966,28.632742821184706,71.51167863907774,2.930298299271186,1002.0638709901774,0,0
28.316629287644638,7.497871831540623,95.0,13.111277520347338,1009.2983116034009,1,1
30.59345851214559,25.498293629552837,67.17592575118009,1.4825732586256044,1014.0769965908846,0,1
28.943955784452776,6.469354669527042,66.07301716076691,3.6000770708335392,1005.1817042985322,1,1
29.749076469108005,11.093403808919904,71.38904624679652,1.54429185468042,1005.5941609890257,1,1
29.556780542984043,11.166774295215678,67.4433982547444,8.262087661554101,1009.0911325741836,0,1
30.423841854061862,20.07325140922582,57.599055279866654,5.859490535710156,1009.4692930671627,1,1
27.961258322407346,19.7507519449327,83.13327534733415,3.039423179840081,1001.0037277151305,1,0
28.936150060922685,22.534444242278223,83.26784845893243,17.83270673021027,1008.5485422012906,1,1
30.037170794356907,13.448135261094636,53.861374091964734,22.443709123269983,1007.1091777720011,1,1
29.28202818305475,10.417727699906429,73.25080814764559,2.042336227075686,1009.4502393469434,1,1
31.11963360841794,13.583214271925073,64.5007101947075,7.984777853039125,1008.0421742658316,0,1
31.036051816246005,14.83956425105746,77.26880170557651,3.2786901569761593,998.9331843791257,1,1
26.402326779008472,3.0,65.72638300336723,11.514223906276943,1000.3664046641662,1,0
28.110041887508196,4.018617642737653,52.370483470135845,4.703217828053418,1002.2209435520946,0,1
27.65350099858895,10.69809524191458,88.7803158638435,2.1253426052420585,1009.3648432718279,0,0
26.884251388899138,15.805664762152704,67.56347203801853,2.440321977276554,1010.1528059945678,0,0
26.5247012540035,11.439972536849163,83.05415294434387,11.952482372686429,1010.618900436963,1,0
28.14684414434234,8.750051136612372,73.66687493172643,1.8528815804746541,1011.448846530141,0,0
27.619132002090797,18.152250665475037,56.19977971299936,21.123675810266185,1004.1485100269609,1,1
29.504463480800226,26.24122332623209,89.65676736075265,1.529681612615284,1003.3530572847553,0,0
29.85771074104121,15.578996027019604,88.58230173105581,1.3374810775265353,1002.6940659763751,1,1
28.41878112407384,5.229385510527759,58.88006566118261,2.4512446625641573,1001.9235931130721,1,1
29.478029557426535,18.27501687950153,31.026286114680957,7.5177424924738006,1003.0062554809946,1,1
28.392487955619632,24.043708242967536,63.5840007185912,3.3710612618164424,1003.1403302625205,0,0
32.181164146408655,24.824415460612922,68.50101785587351,5.707779007217492,1008.7848291039218,1,1
31.018962126136113,7.986693145488803,70.4002808679991,6.154451667018767,1000.4013406087806,1,1
30.407596637317425,7.704429647376865,62.6586255361889,3.000103923833277,1006.058711868283,1,1
28.307415955762174,14.8156368808503,87.42973464582623,2.5733959211175415,1012.8031827811703,1,0
27.71491252048609,15.56147144505968,70.03938223637356,8.385408815292823,1001.6220855777655,1,0
30.13652502694789,38.96220523968659,60.399823153983235,8.253278264620725,1008.863080241076,1,1
29.870545221109776,8.163283251032487,71.23039756045212,1.493952986281021,1005.0818744158418,0,1
28.319291576956726,22.832561277543956,61.26206890125021,10.919438064660131,1010.1981286442696,1,0
27.59216969035306,9.208104630562019,45.048669881738384,3.014182624556305,1003.0693204239042,1,1
28.673321876218598,14.128050261473911,50.345075649149365,5.010339671534105,1001.4129346029058,0,1
29.384034437545637,11.909357232369368,77.4702288291548,2.2294681284789544,1017.7909025243769,1,0
27.845701227013656,18.504647255616113,72.27880253091438,4.9315223105388375,1012.0923540029246,0,0
29.722312297253158,19.797595319155633,65.44050169822333,3.136884239699902,1005.2227851317244,1,1
29.886988904008575,4.470395094578768,50.27364547878538,2.9360708920667267,1009.7113146209845,1,1
29.171334481997924,27.70401728125371,50.63195465066002,20.790058316415774,1008.6652088483066,0,1
26.956917450434485,15.865831854644753,71.55541435170952,11.897006461161443,1012.7793180434247,0,0
29.303128608492766,16.842091317231265,78.92802047671887,5.064410830574202,1009.4552115828684,0,0
28.850137685306702,9.494062900865599,38.83320651386045,6.326430610515446,1017.7362312614705,0,0
27.191680338245316,10.318335106136859,83.05404631808855,1.8537996801995111,1009.4130882434824,1,0
30.953071998743468,11.311544924947308,66.40731488630543,6.131311844211711,1005.3170392205922,0,1
28.68918330367208,22.499593297909204,76.58313840440486,8.032484034853592,1014.590166779774,0,1
30.43778932618921,21.529725380384562,42.76450519288802,1.4028341621428426,1000.5778990787743,1,1
29.03285468216209,18.841341253216896,66.87848173109778,1.0878315784323074,1006.4580011006642,1,0
31.01382483741683,9.011855910121712,54.709181558428774,5.794428848430149,1007.0289288745736,1,1
29.85762340149634,13.087206401747833,72.27473055603573,6.718602690025412,1007.0393703411866,1,1
27.195148403880996,4.8016065278138615,67.55481236242646,2.679897689532656,1006.8237455641229,0,1
31.307427643324633,28.02817028064519,68.3938341551576,8.306467225448355,1010.888477822465,1,1
27.606292624260426,17.035651294296013,64.2907038025629,3.806890711016143,1012.9910307149256,1,1
28.68360769389488,3.0,74.86163505120322,4.559262567366777,1004.4136333895885,1,1
29.12474120177344,14.23933711021858,86.34913839820388,11.73872448938514,1009.019956804475,1,1
30.30778602517932,31.363944209985913,60.25375760729854,5.126472707023359,1004.5579453332987,1,0
27.612246873810157,9.935374734652221,70.37870231950355,2.8981945366369932,1001.0560572317207,0,0
30.363785691136826,7.070373544524941,72.93978278195533,8.226286766407894,1008.4356909597165,1,1
31.911837518651932,7.012054059853945,60.20513494632061,8.790150617539316,1005.9281695006529,1,1
30.976538611886166,8.5136587408935,64.8084664840047,5.3922172421401715,1001.400803460581,1,1
30.719993030008677,9.827935005659393,77.45364791340604,2.8958580844962905,1006.5040963054809,0,1
29.272855701348032,23.169856683033846,59.17288105932431,2.0525516256919953,1010.6296386077927,0,1
29.288550598328335,29.163240992648312,58.97444136511158,4.678874122858025,1002.759554291239,1,1
29.582635152883014,10.360599458919149,69.37928144452411,1.4347031801133712,1018.0,0,0
28.319200347081924,24.219546572987703,50.23605056212051,3.4000841251231217,1002.5082756261613,0,1
28.85875784707032,35.48485924176938,53.63675105634026,7.923517380920576,1011.9177098781291,0,0
31.97160846550189,6.400502817314884,65.06710056485734,5.958915457121981,1014.0959616918143,1,1
26.388916773101638,16.47213456565586,71.03719035439487,1.7450559477414191,1005.498627631076,0,0
30.194462201710166,11.628904514292485,56.918353111108175,1.7290915632317072,1011.464893390351,1,1
31.388932170496435,33.16095644936681,70.45257610484333,4.401020098445187,1004.036380274321,0,1
28.886018090642693,15.403949496207073,56.90452346803724,8.23020500771274,1017.0572203815177,1,1
31.693927280475986,14.04506548844398,65.21301361282805,9.769757999274043,1005.0799390023111,1,1
28.293373313482046,7.781180933262401,58.29624631021291,2.44505627416446,1008.0361619099508,1,0
30.607693248031865,20.595948461030403,44.00081713667048,1.7539840121241066,1012.5725408979052,1,1
26.515597678679363,12.78596327335386,82.28953649910491,8.442821391819054,1013.0845371789587,1,0
27.7519165332363,8.483143178527758,58.93282101987201,14.40673793288758,1004.0290049539387,1,0
30.04123787836366,7.7112754733054585,73.95393957066571,19.755410893545818,1005.5314838180631,1,1
30.41075679241668,14.044355907678364,67.19616213386341,7.394660329930747,1009.044682097417,1,1
29.08946146343974,35.40954738926437,55.036558475644675,1.4016257678313684,1005.5997233539675,0,0
30.469612681926293,6.842446324790594,72.3318659004969,6.499154242840585,1006.4404659428551,1,1
28.421981558760578,29.821211103234333,79.56928948592284,7.88322968990014,1011.748609269726,0,1
27.964001289258725,20.22472291083694,52.014065801145364,21.451688691020614,998.0991709241695,1,0
30.429989592411,18.354665996916516,79.18403004613936,1.1333401931815548,1008.4225249623227,0,1
29.034096353425213,11.623653878791362,63.93656158011155,11.252909705504019,1006.591939808902,0,1
30.759566095923766,17.155436876942932,76.27195024204805,2.2644746901216815,1009.391495920862,0,1
28.481266611563772,17.829942581288027,57.569326233024,1.3831623904130572,1011.1738479397791,1,0
28.247827339742212,11.927889157977761,78.21693010344978,2.5537563672253523,1009.5795138635166,0,1
29.185920382819877,10.021435137223586,76.41355757794868,9.56795688093455,1005.7048387024746,0,0
27.776560933243154,3.0,67.73147199067792,2.9591014817731023,1007.3235484768392,1,0
30.715283888972877,3.212901951524275,69.10067628352378,8.979392214347452,1004.2686196630132,1,1
27.95655258173953,24.9934238114791,69.64364048946287,12.068111786058315,1007.9789069366051,0,1
29.883929475644603,14.264614621695983,65.76387365423983,4.646623086664859,1007.8101551352042,1,1
29.83137095705655,14.572414983824856,57.459931517828316,15.195838048731314,1001.175824677534,1,1
30.303026342187913,25.832075453606556,53.40407065007527,1.9501480493931824,1008.8197927830175,0,1
27.334706974847435,23.97065187398889,76.1534320658217,4.845389035210097,1006.3312149137528,1,1
30.724720256042286,5.338978512061127,73.83609197198672,4.264540085906837,1002.6196800465253,1,1
29.820414193857793,5.691022047650361,46.31609459945234,2.1899093654909,999.1765614895207,0,1
30.460328143193003,4.144908221153668,40.614555509890764,1.0203592015304181,1003.7021360488369,1,1
29.908516590271276,15.80527206105595,45.861242741303734,4.042321464047617,1004.1234019109562,0,1
29.10876150260966,16.219457474746427,65.69663413480659,3.2879869449646666,1009.1099068921146,1,1
30.177007203444443,10.751916687531017,67.25023602797029,7.59682626488323,999.8956404777514,0,1
29.37815643860518,4.439932408358366,60.73191607888084,1.8908087554692803,1015.6355455188294,0,1
29.957101485747604,21.16151740784628,62.02846780695229,2.7570687652962427,1002.5949372024432,1,1
30.37093534887765,34.25520345447893,56.11096629367226,3.6332745498549706,1006.7687839088359,1,1
27.54863613810852,16.376885487027522,58.67958408680319,6.150534089898978,1004.0982860735213,1,0
28.873226865998546,29.599829306325375,89.45858767979574,1.4196615371700227,1010.4718547496543,0,1
27.470886519364186,27.971303547895882,73.78357986134911,2.3789374280641344,1005.0306678237657,0,0
31.854785457212582,7.931886171241497,46.036925475048015,14.908530391461158,1007.4837185709988,1,1
29.240114736729083,24.314384694802637,61.91618589288976,4.107583850106417,1008.243162066787,0,1
27.84293130303189,24.876696945049677,74.23704472938878,4.097517834626088,1014.8524760465938,0,1
28.72152843565752,4.477249146704598,63.2719962436582,4.868675036126684,1007.5017516010531,1,1
28.767133126032455,3.8540373451852177,62.95526690529643,4.573443193029355,1010.3593025252558,1,1
28.94345291500038,4.050030352825326,73.5214422453902,3.3314424529329814,1008.9333977869277,1,1
26.65706730660606,9.627761889907118,36.12513949667809,3.4803805260811678,1003.1691769088638,1,0
28.954491155195527,17.692895615759817,59.761403069861785,2.282295589151956,1009.3643139060254,1,0
28.439597512601633,6.730861885550314,58.29864284323472,2.3773311921537372,1003.6985597051881,1,0
29.05867670425978,16.780487833522564,83.19774994197627,2.8618722807722037,1010.1945824351496,0,0
28.530166699439935,29.056283444934188,66.57996386094415,7.200008627447172,1010.1826508179007,1,1
29.913377274183482,20.516551583741087,49.61863953089102,4.980501490741061,1014.5739852828682,1,1
27.97151071719061,5.778889140055946,55.9055770635742,6.889937930514051,1013.3245519655293,1,0
29.131579548383957,16.295984617838357,48.664956466373965,6.222760879917994,1003.3808916805004,0,0
28.98923418786102,13.715232959297182,72.43679773715999,3.3903026066462134,1015.182889077144,1,1
30.24867764856513,14.299178380218478,83.28054187880767,4.829714272574906,1015.2322321410446,1,1
27.193777652073514,5.29985527016565,87.90210700103215,14.806568623340544,1009.0970830629534,1,0
28.141086921771553,45.0,73.89407669459055,1.2326890098794996,1000.774650600164,0,0
29.77592235563884,34.3242370746313,72.63311548344164,1.0791058256866135,1004.8793823386003,0,1
29.129407891998436,10.491409539228194,76.27522854451152,5.156232395220037,1007.7244338510801,1,0
29.528603898311513,12.515215841534582,70.01711090492938,4.26449204386337,1006.229813157594,1,0
29.73512140585983,10.569454568141404,58.43186180317386,7.353731530531673,1008.9899187281716,1,1
29.98699518527372,11.817221256274342,85.38632451577386,1.3821784562805677,1002.9141261319729,0,1
28.031388016796676,17.304252935990856,74.07393470844737,2.99322765994338,1006.1330076330628,0,1
26.87866324829566,22.29537568773072,66.70677196809653,7.515967318861403,1002.2246300936748,0,0
32.5,12.877327331524757,72.26442626565158,2.191168162638802,1011.8613125272315,1,1
28.168958272836626,17.35887190384204,79.84792555412542,8.716912078849404,1006.4928155432821,1,1
27.692547710626133,10.61037661962769,69.12479095727696,3.444132270533979,1007.2446089351422,1,0
29.0150593657776,11.203270033999901,50.44712522182717,3.9210967256619185,1006.3795724694909,1,0
28.858436562787602,13.28362281396916,54.64005720903959,3.6914800738967686,997.0384444195433,1,0
28.703980400815578,17.332075617388647,56.357748361279974,9.619664529506656,1011.194975453963,1,1
29.4947568548017,7.639060248091434,74.7958875951725,7.1092044305209585,1011.5377011031917,1,1
28.675394043008176,9.786644732651865,80.43427214116062,3.336380240917822,1011.785372797003,1,1
30.368011682597235,21.330917619140138,70.25937666391933,4.502048080039506,1007.5524484401645,1,1
28.226194733526157,5.9904039755810174,76.6144516928843,4.398798855556054,1008.9535585668327,0,1
27.66728934351149,7.29957615515477,74.54554763364126,2.7594065779674035,1011.6544632379007,1,0
26.479820312642634,17.980921954798365,54.24639653430574,4.554288457829228,1002.2559494911708,0,0
26.193497421864617,24.93765544891165,84.35987580939698,7.204288904562789,1015.9816882139545,0,0
29.065864670091816,8.468636352901418,58.247663302201346,8.564202077564534,1009.6015733189826,0,1
27.06582517179446,17.538268294097104,60.975147938361616,1.5219341462142002,1004.9828781072797,0,0
27.277127788240907,16.79539700764267,61.185071881841466,4.252690136706989,1009.3469659161071,0,0
28.834768148803388,24.171843948407293,70.89070470175835,8.514178266258606,1007.4843423736115,0,1
28.413508785806485,13.514635687468347,67.65263941594354,3.1859206581813226,1008.5339029693184,1,1
28.579638861256335,18.050997101717048,63.971879145154986,1.6370996865160534,1009.5290367735872,1,1
30.685819122697247,4.801397123287026,56.999666067401826,10.057051279358602,1004.4529566607117,1,1
27.275160648153086,20.75958629466543,53.56625169743698,1.328906344549686,1006.0653716623605,0,1
29.09239118595301,4.170762194364572,72.30655196535893,1.3509648943360162,1002.3265021769126,1,1
29.64763412559054,14.057210582819906,62.71518403115286,19.106163714385456,1004.1005812657596,1,1
31.471471854762758,3.4081020192871363,71.07358512391005,4.3077871517746935,1007.1924125928006,1,1
26.85589534185579,12.66375428333479,75.79298278190605,9.604299397692047,1006.8308879066617,1,1
27.75435816033532,18.75885871787209,62.36852416688355,7.961086857843151,1011.295779971915,0,1
27.05119369303921,10.880001844055258,74.59089774114494,8.463592982836113,1002.8522531905687,1,0
28.894561420064502,29.31160506477478,44.09129583371744,9.131157352332965,1007.1271232803678,1,1
27.624954474298637,3.0,83.43582815568564,1.5518966425508731,1006.4052118671246,0,1
30.88880799162449,23.934507929409083,82.89282046453569,5.387269704441163,1006.7503687275159,0,1
30.745123814887492,10.662488083858014,63.933446569170776,2.6237135536634444,1015.1322706034433,1,1
28.496155462090833,21.27277395849489,60.47563453772577,1.8768898420009896,1007.0381852702602,1,0
29.170953336536183,10.784853497048445,84.75233060196287,6.186193906928736,1018.0,1,1
29.168034928262436,12.09230275678176,60.23813869619636,6.195358361145187,1015.0403428512003,1,1
28.312541601543344,5.494993944990791,76.85694502023938,22.562072503906705,1006.6986108243852,1,1
27.780272316742522,13.243135430168627,69.73085518684437,2.9903835755713546,1011.014992992585,1,1
30.324900251542545,6.194150333714638,78.68564107081924,2.2160772167234155,1012.6158930252456,1,1
29.642086385755253,9.993787199649189,72.51480717450397,5.436494814766438,1009.0564212033148,1,1
29.87099333887382,21.86061326091066,76.71944986809349,3.141162431813502,1005.2893076581441,0,1
30.649145008557348,6.667596799201277,62.30425763137811,4.043759023263265,1006.9237269649307,1,1
30.596471227744367,9.933630888833811,68.71486974115672,4.765129789888746,1009.3601873194062,1,1
29.56739735537695,8.216278984746161,46.77289643679149,1.620049565651933,1011.1870573775255,1,1
29.219263182444077,12.296253902894257,66.20015034376706,4.801225045005266,1003.4328034727578,1,0
31.917865769456096,22.36678880611736,78.61012953667166,8.55684634536457,1010.2840621640355,1,1
29.61423500366457,16.34243613937056,63.114201946479,2.2778356049012047,1006.3468336743367,1,0
28.965001196541515,21.987664747079656,67.04787503001612,2.256994294331883,1005.2884978872179,1,0
29.58072299141356,6.182878343744525,84.47904643140473,3.653408921008965,1009.4059343172595,1,1
28.462798646503327,20.41216337769213,56.842991304171306,4.821089719680282,1007.058768957811,0,1
26.51105717599649,10.630153377264012,78.87568085193973,9.544509116602054,1007.5206154193468,0,0
25.880503232653524,12.378311469963522,62.345563522641186,11.753428985040054,1013.7514151417244,0,1
30.686192530939778,19.8518893635807,75.52689465309146,3.050759528356026,1016.3134578069555,0,1
30.222133832677823,13.870135528024695,86.7204518946899,2.276525001953854,1009.1162161609933,0,1
26.65779888119679,26.569348664123282,51.9682663338363,2.6527570433963925,1006.5613763830361,0,0
28.658189949479794,10.145489830983468,55.42684459689255,3.0075526200989664,1006.5178774227826,1,1
29.14084737557972,15.39560152532759,73.43843500735483,2.2604335442702697,1009.4708906621335,1,1
30.791257251960626,24.59058614427485,59.225305171386054,3.000795185813824,1014.7808119914471,1,1
30.38076744448599,22.45726480196685,75.41618438026701,2.538826822510196,1009.3696319762369,1,1
29.057886891549582,17.836490721437332,57.53079870573317,7.958398796878385,1010.926973364926,1,1
28.91359295646147,18.458947879141032,69.92146977996143,2.382795691197771,999.4901486548614,0,0
29.079435016869894,13.198095641218819,79.57449887764005,1.8301033011014534,1009.4486920650689,1,0
28.36840632694535,7.545289082463846,72.95017496925136,11.01504295990282,1017.4148481390698,0,0
29.657002729358098,34.418616426837346,57.68569865911662,1.6808043143804,1008.4925335658992,1,1
30.048345532842834,5.353325825273318,44.830575667644055,2.612742130474837,1002.2294193485233,1,1
28.621836959977035,8.01420537248428,91.46631302611755,1.76633291908246,1007.7553891714261,1,1
31.071817509521885,14.096897936039792,77.34272424772038,1.2008485486809484,997.5894439592257,1,1
27.340760102027172,15.915165468903991,82.57847423485009,6.612453363712292,1005.3300241414468,1,0
32.042416709591535,21.67822933141674,95.0,5.865922804866404,1001.8943663089151,1,1
28.27301331627518,18.05072206590865,63.02594069040417,2.823270662090437,1008.9711637135489,1,0
30.834576780990574,11.212244935804982,83.59200408389292,1.307610319169218,1011.9691965591998,1,1
29.877657859811112,3.813121320181094,61.84539716525855,1.8196839806252119,1008.1258845527312,1,1
30.83629313851362,11.878068213220235,62.16049684265355,3.365972897906879,1010.0570441172312,1,1
27.415042371911237,18.50153599019284,77.06568521440214,5.072770532109513,1010.4307070425185,0,0
29.16691789534148,19.65607452630326,62.09839986343266,2.6934589137150544,1008.911154922107,0,1
28.905335105970636,15.316906251597436,77.30154231525155,2.873166865988572,1013.1967398635184,1,0
28.282797946041068,13.791366536860766,80.4385289163364,15.645707131556453,1001.8537576469639,1,1
30.543811505195222,13.258599956239395,72.02016176008866,11.299432435976755,1006.786046181582,1,1
27.76514543527131,18.188813623332496,64.99511555565986,4.232374347350502,1004.513648265384,0,0
30.745799054219912,6.318604836217419,68.41299013114977,6.7192726485399845,1005.6034113426485,1,1
28.868083842218514,17.78507202898526,77.133695751833,1.843405152200646,1008.2349133101236,1,0
30.426241809297913,15.09118912560941,77.57657785361076,16.058530419393605,1001.9122565393409,1,1
29.64403135199852,24.3473619381594,77.78913723710146,1.6342796940139988,1003.742053332684,1,1
28.331477096468806,22.6010833277313,59.90123513726229,22.3312524839526,1006.7183965917541,1,0
28.593935052890306,11.635593424662876,54.74031181163397,2.5855463240011214,1012.232514371414,1,0
29.952989838484637,6.3299522936752695,70.98429773021704,5.908573612052151,1004.9560396992683,1,1
27.580339024209565,24.944457476487692,64.10678170969743,8.211276118016498,1006.6427619983547,0,1
29.128576625973075,11.205015928835962,78.16471905657988,8.933421888414907,1012.5579340300654,0,1
30.66005884986411,6.542931204722002,71.43795548970728,1.3137575329794662,1006.3603683950095,1,1
29.28082279464956,12.805933447310244,60.34481903589337,3.4839228930368957,1016.5606245709259,1,1
26.43756038233213,21.238375366346727,43.584329143856216,2.280005119526635,1008.138974420982,0,0
28.395143052381037,6.99036092717145,78.46672256218064,1.0628820652008262,1009.1135339561588,1,0
31.023360641876067,13.829080503558002,55.82395058850025,2.551953684485161,1013.8163371565001,1,1
27.895926489946774,25.059469906522754,64.70312612768927,3.4953996234691083,1000.7415086148719,0,1
30.782079223898123,34.16016991396206,77.18703781524644,1.7197266898698915,1010.996716671255,0,0
29.94485852550488,13.515801187129146,87.30265084086388,3.6999440778324697,1008.5147769493477,0,1
29.34757311638613,12.537383436796716,69.97489541286483,5.709579706273061,1005.8352431949846,0,1
30.079422603085952,20.79423296656099,82.89995050180812,10.05207281522592,1001.2412208153913,0,1
28.3134098730688,18.390125728574255,75.88560689531877,5.51768337571694,1006.7994588062717,0,1
27.005361863457914,4.67700085581194,70.22551325740335,13.192039843508962,1007.7111205355677,1,1
30.579640789786783,8.963524160369955,60.13301130430401,1.6852901358760444,1006.964098903108,0,1
32.5,13.628310735143586,53.13005699244846,1.5569448921999154,1009.235438310699,1,1
29.54914283382102,7.024941969275263,83.81774763607598,8.782935341844455,1007.578681494166,1,0
28.12076139404678,11.886621619840502,55.19930218791894,13.34713000064874,1006.4060111990882,1,0
30.54940755732992,15.395644038454149,61.68039869951007,5.908002053753376,1000.029987912838,1,1
29.84857681143274,22.49152853762067,64.02682412111552,5.409749536762035,1002.6687855723609,0,1
30.824493214490104,24.27164980683815,40.176072842756234,2.65365217863677,1013.0484068421346,1,1
29.27760634003688,17.452540283641927,83.90494682492418,1.6903275928589494,1007.0967329842258,1,1
28.55042958533651,28.462145828830696,76.25621264797597,12.867461403521801,1001.9158865763585,0,1
28.154410374012922,36.067288178026665,65.3179069820353,5.025465569333006,1013.3530116402711,1,0
27.95520755833662,13.1504149028122,69.84710975078413,3.3293816632975797,1009.8123769588584,0,1
30.554384626886208,32.10374905150337,38.850082849778296,2.953665560078727,1011.5939570801934,1,1
26.794453462854523,18.989250002560254,77.04142520866023,4.235444534604034,1003.8508320168044,0,0
28.851337752816963,9.54824948713173,67.61700440232185,6.460427681896348,1008.13667916396,1,0
30.48936483936724,21.63110703962076,94.97929722584685,2.212621809817203,1005.2049299999028,0,1
30.266936382265175,18.800426405274198,38.1255549015751,2.588015517020562,1012.764935545776,1,1
31.311556915232856,13.272589011176013,81.46977531169408,4.057547407502028,1010.907811250422,1,1
29.0356487125224,7.080161496478853,66.77725248656508,1.3125742149561268,1000.2367100286189,1,1
27.99934785267027,27.080390201491674,52.132558162479626,2.247776839260286,1008.263661900693,0,0
29.60576318110847,14.335259991332821,53.66036125687379,3.9758802211418067,1005.5591149243993,1,0
27.216998696914864,7.460950712740889,68.39942900260239,1.4991093719767303,1008.1740200777679,0,0
31.138584130005256,8.270237578138671,47.26402569693944,4.086047450552629,1007.0525630290248,1,1
28.70456017969164,9.146931554862597,65.70259138445299,2.9670026785229195,1007.236260460994,0,0
30.039848781479172,7.223646546418491,70.93295311051997,4.086974445278237,1008.4777857904863,1,1
30.25888108940501,9.052439534882758,66.29253001928525,1.1647887746621466,1006.5975870862989,1,1
27.215183674809822,18.859931062690105,61.90114768589762,2.3823418853126284,1001.6387780106999,0,0
26.268461506462604,11.199411097339548,53.473368251173476,1.0341394597082416,1009.4598082025616,0,0
30.88901003202399,19.071024026791775,61.28098587025808,1.681278565598942,1008.358211858283,0,1
29.445050209784185,3.2388883431150672,81.7086252937607,12.58815293178543,1004.8628677940164,1,1
26.667086961845808,10.902153614017571,65.58897596514886,8.380219197667394,1006.7978389621992,0,0
28.34164708287939,3.4474952614956917,79.8981518242734,1.8995572502077822,1003.0173984499222,1,0
29.26342495390349,15.665913421387978,89.94370668492179,4.12429393678668,1011.027985824851,1,1
31.666124327537105,21.616480570642786,54.461229860111125,2.0904269961222224,1005.7885910255836,1,1
27.94223263693363,12.787387343722925,62.678606748190724,4.433514519359328,1012.2714390011148,1,1
29.51179000523969,10.490669544187435,73.50680086335367,1.3777880190133862,1003.4839980993528,1,1
27.579693725071664,28.51519842172513,71.34266936439792,1.7463292998806108,1012.3353556965814,0,0
31.79044396315117,20.02446869057536,56.10904455101492,2.2969820312142577,1004.1080330875561,1,1
29.116484084071548,17.113506878212327,70.02914326639211,1.5979911128109539,1006.0679152021049,0,0
28.836282642795435,16.497662074719397,70.82932584612065,7.5595872690121,1004.6367231518776,1,0
28.329582685210593,34.244734011761295,65.81165837408507,4.525724083351292,1008.4237459434847,0,0
31.187256268479192,12.109662307292774,81.22499522283118,3.069372232915143,999.6511027983071,0,1
30.424099790724135,17.04723205328532,55.06130546971072,1.877092158351368,1007.3352871652585,0,1
29.070237234296773,30.089560569537216,66.25077865387955,5.472565918502708,1013.5147249419998,1,0
27.761259114971818,3.698062588150131,68.77938060664462,10.391529988475412,1002.6510311533843,1,0
28.39177857705565,18.85568331773117,61.11239922650719,4.498640854848588,1014.8279703962822,0,0
30.311400045019344,8.462916800205887,78.38760697617842,6.2888489707003785,1005.18254386228,1,1
29.299382471548885,8.255392664147646,68.58741107512975,8.672509743709142,1001.5646105936466,0,1
27.916416785424637,13.711765671647107,70.82480300624695,19.022121483832876,1003.6892020908141,0,0
28.45197948382175,18.099080580766717,70.74389329045033,7.767784128818842,997.8325706191031,1,1
30.672107687890396,18.862217189272965,71.2976655698636,3.0178763176924486,1013.3071421434526,1,1
26.62309415115812,8.299336703262448,69.13287208342042,3.0495827242571667,1006.2819296101889,0,0
28.45434285212039,5.301430152192169,55.61271640020959,1.9131571307809305,1008.7719708244648,1,1
28.31309453606175,12.844145825564093,59.65808013535764,1.1688332468551155,1010.6242238333807,0,0
28.345831438389528,20.66644949329931,53.58984087445167,2.462191835485278,1006.099510472582,1,1
27.313936958067757,15.735555984273732,65.7328129527324,9.929167737050172,1010.2415029865246,0,1
30.12874681812203,7.492684832527048,62.127306650912466,1.7020224926216594,1007.3791437841651,1,1
29.31499578250069,7.6403166885147185,47.2057684496678,6.168330008462601,1007.3428527308884,1,1
29.42819942583434,21.58118992785132,71.6222398883913,6.424225105432949,1008.2599411428238,0,1
26.87663010447264,19.93063099821014,58.059865160668664,4.417344921715469,1001.4703105244876,0,1
27.693286141070736,19.62518901404459,85.6314833338635,10.242867773155965,1003.86289287364,0,0
28.603876611336613,26.020331021920168,52.70475472409967,3.3749740177116236,1005.0027991115896,1,0
29.71626097434574,6.262730969969487,67.62331597007156,7.414648620826689,1008.125412093998,1,1
27.77862757573338,11.575887566361514,69.28026570088147,2.507354519910437,1005.1890911413894,0,1
27.683002558050394,6.960403444549058,65.07327752444729,1.241889198446996,1007.8619070376777,1,0
28.16276966982323,9.11870506914505,83.78899024248881,6.225174634457022,1006.9619814072864,1,0
29.331123043455847,8.921346918871395,57.924362454130815,1.0309478798394742,1003.9916727961458,1,0
29.403273953862662,4.520734913210417,74.12548076949501,9.62758870259626,1008.011275619768,0,0
30.71163504824657,18.27512010897317,61.087832279362885,5.980826451283113,1010.2483012942266,0,1
26.801381127015546,23.344433576167347,86.50560144907314,9.819461699288336,1006.38323972795,0,0
28.470967864849936,9.053457986775639,48.837538157374425,3.3653446916893066,1003.9031762446643,0,0
29.435316710013062,15.953920016754916,77.22483981908263,7.756770651658197,1010.7984664944194,1,1
28.50099392807611,11.987538354617964,54.09457442409172,1.9568335719600052,1002.5386245167651,1,1
27.870749934534732,14.657677714242894,83.42047874237635,6.366357998219825,997.3870856324883,0,1
32.04776277586161,28.975419994875246,79.04794574793846,2.178868255924459,1005.4322980687324,1,1
28.477480307953773,6.765022058859289,77.79006839085788,11.898704548323373,1001.7500642114685,1,1
28.309700523828393,10.717151120577611,64.00589684935176,5.539930901954939,1003.0695666234593,0,0
28.93410833577415,10.784020921942222,53.04735469795493,3.1210049290017334,1013.5474020451619,1,1
29.598484392359644,27.532451770146174,73.67831415305875,12.866523645755017,1007.9611573863909,1,1
30.442646514142034,10.809164791181798,72.30269418041829,1.7933444294951164,1011.0305282648026,0,1
27.778451516761876,9.799424756518535,77.21904604709462,6.926706242491546,1000.8240747740848,1,0
27.177788722110407,10.833235413630153,72.87063758503638,6.228561750447479,1012.0563455844936,1,0
30.923106806278344,14.259784466619344,62.801537956441194,3.9759107028962193,999.4251142866708,1,1
28.572446943940424,29.07338601060149,81.57399072436776,4.786901724169304,1008.382111932667,0,0
29.790693380144482,18.121058278562046,81.77941475743934,5.602836250207357,1009.5440842917799,1,0
29.16788684570255,14.316414424727057,59.589636154061566,2.18022433028679,1013.9052717731652,1,0
29.44718622206253,14.681758332342763,64.09702369764081,3.5034446290792984,1004.6909449983358,0,1
28.739983429271774,26.11925058004922,75.9426262808484,3.5487593971933227,997.5752667429224,0,1
32.08911186744695,8.053876598939098,93.37251521564967,7.398860884770619,1013.5736285509919,1,1
27.103127915295037,9.565834820632885,72.86005658836538,2.285515960288963,1010.1092244864144,1,0
27.312142561375385,8.14151985588251,68.24086742132282,2.214949986670007,1006.5353016422267,0,0
29.80999227834315,10.063491031923494,86.83239134826351,2.5668359678068073,1006.605160029542,1,1
28.719953870333935,25.125048606966683,68.5363013919474,12.487077681112673,1006.8517639091211,1,1
29.119192649795398,31.97766782851746,87.11517383356828,2.012117611089891,1008.4790682519712,0,1
28.822999452585623,18.049998607754798,53.939056380244416,5.752483007438468,1004.937744891597,1,1
31.316876751865948,14.037651783223875,61.89175249238893,4.105092873825443,1005.4824910520911,1,1
28.327685983537055,8.912014223789077,68.03964028265922,7.085618483241597,1006.8028144874263,1,1
30.352582160572577,8.331237065799026,60.52387511147668,8.656058241106308,1010.8703388745887,1,1
29.488636121293055,19.1265122239941,70.28194992388617,3.562527052108071,1005.7295609857689,1,0
29.587718740484345,34.41087235910024,67.60979789129625,1.4908262845553752,1012.2462956889991,0,0
29.48658388418611,15.099868163809637,84.84953091025733,4.151679825947519,1005.2340543407386,1,1
30.658636970250434,13.445046620490006,59.68923240956483,2.33386157090435,1007.6154034416188,1,1
29.509312327507093,8.80243486560885,36.830785805374994,1.512665191998032,1003.4436048678779,1,1
30.16212001391751,18.094923363001676,76.53567157024881,6.926693211692805,1005.5640792248139,1,1
30.168959988991634,19.573889265556964,80.610841914597,5.285090000455652,1009.9597708650733,0,1
29.430253041048097,19.628587562620254,59.02546367061984,5.694305887532898,1005.8906421738382,1,0
29.752022443587578,13.937001922064159,62.097475958150845,2.328565207796263,1004.0198950874196,1,1
27.817237802036985,12.623567250341624,74.47901119862185,10.846425290963072,1005.006795701334,1,0
26.855123588930777,21.19138991278569,54.39277259436699,1.6427814823183018,1001.2122927297286,0,0
26.25824016156926,12.133021206579784,55.27529319122203,6.6689135268178665,1011.053385620368,1,0
28.854246339146766,15.195497749775502,73.31422003168528,6.976731278134709,1004.9660530165712,1,1
27.928584770624777,6.324571295374269,59.016407312071685,2.729785268237567,1005.2172684007456,1,0
30.634522789708175,26.2331775774951,78.28382417400786,1.2685902610784439,1008.9861017652458,1,1
27.905938531795204,11.714783238843424,63.89338176712614,3.049143767480481,1006.8262444103285,1,0
28.88362881605443,14.011294026666402,33.5274534026426,4.451293227505885,1004.5713410315759,1,1
27.916637044763444,11.630823199101995,58.633773760241915,2.286366864006746,1006.3149170908115,1,0
28.502207384542903,32.893555194776205,69.76507498205618,5.678569603096782,1009.5784207281146,0,0
31.094833757782062,21.123800875579747,67.96315492370285,4.583921598777999,1016.4238725637545,0,1
31.07907354008539,7.106947166765608,79.77571708931556,2.9157212294478447,1007.1201354188671,1,1
29.739663794710385,13.636613928976205,59.25699332294241,3.3999191813280327,1000.2658799881069,1,1
30.224229493214708,11.196684673706564,53.81960260322501,1.7323788731496497,1003.8652945174183,1,0
30.392683329188905,7.765406197891819,50.735715022253714,4.862574692651842,1002.4655859228116,1,0
31.021287470895764,21.141174789751286,88.29407853536404,7.732624542070382,1012.9211860151139,1,1
27.827877977855827,10.746332763153745,85.11421630622758,2.752447900035398,1007.2107649003545,0,1
29.952605817373016,22.757699811218465,72.17929122912946,1.4562543845128317,1009.4502427350964,0,1
28.55845251505014,20.416018019426982,71.06473761031326,1.4405406797855016,1006.3615032638329,1,0
29.238898362385775,11.597617101981143,68.28295799401141,5.616183154074133,1008.7694380299533,0,1
29.85757153471774,6.075937251152469,80.88816374415201,6.865154083078217,1011.5369297868269,1,0
28.412708878470266,20.22519448097732,70.41517295112038,3.427927918968417,1005.6816092882,0,1
25.62636209376961,10.478203439883652,48.11350473714468,7.045507209203468,1007.68176195067,0,0
28.055943093036152,10.304992796717134,73.58944138527585,1.6810069275261275,1007.6491728584982,1,0
30.15894505997076,13.016256038187468,49.56692200856111,3.009420974383758,1012.78027154584,1,0
28.876484361383962,13.124157282840871,71.61109324409055,2.2193719106371157,1007.8110945878175,1,1
26.885857817298866,26.0350722898413,69.1060900188706,2.797953750445174,1011.3586998657782,0,0
29.57577073398398,12.11614733111069,59.66676564856289,1.0392187493529612,1007.7124384988165,1,1
29.47187677531857,21.61313885047768,76.59892687689579,2.869017923153706,1014.2576076790971,0,1
27.439292449128853,24.726288132411355,93.87302249487749,10.022175329846958,1011.4684722174391,1,0
30.29443286889345,11.215233831613501,64.5878437103079,5.802355606430174,997.4067096574913,1,1
29.37609792444032,13.005040356280698,73.59599954496332,1.891433220866939,1010.2040088160895,1,1
29.440809715473776,22.736877714998986,72.67972892167276,4.83420695900827,1008.6704467833248,1,1
29.79613654856513,22.29840042470984,58.156514034110096,1.002238474398708,1005.1905276614461,1,1
27.126738742555528,24.367364121875728,59.10286901736149,1.0312677156305667,1005.7192883130331,0,0
28.34154460778813,12.328201781813583,95.0,2.7203778259343423,1014.1193961343598,0,1
30.018120038537695,25.064780631154264,62.30877415685917,1.5524420359048976,1004.548383153175,0,1
29.336993917753617,15.938396059506394,54.373638677517434,2.0479913723876675,1013.7348932862212,1,0
32.5,11.573320040760358,62.41538541279793,4.471978970911274,1005.6618822682177,1,1
29.744128934859102,29.649840207530435,79.44054006562013,3.4162204170296038,1010.9784990933962,1,1
30.114589077167107,30.34085909627593,60.92024158144675,10.161018245249174,1012.5237193058194,1,0
28.666587417576807,10.377271614701067,61.02431133992048,14.907469558344848,1008.9892364261501,1,1
29.04252295095251,23.12298300134945,61.504885115226664,10.282253673233422,1013.7440009792538,0,1
28.157650468106223,38.50651504194842,62.32901555943796,1.6501390994020202,1007.1339735485612,0,0
29.92455213567726,7.638727103965946,91.4102851399638,19.649008687900913,1009.8060350947608,1,1
29.32988385720301,10.565769975165683,72.14620725539436,3.3034177591304514,1009.837770733872,1,1
29.497549710050976,9.642264053464151,60.236057960128576,5.237373920326921,1008.1541807156199,1,1
30.942698681234013,7.950443725093255,74.0973784061315,12.958330101216765,1011.456645467884,1,1
30.431556944225814,26.152510354132346,69.73576861385796,1.6610758846576013,1006.6842987577627,1,1
29.37580009711785,16.794955767799202,68.49265242117254,1.802355486758335,1004.961349742313,0,1
29.446266202541178,8.108290756854792,70.873718492219,14.274889590594094,1003.4516631951526,1,1
26.24312383580512,8.738763097361584,66.03514559272182,6.627268968043338,1005.8005350641837,1,0
29.23016909595966,14.488717740535161,81.88222354672293,6.013339780890769,1007.0339800695067,1,1
29.54124890215315,25.554313956621467,64.97124956743271,8.38565731243822,1004.0207405052365,1,0
28.987997788977058,5.7330676662950255,74.49741312689814,4.775989236835302,1004.5159637864444,1,1
28.37926409645766,18.224710141540086,74.65761449863007,2.9875840600633836,1012.0861696344504,1,0
29.28586602275908,15.718018695337399,63.474034865705434,4.117904299145031,1010.9125178311992,1,1
29.309682008190837,18.941623309935952,78.57052965254843,2.9117944012957127,1009.2741762285214,0,1
30.625947580887644,4.314712187821964,77.02872057352272,5.607004161667894,1012.1125792086887,1,1
28.58920788792486,17.65205295975303,79.73373849701873,9.763584655584877,1008.2574335006013,0,1
29.612114523900317,12.76715195999151,84.28569081797775,5.65155572105737,1006.9990812051623,1,1
29.393872041567327,20.70591464006921,44.8155565989661,4.923924472228615,1001.9829284650302,1,1
29.85938592743363,13.811981324775626,94.5422474814213,6.556335684007085,1009.6836712377517,0,1
31.45908915735923,19.983199189944006,79.31864457770759,3.575687727101435,1014.9846445664357,1,1
29.80531931886552,5.5475449269418435,79.36469289989975,10.196737741343377,1014.9839852932735,1,1
29.251987123144666,23.193329357315992,72.34034119243618,1.7974960904906465,1009.1304779710096,1,1
29.293746942500384,15.607460020833228,38.765248152666715,1.0164418490525924,1010.604692958129,1,0
28.287152393164877,6.950421890790332,80.5290064261323,5.4776247556642295,1005.4517255733233,1,0
29.720970466677674,18.83381854628933,68.49824496358177,5.278673812778035,1005.8603856100609,1,1
28.867671803751136,11.79508972370638,45.952833111580716,2.14286162236844,1012.6442586573027,1,1
29.469855272502066,5.414272788652035,68.06104829738281,10.827224395982542,1006.1869529201558,1,1
28.649413547043302,25.174243875973016,56.04297605123994,5.462103624743939,1007.9672831767506,0,0
29.958683843458733,16.136861546135183,77.205084705279,2.1326782476559547,1011.9937490879242,0,1
29.69530033837969,14.098518551490892,59.737803662575324,4.208624607044947,1006.4137673841285,1,1
29.873949564387967,11.674685737136294,73.21700635847392,7.749832750038641,1007.3918741852024,1,1
29.08634577839198,13.001091544913152,79.28275167006618,2.5861331710387914,1006.9017773162997,0,0
29.28965186087488,10.835308345149322,56.11755231555555,1.3500895195901734,1012.0849950244454,1,0
29.65425501459466,5.394023064841344,55.26047665448975,3.876185352916135,1010.4161893439339,1,1
30.972230289697073,6.132752571785405,50.94040543908031,3.116260497467716,1010.939556244346,1,1
30.55311861432991,18.2200299963384,58.97008488119634,3.3583531355842156,1008.2038615692295,1,1
26.1390976064811,38.54436018579159,64.81551702645392,2.6291957363958534,1008.4868997881496,0,0
30.08541528746305,9.340843501642492,77.98290679986994,13.965585425669012,1007.6092454312,1,1
27.960329681891743,25.383001821634217,68.5868815913047,7.218490020933958,1009.8222946360597,1,1
29.73743042149233,7.965912026049864,60.02232936824096,1.5505256492919912,1014.1801439351465,1,1
27.24764070554385,15.860451617772178,70.43751593180666,3.8578492121285537,1011.5957162768927,0,0
29.55157703937984,9.742533018124325,66.81142176949187,19.0519718536594,1012.7318674504049,1,1
29.83219702073492,3.0,58.97188996150893,2.7201089755187677,1009.0366441713668,1,1
26.981421685988558,8.429881324281089,60.065681391346516,3.9610829714048035,1004.1934022646823,0,0
28.760032254282947,27.566965637153785,76.03364197348955,3.801802635291598,1003.2602987751334,0,0
28.94333018705193,15.187176074701245,72.85502569125744,4.7644085135629,1003.506356007431,0,0
28.171046402078876,20.71986785350765,60.78850845323914,5.8599671965272595,1009.8128068453615,0,0
29.751279218162573,15.487594364481497,95.0,2.9292960659810268,1015.2357553811931,0,1
29.208301802410094,25.725650969032277,77.77435443396217,7.664422718039745,1005.9375615615725,1,1
28.362939600038935,16.818582139968743,60.7869252075033,2.8514654574772846,992.4738447443016,0,0
29.917034902818042,9.926035940584253,74.47534278384391,2.950707375827133,1004.5968968978954,1,0
26.916259889119214,20.998934400239207,57.80527575590312,1.7932939981183935,1008.6605942626442,0,0
29.669319681308565,22.683675486245576,48.832095913727194,7.945156696155641,1001.8969697196686,0,1
30.688346332689086,14.516976624914331,80.4999814713878,3.340529277876756,1008.8437305418756,1,1
29.811379620212367,16.076697140582628,66.45690561978543,10.633582076153465,1006.4297652502501,0,1
29.453872771716505,13.343337955127797,95.0,5.8294190152363115,1006.2298686318188,0,0
30.43466821426437,30.5281365007681,82.99302619687839,2.2223832553631606,1006.2650957914063,1,1
28.87691823709148,11.23980963154646,64.19711603656934,10.06397740088757,1009.2921122044705,1,0
30.625962256593127,15.311041350468129,43.988673980868796,22.567077555575025,1004.0935913835892,1,1
26.770062317841216,9.753041920988164,81.47575928099471,7.6651304074134465,1007.1877502050193,0,0
31.19160372533184,23.996935445855325,84.10968622320684,10.880508607136965,996.7926835622703,1,1
29.762248056865214,23.38259797719001,73.19680023775965,16.192130475073714,1005.9978935179394,1,1
28.040321283979722,8.924723644860917,77.11208996296045,2.3732828171704226,999.9073282487568,0,0
27.54607689341592,19.46121478554664,90.26700843679205,6.821973231039259,1001.4294706217895,1,0
30.213099128296136,15.23512756868926,72.11028078061442,2.6937325026845143,1001.6059489210257,0,1
29.191680064069594,38.26290870095047,77.16631562217161,1.5921606239581427,1000.8598643308469,0,1
30.13014275525534,23.465206675967586,53.139235268753005,1.4109221985492648,1010.8389216516731,0,1
29.283887876175733,15.373693694153626,64.28090934295724,6.917193158305939,1008.2955143216261,1,1
27.13990043346777,28.4134314199947,75.71937045653905,9.07998187615888,1007.5948940006272,0,0
29.708096410362142,40.397934333724216,65.30010375090599,12.5755826222784,1007.7738055309305,0,0
30.311417864983326,12.963116297413483,64.71694377305204,1.2059380699719222,1006.984131197625,1,1
29.11690016482545,11.987384405241034,53.59142025831895,4.8575438720979776,1006.9846154022456,1,1
28.50579867561918,9.351918471479744,74.56313613332449,14.992896735872579,1004.9800383495575,1,1
28.786812995765125,11.347870926152867,54.71360751162656,7.415009714159389,1007.4193989663753,1,1
29.057675209934846,7.770296270377409,67.8647285706274,1.5516798983738451,996.9684019971774,0,1
31.038631755031517,13.284608633345709,70.98944295848106,5.452440055123617,1012.0606879638636,1,1
27.452858437301696,13.150741531804352,72.95004313836967,1.7251554301685101,1004.50691953604,0,0
29.32936762288848,16.696977525047007,54.828675757895496,3.7507759759381663,1002.4669438838572,0,1
29.61797147407969,15.958229806469605,48.061591161192084,5.65521449235351,1005.6250268096904,0,1
28.89108809433754,38.373083457915534,53.285539092155055,3.3945070902387355,999.3750916334275,0,0
28.619751698754378,40.19634022151401,63.15490333425507,1.5878428863385854,1003.3867509306019,0,0
27.17859067605026,9.923554853631629,54.73516970046939,2.242236538118349,1006.1099075704615,0,0
30.221383360263594,9.926710178345127,51.25724541331804,7.1201448196461,1004.1109404197401,1,1
28.46801819587665,18.79337975725957,72.0298941436282,4.173874769828117,1008.0403174072602,0,1
31.462848735410184,17.88398302820508,77.24455562283858,14.816926991105067,1005.8169148923154,1,1
28.22805562096373,9.84904427557157,70.57321945194181,1.3722223013061001,1005.3883946937915,1,0
30.142663557627785,26.339052641799626,33.37099707579016,4.828392704181248,1002.9254548453438,1,1
28.33131742729078,25.817437494664325,66.93819617490477,6.427858686428051,1010.7035209774419,1,1
28.39668999573645,11.2796191862617,72.67057000391704,1.0004712232631585,995.0698323503865,1,0
29.564095976879074,11.77724724076144,79.22545641481545,2.344725813734237,1000.4339551390095,1,0
30.463429426301754,13.141184843892788,58.66636520200973,3.3204841761168513,1004.4807843382821,1,1
29.478946378378755,11.574341072029235,63.77837029358379,3.5435648936693793,1007.0515285074433,1,1
29.92526563166261,6.749181100360734,63.518537582990994,2.8805314920668494,1012.1625316156427,0,1
29.656570552729274,12.619187681587485,65.20189642591565,14.498746107847838,1007.3938207554927,1,1
30.2623980123548,9.951948639186556,75.80774754040566,3.325491933671832,1005.3282018750614,0,1
26.90115129578591,9.003086729895056,51.04308647476831,2.002329227770421,1003.7396493869688,0,0
29.89096910733119,20.882044949827886,67.49155363501345,15.102883821498798,1006.4783576703787,1,1
29.358522912187436,6.330812893899774,72.4988185135992,2.398600184682242,1012.3054349163327,1,1
26.897049073313994,18.394791637605085,65.36872057623339,3.8700272306903862,1006.8702972330309,1,0
28.598228342006678,25.20838893608133,65.01686710738315,8.947178738922926,1003.8174077011813,1,0
28.73186547258796,10.95546141478645,92.96654397914256,1.1095714124178335,1012.4540160787901,1,1
30.307877609895765,21.5922976186517,81.39633742201157,4.477357971381325,1003.3234992432941,1,1
30.742259873315184,15.58514490215241,95.0,4.666414464558836,1003.0802980772403,0,1
29.14334979893443,20.029608497611733,58.69164022278527,4.0343329944375395,1006.2896354855096,1,1
27.845783207514984,8.681163395227562,87.1882319852025,2.5574794465428936,1007.3469085172716,0,1
30.94663611024756,12.53779340537651,61.263265869170134,2.745053529709201,1002.3524793466011,1,1
29.633992454882886,16.286376011643807,80.21690178230727,3.1126921469141893,1012.0826153461716,0,1
29.462952006742505,14.129897371571401,36.69304264097335,2.9176310383049926,1008.8772775867941,0,0
28.22551099642828,12.001380133247348,75.63021853655424,3.0694903657350423,1006.5115068794494,1,1
29.49893011996181,37.35791232847591,81.46841534361351,2.509023751716509,1007.5809766223956,1,1
29.441126177040264,8.231737546831477,79.6244302484705,15.805280198994996,1003.6492942730265,1,1
25.574373054999608,7.832748971891138,67.17566516375965,8.067757808813997,1009.1242392597903,0,1
27.303265242376032,33.91257459821897,66.9040586027277,1.3854419679715844,1006.9382118457836,0,0
29.563031308897987,11.106335692718739,69.02055257394302,2.1285990924663674,1004.5431057631338,1,0
29.17076563157205,25.261985137533102,58.38269781616105,2.7000991302811714,1004.3797497632717,0,0
30.192551942821858,11.86684424616292,60.86477784067927,24.26090357481463,1013.5627857264138,1,1
29.18649854903472,22.672042918368355,77.70670694444166,1.2913186697081769,1005.2537346550201,1,1
28.92787452447054,29.550213233544877,69.59811303192423,8.620219819700482,1007.1275044048383,1,1
27.323684723418786,12.542385860223893,46.399318258641856,2.5836843447965636,1005.3994664939885,1,1
28.67103325485563,11.647815147949373,56.21249308115084,12.239607577799587,1007.9821069825587,1,1
28.55612238626239,17.669709384998946,57.79976370628256,12.433302180081899,1009.0438671064803,0,1
30.21180897172797,21.78972487307359,73.57003400413262,5.822746358145446,1004.6298700797241,1,0
29.262528687032976,19.40665347793131,73.18294257968161,4.231940535798708,1010.0500663221582,1,0
28.386811155380315,22.233295324257213,73.27733669281787,1.294228739568104,1007.1146378295387,1,0
29.752184028804653,16.93293659903591,74.8392849482884,1.566828615804463,1010.069771129424,0,1
30.295933637522587,7.7194101572835265,51.79884461318457,2.4418659969899705,1011.3305060707223,1,1
30.07046860433338,44.645442258122664,76.90892166522156,11.274528353267511,1012.137121803932,1,1
28.36168669124035,10.356056426108887,76.14016262382837,6.456459772999154,1000.8044235932168,0,0
24.796013341848756,8.295157381482285,64.66491353581887,2.000997957596533,1008.9857883865888,1,0
30.88461696034681,13.775445426483214,83.98095268347404,1.7512609973824134,996.7829456234197,1,1
27.687980430190848,17.80077943744492,77.26289704773053,4.456390361658987,1008.413134685662,0,0
30.091594613036612,41.90238704760999,61.5869172598508,1.8148295213844685,1001.4320586556302,0,1
29.89162241249586,5.821465320187349,39.94794122850375,4.633938766062472,1010.558279691231,1,1
27.536277015217117,19.14549126749603,77.40882772349997,1.7914828831965486,1005.0711772799942,0,1
27.988026067319936,5.9137512602942275,75.92757347631793,1.9872770391455328,1004.0201210253116,1,1
29.36099532833077,5.324325093858381,51.564590418645004,5.367558883893908,1004.1186166691848,1,0
28.908791309737648,15.364039028457888,68.84223199734035,1.4974425763234138,1006.8073254758452,1,1
28.367091837957815,9.992548554407168,70.65111994536997,3.4626804833562415,996.6191692864987,1,0
28.428743014700693,11.060102811993099,59.85960544169537,5.811697064818995,1004.96521813281,1,1
28.433793897908547,18.3357191545734,58.11453349777528,1.04701477719275,1005.3991928671618,1,1
29.7171482521839,12.20744574005827,63.05265364007336,3.5496226967565785,1001.5179472713833,1,0
28.750864077633562,25.980660719042433,58.427592002707655,2.7686060769491605,1010.3509701889132,0,0
28.50228472245402,11.368037145809087,69.13700392812754,7.256033499015254,999.1294151796733,1,1
31.02283505511138,18.886031581695054,67.39479218386282,4.939753193662861,1003.5705515538634,1,1
28.937460589006957,14.6715603813816,56.69883637031289,5.382280826289091,1004.7320982859333,0,0
29.54568718617166,23.441552866885367,71.89296165018243,7.7755855111045955,1009.348659891458,0,1
26.774395551028707,7.33532233759586,88.92603081549103,10.603175962999954,1005.3032897905713,0,0
28.333368362357188,6.847797494513199,85.84005896019536,4.06815416457056,1011.7473939663726,1,0
26.923454764228776,11.977040539011796,72.60029524133085,2.4494704682077866,1006.4357161118654,0,0
29.892168591196604,26.235707065060375,62.666840039291465,1.0647285482658395,1002.2139132153212,0,1
28.051345913849286,24.66251140025022,56.563228049492054,12.831728133911023,1007.1479026676625,1,0
30.712936027758502,21.24237184663111,71.53409195579968,3.1858987986475746,1013.1158246582348,0,1
29.364373451656824,4.798683257219037,83.90051775578216,1.5769686758021981,1015.1347915709091,1,1
29.643883145503235,10.986326606110685,68.88550603877754,7.7823323297078675,1009.3701059156916,1,0
29.38308124091199,12.275076528827574,62.84127165555392,7.364717973271988,1007.4378106722622,1,0
29.74702040774247,19.14903041762379,65.1338425197202,1.2625995263804282,1011.7204971919563,1,0
27.8746123206664,22.67667553212105,69.52856761360725,3.552183103457521,1008.8803056998204,0,0
31.05892918267919,11.93179711014672,67.22470738671741,2.688415453789543,1009.5057926844102,0,1
30.23710436440704,23.191957178760475,62.008511848414315,6.006192921550898,998.9981556782744,1,1
29.42783517426885,24.158549938986525,61.64424901517819,4.951722132480185,1006.9184702256791,1,1
29.31573556617886,23.511601142212825,64.78985839235791,3.88483436829317,998.0763479678369,1,1
28.660627850341267,10.710096602546892,69.87482898724862,5.281399866211583,1010.441340514296,1,0
28.5755830803606,12.63479178075392,84.84342979699326,2.271323582492541,1001.868820982453,1,1
30.797989059076706,31.53062915421119,66.42086698354333,4.350453487098884,1003.6736823664304,1,1
30.799099824306268,12.347748346837546,47.204321445402094,2.3854662348071054,1008.0505638808515,1,1
31.489129783916386,24.548215538732876,70.99329836071826,3.113452146168321,1007.2861442586457,1,1
31.836861678903343,33.29807321756345,64.87038764422465,2.564420692185692,1006.566855046683,0,1
27.028844040130053,24.265301657369243,71.50984975501996,3.2691230803135825,1005.2961209351231,1,0
29.026874980378686,6.020982043296592,72.40743919113652,1.274617467359575,1009.0099652091724,1,1
30.838106631027557,14.582893567556434,72.28804684359339,3.7809376190594355,1008.5063119089162,0,1
27.751613935481124,36.369861661339925,62.3598336071882,3.414327624945378,1005.8538524288168,0,0
29.697998654569254,3.6765182111784926,60.509136516394946,4.104175004042374,1007.8637672989349,0,1
29.209067720296623,23.43166752630124,66.07675641948474,4.487774648385334,1011.0602739866774,0,1
29.35094490638661,19.197449331067105,76.00871785604974,2.836819874064895,1002.6738491930865,0,0
31.866222985553765,13.516176029123788,61.3526199072558,3.715342282405239,1010.7825542214358,0,1
27.430343861277482,3.9411030443124466,77.68189538424157,11.777187792507847,1016.7620466482811,1,0
30.977071890844293,5.074134015698004,59.91126915614751,6.6795701873344635,1008.9271201432265,1,1
30.781067605245703,45.0,58.482765008630025,1.1072031099776096,1007.6811947317403,0,1
28.51137548810613,10.833778280006996,70.65692716746229,1.6971390905807766,1006.6962738305862,0,1
25.02644378717095,17.582214217498514,57.145956962681275,1.534012955804643,1002.1563843916658,0,0
28.325574751608958,6.716798855548152,81.80523823683367,2.576558471622964,1006.8652099031812,1,0
28.335147530777512,12.503289499275844,76.341542858544,7.496463775494044,1005.529695992263,0,0
30.23270787982951,10.509733838160612,79.43571522273102,2.8496947590450716,1012.8244716693335,1,1
31.41186221537438,11.20761437207309,59.96595728087809,3.393540149762425,1001.0462713206863,0,0
27.990652524192765,20.301621474398722,76.19232213044766,1.0187689417537207,1008.9669391415418,0,0
31.02368299219969,13.681878385416473,55.95236591603809,11.423246768527827,1011.9686510647172,1,1
29.328208627764113,10.532656899507016,69.01639564055483,2.9435783128064026,1012.280630371977,1,1
27.375265104430596,9.510360879756398,71.19453087666732,9.820455755282335,1002.7140368062284,1,0
29.083868482512024,9.157086812152917,78.50491310501315,6.85388386135022,1008.0428291630981,0,1
28.70322203693526,13.253076269821735,73.37344341685714,1.7456578303740256,1002.5984828662869,1,0
30.37633071884374,29.829071257405506,56.91641956834442,2.9739684050654116,1012.0215619177266,0,1
27.02566964854055,17.73685588940882,71.55980913989441,13.393518919073488,1006.9145788475845,0,0
29.527228599315624,20.974965683846257,75.47641704789672,13.083291479299984,1010.4336508364069,0,0
29.102387301750486,9.309397400491735,79.45082338382198,3.941837057132242,1016.8443565273444,0,1
27.034475284901557,19.255231880330463,69.55671789797832,2.1534566836498374,1011.5442647689894,0,0
27.558820116332743,8.622158232609161,59.586148348584864,3.9713531401263227,1003.2700776923226,0,0
27.395386144706436,20.49709344936838,78.61205974523874,3.7081190960143346,1005.8609864829018,0,1
30.399815317524215,3.8922968914470024,74.70779396269431,3.368248744444347,1009.3596075163676,1,1
28.961483828581592,28.888074659389233,74.8558348895242,5.051632136537341,1008.4916156395672,0,1
27.734557739453038,8.057647343280916,73.65065378904822,2.9329040459722626,1006.3018918672818,1,0
28.513563002004524,15.728822206579375,48.89441199034421,23.24698504513554,1009.4899861578929,1,0
27.65033151893031,11.55969549233786,59.316428044273046,6.451845909024422,1007.1856081218067,0,1
28.801643262770916,27.539529763911673,69.78099045845953,3.9520756794016134,1016.3587853943237,0,1
29.05202237467603,8.776622480549214,59.54459012610493,5.501992902885828,1015.1698434921345,1,1
30.759929483277556,18.371506807835836,60.66011109830806,7.0797476494051095,1000.9307626257164,0,1
30.687632965992254,7.178858175050367,73.78182054198643,16.09198485047085,1008.9045946496549,0,0
29.375881497876417,5.027491348625651,78.04654230036354,5.868948362959805,1011.9099042942172,1,1
28.916103247719732,20.18840110636719,60.02677698099893,1.4948875033402291,1012.0819538707764,0,0
29.264209806652698,9.734969684853004,77.95686012910247,3.9906040937806027,1008.5180126675783,1,1
27.06052593869476,8.150901023374397,45.19071045938021,4.082196890615636,1010.6573535362584,1,0
27.520860917140276,14.030303303841304,87.7519826962242,2.5841509116461747,1009.1658341873721,0,1
31.861496331923355,21.5538263555329,77.62691303921024,18.301349215898036,1003.0435356329538,1,1
32.132503797663965,7.71837073155066,77.11165485604305,3.426686560626239,1005.1505134048791,1,1
27.092673873525197,18.983406944331332,76.36890978073896,4.23481293156551,1006.6146296046327,1,0
28.905996444423202,30.488952171223396,53.535415048375256,15.10421384705724,1008.2608933462444,0,0
28.33721775177635,45.0,68.07614371760765,3.065610019817677,999.8041554110787,0,1
26.881040007520212,22.068167441335216,60.32562213003605,5.305333860024321,1007.3679959398551,0,0
28.970411478703994,28.123416352745057,51.943384684911045,3.6754684825448627,1010.8255773149027,1,0
26.894553506469755,18.363237614531496,46.077866411945195,10.035601392069944,1003.5027047412974,0,0
32.30253333517616,8.67304547083519,63.172801589748005,3.6939026300347275,1001.6908753191447,1,1
29.45520766408361,5.920544903802163,85.26833825271814,10.194980228883201,1006.0505836818495,1,1
30.697816903559687,11.908233182703766,73.34451640395605,2.9814463664438007,999.2149872279974,1,1
31.127936429362773,18.445543207728555,72.13662737020304,6.383489776429515,1006.0381075814785,0,1
28.438736339712932,18.72263077443977,74.9148014467177,1.2870098420570866,1006.7677221203038,0,1
28.59937309826699,16.625998453453555,65.28834854579148,2.1370530087616366,1005.6968279965032,1,1
30.268963871177395,14.545401045351317,54.756812489769146,1.805393017414104,1011.5354051660036,1,1
29.938362917417432,9.485662533996557,58.248985367610246,4.4308672798953825,1004.4672701670669,1,1
31.170134837171826,11.896973220274727,65.25050447588318,6.426126067638373,1006.7456352294139,1,1
29.063213839768892,7.592533469250698,67.45886660974523,6.245898681683514,1008.3566342506589,0,1
29.686265944528486,25.14582505985161,70.59313839623245,1.8381624779103325,1010.6266000324931,1,1
29.135354125012153,21.492109914957346,59.011049617884574,1.7210954246541372,1002.5650023662564,1,1
29.52424578473901,18.35995189310654,60.31849273623317,1.4787043743150532,999.9482760523784,1,1
29.579210293271856,28.696783681419184,89.67481446015813,9.325200435298235,1003.18499668274,1,1
30.921181813425566,13.329047977893834,59.003898656307626,1.4146640629880747,994.9272066657505,1,1
29.29875470951852,13.517053782529239,54.5106069185544,2.9892394715475032,1004.7257377112838,0,0
29.523049727781025,8.31105071478584,79.12045379392049,9.211471516538333,1002.8578929949778,1,0
29.152992168094386,17.8850693076376,42.155051022380924,9.59026907591085,1011.6785003516189,1,0
28.670917449864533,18.80215992752036,62.51269818226015,1.5658091577695705,1014.4795258095526,1,0
29.126674825051637,6.45878517071654,82.63121092618007,3.1488642960495348,998.9564967209923,1,1
30.38251916501858,11.936227762997621,83.69629599322792,1.2181668472921385,1016.9004629831942,1,1
29.878790589002033,4.132578538806259,66.09396823552964,1.2948394373450445,1010.5302940283004,1,1
29.277616014487585,6.636380888490093,70.19258631517786,7.183392475537539,1010.0918254845841,1,1
29.23133581739708,18.292238493036624,68.78269978003134,3.109442822398604,1008.9293198792911,1,1
29.316561256509274,15.449656630790123,72.02592382579269,1.948113877619308,1006.3232462844021,1,1
29.55860079566985,32.864227655156675,78.19388726055423,2.288837230244957,1006.0232729135508,0,1
29.23898374718769,9.24064834868025,58.41258547816327,3.847531575267925,1008.427280507912,1,0
29.22994953395781,9.352563187743062,87.77468770039164,10.664031007618842,1011.4384282275391,1,1
26.327835053195013,33.59731237461889,65.03904949286851,3.183689590993643,1011.5885171610861,0,0
29.719530321486605,15.91982924207802,73.06002197084399,4.764235068856012,1004.5164168131985,0,1
30.53134621696809,21.76852420528896,64.68385225925441,11.521778448010052,1006.3525854403971,1,1
28.041040695675655,10.55982547580465,53.54253895035502,10.83404711368252,1002.3969565318323,0,1
30.074370033533324,10.700108297731727,82.35136640787432,6.883925324917213,1017.7377071299829,0,1
26.82671520685075,10.548128405839643,71.13778024085265,1.2430696703933235,1005.436145182159,0,0
31.146720575108755,14.870965009097565,68.15926102869632,1.112081896051408,1010.7407061869199,1,1
27.962691186764214,38.46914816270579,52.53169726842871,2.8696902589206386,1006.3744025221984,0,1
30.94058023182427,4.839690044783095,43.9557906596382,1.4278752646951927,1000.9171750332573,1,1
30.69959992622024,4.566347748752272,75.16815657245603,3.458073670215059,1006.6244642742357,1,1
28.294258771885293,31.148440945727234,59.67293337292931,8.96007464327684,1004.7843619553059,1,0
30.084608650025416,15.876581261725462,58.520613717202465,1.4585138664647666,1010.1331655512414,1,1
24.973961650285865,15.750358500600514,71.99056171948175,6.902106264362812,1008.8130155772204,1,0
29.31805655068285,9.175970757507661,50.79791733223918,4.419803403240143,1008.7650528667732,1,1
29.94059486853364,16.186512492270793,67.81766267843781,4.542493784172523,1011.292291068094,1,1
26.848101344865,13.065548197273225,70.41536347721494,2.04242242468146,1003.8608363530271,0,0
30.820258923097924,9.012182845523746,67.31837868130471,1.6600782654707882,1004.4307271605212,1,1
28.11455015258846,20.723767793414055,56.293136961691566,10.164646710458745,1005.7239493840642,0,0
29.081327384977747,28.09778365068837,49.68482852385904,1.7303445820496308,1010.0804495955363,1,0
28.683873683711305,17.952436071608403,69.30884699660498,11.964504590095922,1010.3008505883464,0,0
27.947807396422938,6.448273035840758,38.299216603123526,13.646139623832376,1010.0308033652008,1,1
30.68255078567315,10.474914231422725,77.1363942741446,2.5921611630338197,1007.2753534384958,1,1
28.48637367622927,10.499758424551294,61.0082825777339,3.6446090430972373,1001.7643401483909,1,0
31.58944957356634,18.120132131239732,51.72928369086549,4.327231029140293,1009.110681889099,0,1
30.293851544026747,12.506969776901805,68.75401303133103,10.340382966951982,1008.1011894023738,0,1
29.107907636918508,14.435836963656268,66.83736885754021,2.7453254450871216,1004.9735768374974,1,1
28.945704308144215,18.62115054226667,57.33070504568231,7.530829251703913,1005.4809006116071,1,0
30.753223553419712,9.032490826390896,72.13254637678172,2.554032713848364,1004.0110504810576,1,1
27.18878148756105,37.446191750413476,69.26176380829477,3.0877456331029602,1008.0113750884461,0,0
26.888149609766558,6.815274841823046,69.32437557631727,8.582388201138624,1003.2498817680074,0,0
28.663694873564644,7.118811263560824,74.42085889791043,12.79146247406812,1011.2099201752635,1,1
27.518226823895937,20.617289084565602,58.41898275678567,4.177753840742226,1001.2447228098933,1,0
27.67440804293264,32.998258583807626,71.21949400596095,5.459051825529624,1011.0369223381132,0,0
30.07773151717698,11.090418463584648,76.40610936290881,4.2827921212262465,1008.3628326163837,1,1
29.00587564365273,14.135494896487378,72.57941886919781,6.094114350886909,1000.8993376173597,0,0
29.73844106305121,10.890710023408547,86.91469141660568,12.606797373251124,1003.1504828328293,1,1
29.538989504672333,10.010664767559701,87.15121740105411,1.5626607445647718,1004.5640072193916,1,0
27.8772209072946,14.775097737641127,68.21610108044908,2.820185855243914,1003.9039245889005,1,0
31.22411008918932,15.855207677847519,77.36014401851467,5.089848939744397,1005.4008471165967,1,1
30.906484331351873,7.965595609913876,65.25016236919095,2.399320397297564,1008.2639237264691,1,1
28.04142103114079,12.13784047693569,67.85746258020957,7.313312531675612,1005.9580968015298,1,0
31.78036038292322,9.004094588413963,57.8944433352749,1.14982253284338,1005.292153350166,1,1
28.34117254125663,15.542814575551326,75.0158072048693,4.781062197591739,1010.1326998981563,0,1
28.11397392461417,21.97260930375327,80.37016496592494,2.0184978478849347,1014.0249583211877,0,0
29.5234302935188,5.913273254050016,63.09473618189422,1.7094336136238368,1008.4030434933045,1,1
29.755892326236363,20.173300278658623,74.96110071797604,2.1741142479176885,1007.6156826106677,1,1
29.153246575628103,15.449946191714613,75.81122812863812,2.137209298395226,1005.383970296743,1,0
28.470044611123217,16.272908835163204,47.2938847875741,2.747763054631365,1009.7691981815922,1,0
31.379946975420776,11.233140680884153,54.803730956773705,1.497776737674819,1008.1717819559227,0,1
26.517794289509602,14.320502037702703,64.1167876712884,2.1258682610290487,1012.140393455458,0,0
29.31078560428977,4.06311845212402,78.52758223843706,2.408342262245384,1010.9300281544888,1,1
30.159992191285486,18.058144241320353,75.39407718044268,6.685560755185812,1004.3809792112129,1,1
26.9998804350635,13.863265742906686,68.56010407587033,1.9118668615001022,1007.8282423361189,0,0
28.692801322287163,12.375094247954232,80.86208309564444,2.351502794227916,1012.8937899062664,1,0
29.731897806709256,13.700645386736186,61.11343352406777,6.739180526064217,1008.506365673666,1,0
28.543121858421383,5.621809206925135,76.76582843389309,11.534903396413949,1007.9744261772164,1,1
28.000596536610075,24.69863045165579,68.58746029348681,1.833468129495285,1005.3999934705164,0,0
30.83463766570405,10.99029966756987,87.92896421790437,7.956214848506543,1008.1431668654292,1,1
27.874141774929257,24.016371113065585,70.64294094238024,5.385071735390751,1008.7331884888549,1,0
28.999816462836364,16.262414951391367,56.58212232089441,1.182534336359676,1003.1072339721403,1,1
30.8800872916232,19.703852632757663,67.76095997026606,7.561412618303734,1010.9215027287722,1,0
30.477862097369552,14.594604328244026,68.01535016443411,2.439095001145844,1001.7349407195942,0,1
28.853793859255482,23.89416309090696,85.83065058598616,3.178816956411759,1004.9738620286465,1,1
32.5,11.408185794545556,50.618656371403524,1.5945036294742798,1003.9191179774274,1,1
30.188495579749482,18.769287246740333,56.364410776450924,4.89321509508228,1008.2191270459449,0,1
30.185317232526742,8.379510169743773,82.48082234887525,6.21591954189968,1009.7605722318976,1,1
28.659345304022445,4.077639758636479,48.983188004325086,1.1638880549700181,1001.5957630015502,1,1
27.0218002668103,22.73891442185363,67.91029154310958,1.83720073096482,1011.0044067783817,0,0
28.675369282515653,16.80098233068772,51.10826226373941,6.470483533634033,1010.1128892677497,1,1
28.288932115330617,10.899034804302111,71.67436909719088,6.582707791252264,1010.3901879555607,1,0
25.79084119236749,7.485959683558737,66.43929376968336,11.509664805789699,1011.0268634240888,1,1
28.58468532725588,20.484367315424684,76.42339006087334,5.869156846045568,1008.7451353530603,0,1
31.006310565954728,7.027198276136925,45.9389341430204,2.9588499499105927,1009.1758422755137,1,1
27.47249185391765,9.075449995857127,49.49588892740455,2.7815257861759433,1004.1182551283069,1,1
29.481686723098345,28.706043218171402,75.81209181134635,3.0427891333104053,1005.7947369515947,1,0
29.991583750217348,19.22587751856162,45.93480761104669,7.422514793594289,1007.8421170528441,1,0
29.87687642815108,26.767880286808715,60.87255777575402,1.8576918840415808,1006.1918205722444,1,1
29.023252060487586,7.054668443344954,72.84938853183823,6.191367959363798,1004.574550845319,0,1
27.248700292549234,26.093918099812026,85.86998076031401,11.178933238484738,1015.4862003661719,0,0
28.475017436725572,18.395552880563898,65.24582975487635,1.0171938049057425,1007.6921585397827,1,0
28.696468586369363,37.5460735596646,59.21273228457678,6.913495154776151,1004.2182379821062,0,0
26.766032823875,11.442720739639858,62.688191647414456,5.9432241552031355,1011.4905775816088,0,0
30.65217037004415,25.92106389236561,89.8722052787142,1.1828079118024863,1007.8418806494426,0,1
30.22388129610381,8.280207696352718,55.9123941857511,7.419921880888678,1001.4283480760536,1,1
28.82813543827977,11.638393486152655,68.9523921606984,1.9626456971799076,1001.7288867466633,1,1
30.484544793407473,13.819914784841474,49.73829948427016,7.714657307573688,1015.2661951779378,0,1
29.749876412018367,4.533233188088483,52.59539313154726,1.3798463823667315,1007.7392287855427,1,1
27.76770318860259,18.607524408934246,68.46106614771706,5.766470998006333,1005.8111174883355,0,0
29.607058642561213,15.437302317770477,75.32268275853241,5.582014184796083,1005.421408790864,0,0
30.82930302572817,11.358583850870742,94.59423894455432,10.426470005830547,1009.0083149336721,1,1
30.340030452628834,12.717652172642564,62.85429669555188,3.6529213635926014,1003.4359936612236,1,1
29.57205693360902,19.69258073776216,64.65541379540697,3.212423427585187,1010.2924801037859,0,0
27.664202155751173,12.40133799843079,75.10380498334136,2.2235531066530494,1000.8919741843704,1,0
26.602950524006758,17.11511111569917,53.28618844122162,7.267116262951753,1012.369905707077,0,0
29.3630561971039,19.31807404089588,78.76822042785987,5.703181866472081,1003.4165584643476,1,1
31.021336907984058,5.251935093132686,68.85694224698376,7.514399393581076,1003.7493715489007,1,1
28.343985621971083,11.371124123425648,56.95933239509635,5.862889509281779,1002.4885452737186,1,0
25.28076047737099,33.962304864080146,86.68492118678878,11.082849486406566,1001.2670004150913,0,0
28.391073732121647,9.031875047750754,80.75841584061813,1.4773179144483546,1008.5079841004941,1,1
30.94855288965162,6.67109816443399,69.21998141085032,1.1011687719128598,1013.2090596574195,1,1
29.344885405511807,7.6083415746039496,61.70226698929663,2.900086914964075,1005.0730235584737,1,1
29.708100958394144,9.643838284492473,57.52970247826967,5.383178010658635,1012.8018099920769,1,1
30.37745856763978,27.03822893153708,55.650052002361406,1.0201552816315438,1009.6408492777972,0,1
30.166251980721118,8.299529121381774,62.38070991647061,3.497714887521833,1005.9073925133582,1,1
30.37918386950577,22.686640047583687,70.25670739245612,2.6480993762912695,1002.7841760850417,0,1
29.482045879161188,4.84420244125084,59.61692550153366,7.417318791313794,1003.3349397861687,1,1
27.001333311766498,17.65863723791971,79.78535155677335,6.719885800945671,1000.0223108831218,1,0
31.539486720078173,8.75185304906147,67.0931533051405,3.6890587821836385,1010.1535267821885,1,1
29.721654469583456,25.027022573186123,54.346468024778346,5.408103940310497,1005.3791869391813,0,1
29.293952054968322,6.586029172158598,63.98886602270559,2.8330390036409576,1009.1801775825311,1,1
31.383971564614235,14.920522322785418,70.60971816939725,8.959386651739932,1010.5220967932295,1,1
28.253209922191704,18.315779653056623,70.36770053224384,3.110446490561031,1007.1798327859206,0,1
31.42687895379577,4.926393763479784,58.847688488063085,7.1224359828782555,1011.2020219250669,0,1
30.068565142084175,5.980889761093751,71.68883712010263,4.820536085809314,1004.6348208651639,1,1
28.52043732105149,10.03153261650813,59.63318579779169,1.5827106111720735,1008.5649311474048,1,0
29.35044877559126,11.241583899014232,68.89369968117305,1.3594563377571753,1013.2521113090205,1,0
27.180951820703747,15.775893018199987,62.72134016301085,2.68307633283895,1007.0200001540838,0,0
29.742513461759515,23.01794020995505,48.16019026302206,1.4505964867836403,1007.9956290487257,0,1
28.936413029463388,10.188379592777581,60.38806927645909,4.420464326953297,1009.1846632011653,1,1
29.44946701028897,36.69257324678381,50.70203035395558,1.800659835424502,1002.5179973167573,0,0
30.98729336026216,14.695506259791106,58.92136095143375,1.0891864597169212,1002.8370562198469,1,1
28.35341212320491,40.61128282890186,61.765587243625305,6.389754369695193,1008.5691734044441,0,0
28.47365996598355,15.612539207937063,61.0919077747538,4.005623291643986,1007.44899255136,0,1
28.931509514063432,4.7979664498930115,62.46022704969131,1.3285279201893605,1014.7880220579123,1,0
29.50142217097839,19.30215767308641,60.715444379285344,12.591191952622054,1010.9350291752406,1,1
28.151125733170467,11.95920050341915,62.96208211818644,7.5567579473144715,1010.5528804447313,0,1
28.50842567296645,7.8207955495081185,86.23598527046254,2.049151656220127,1007.3393297026277,0,0
30.471826016648702,16.64078421266781,68.16373257847395,2.3146953580946645,1006.5841339471673,1,1
30.165824398618287,6.325617327115379,81.81236169602647,13.322484674825938,1011.2985013667274,1,1
31.13033088234312,14.949387202634446,75.28491866514962,5.640134208801179,1002.6154529779326,1,1
28.560702551852053,14.343185645481872,65.37215907759726,5.393912285884053,1003.8198434550048,1,1
29.30895425917797,17.865026089952853,63.998376187542206,1.3544595486120503,1009.9229948370366,1,0
30.87363625152976,15.047721502962933,83.07537483036387,8.316470599078142,1010.3651799364626,1,1
28.93568466408006,16.459075139475697,75.93984520058868,4.859188477574985,1001.838799292879,1,0
28.358086846082,7.171898300146587,70.78478201378672,3.0982813406326177,1001.912627666754,1,1
27.760490683968698,11.906838359122682,67.24598630310233,6.402663204378845,1008.166554832199,0,1
29.523789456946393,17.23400047702186,91.29333770607226,3.3017932363327214,1010.4141968932121,0,0
27.676706388426204,36.01775063497296,40.29510321538685,11.450066648975268,1007.2614014468824,0,0
30.020335818898044,16.943881996779616,52.9075560096891,3.163507449922417,1003.3619440297902,1,0
29.35317714101132,7.718898977062395,67.43355775098152,2.4663484596663388,1009.2720498402883,0,0
29.930780241797383,3.874407609305716,80.97644800167151,4.424555975451598,1012.681437837733,1,1
29.296394570103928,11.974140402036612,64.41805128786292,6.533077366329598,1009.8572355350826,1,0
31.502750290946437,3.0,54.37300988458463,1.5292054475102452,1008.8683071477731,1,1
30.28793286165518,6.844988972402055,69.64466735321797,3.113768742959436,1008.6452840656543,1,1
30.289220341603738,5.08425967848336,57.68993170548221,2.7621072385545222,1001.8068264124934,1,1
27.76472682842317,22.15392671874683,71.42172380129311,3.971624394306639,1006.7910365634388,0,0
26.862367681111515,18.86377898767845,83.32744483234484,7.2312360830606295,1004.8777598494573,1,0
28.461175292997606,6.56457300632933,71.80350969222516,7.406434543910292,1000.6038484116673,1,1
29.596032425898958,10.002169397998752,81.46361284913391,6.66819432009098,1005.4180517664075,1,0
30.973400997363147,25.181517897015357,69.15984700024927,1.4936534334522995,1008.5642919621417,1,1
28.349022210424447,15.016859718616647,76.92330001865201,9.171989345469312,1000.1515317298032,1,1
28.411395756430615,6.1816249103818315,55.54498036454928,4.1624941792733825,1006.3336489362724,1,1
27.141358294531685,9.677632570277526,86.21649880385618,7.307831731274682,1003.1709882626096,0,0
28.696152993510754,23.524823082293985,72.01866830981501,5.867452447317884,1001.6631528183251,0,0
29.07721043894751,16.89395051871383,68.9034888494429,4.7411473748096755,1006.5920566983959,0,1
29.994966025233083,6.244332755278439,56.468792913451956,2.170874446189065,1006.3294317369755,1,1
29.92949809806315,29.23234729778242,46.438601049477285,8.095601806388249,1005.0761463468368,0,1
28.048735246906737,7.740496800094409,63.1232516755242,3.916441162913534,1006.1014596895757,1,0
31.414409608047077,5.088828894596398,72.93225265870802,1.5507998216080878,1007.0383315827056,1,1
26.69483103037849,12.507521673189933,61.92517597757153,2.082857772503151,1009.1387078846533,0,0
30.69119366260775,8.252327769749577,49.76681956060524,8.40076211039927,1010.5211142713844,0,1
29.89870374452462,8.14109416664645,71.7448045890629,1.5328626578355697,1001.3837799718425,0,0
29.40194283762833,4.532080211225233,53.13293417882661,4.787805110934502,1003.2950120727639,1,0
29.02551368153672,19.72555679662748,59.95787054516103,13.114133591587231,1011.2701008325657,1,1
29.9269801604405,9.756008731330287,64.45815229856193,2.2888267056530847,1009.8607652129326,1,1
29.737476590662325,32.66747446995768,75.06982326568973,3.4298464210008532,1013.9884548357225,1,0
30.4424103876059,10.873506438901408,85.28606388260184,5.744311904352153,1005.5779380344596,0,1
26.32875114138873,15.248900883116832,38.27187928474997,7.472805904602568,1012.4264557181874,0,1
28.615585031235096,3.7023823034409964,83.84967840518837,1.9393420418554976,1005.7524362061453,1,1
27.720789400981474,11.718881628098353,79.0262569981162,4.257300056239654,1004.7169501615592,1,0
28.868031002340295,45.0,51.102929033283274,1.276920349362722,1004.6984563067964,0,1
27.410815542397174,22.64128793636511,77.40771129218541,1.4341160949569973,1005.6135103133861,0,0
27.466370345654266,26.120534314740514,72.99137467855888,3.074302047015186,1007.6557798133068,0,0
30.734324053562265,9.633781736688794,61.27329131976066,2.818951869979013,1006.6434243530355,0,1
28.807967065029697,13.73635018583682,56.02563741034704,5.89200524538368,1001.4201033282236,0,1
28.902100466255607,13.903940187397765,74.83694122468475,12.150658109586434,999.1326196471967,1,1
26.95620067852644,16.52814107284563,65.96692024564149,1.7352834387172837,1006.4722546769074,0,0
27.620418681621096,43.705641664886876,92.38341229545303,2.4209708577311324,1002.5213906405629,1,0
30.353520459534252,10.837112091824181,81.57558974242924,3.2054238180232217,1005.8863681426553,1,1
29.896265847418807,17.628046117511026,84.7243610101732,2.3095950369031915,1007.9564261851581,0,0
28.40964964700296,16.904506568053304,59.97991306139112,5.390318279542472,1008.1942900747292,1,0
28.437083952162194,11.371886116533448,35.5435457549009,3.5051084543593216,1010.9532229091628,1,1
28.92507230649926,7.839291780233996,42.947409319314794,2.1113300534270647,1010.4397841118135,0,1
30.63297521202323,20.249769713884906,60.08566790438242,5.161357904397347,1009.5085396454219,1,1
28.53574557479185,9.348965460780752,83.70259661815015,1.5481266400586344,1010.8189036632009,1,1
25.067159692482544,18.135448361601412,66.42202118313952,3.380423852186258,1007.6381743231166,0,0
29.231886567010488,15.10319152275736,82.87801231152906,2.9356686844015276,1007.0192598020474,0,1
30.206923908463654,24.08475778381469,62.14565893652026,9.177985975331355,1009.250980421225,0,1
29.48561591949908,10.879770567713422,53.00606136288548,10.55290854667326,1005.5597176708523,0,1
28.367125003925594,15.586041609818441,52.76644115637179,7.640306076979024,1005.8678869022785,1,1
30.618753460793364,8.20926475018056,58.87444535401408,8.379972627879361,1007.9289714201925,1,1
30.821659519846328,30.496711525719974,90.91163784477172,5.266097216730844,1003.4014627421648,0,1
30.280927602968696,22.98212727148956,31.198391229926806,14.961542017881175,1004.1031784369382,1,1
29.174568718789534,12.698286576742523,55.773669638085565,7.8302825462380605,1009.9169778018734,1,1
32.240897236832545,16.895368641476512,80.51178231124638,1.8739162136873657,1001.802772717111,1,1
27.372980354439285,16.58520561866691,76.92642462839554,3.34415805262696,1005.3572750870869,1,0
29.952575455742437,25.139914285206842,51.15814566655938,3.120514127024247,1004.8839852778855,0,1
29.641983486155105,8.293594442573996,40.74063459225606,2.1657051183946225,1013.2939004704212,1,1
30.699774255192878,8.548865901511487,74.00057889734865,1.7938556151936407,1013.0890492956115,1,1
32.5,32.76978225604613,92.56770741105723,2.022542139260547,1004.7596644471132,1,1
26.612793524836988,19.244015133431763,78.48184144869722,8.175233508651848,1005.8238288633067,0,0
30.469564424243707,13.714208345895456,37.48977161227325,7.038559073283438,1005.8192383542543,1,1
25.48032058407031,37.22393725798679,63.620548349400586,1.4344004449012129,1003.9195829529696,0,0
25.726104593561267,22.14966954490128,65.47178097541504,9.884855014751386,1007.7247697908263,0,1
27.3797733405042,13.306028086803051,68.39095849752782,6.740741805928856,1013.8842651133413,0,0
27.607710516189904,9.660143547050945,71.28150379617539,1.6300669340177176,997.4453748682283,0,1
30.560613746926737,6.200857500934444,54.95665610819927,4.641907725105063,999.5277155027005,1,1
30.762778047385563,28.276760129504595,71.62275276129762,5.662832792718252,1007.9035937270995,0,1
29.773331989371833,8.555364755728895,76.78417126688228,6.930249436574517,1008.1985799066268,1,0
29.007278762229266,10.088628019727294,88.38405567480193,3.398246299413624,1010.8712918637649,0,0
27.716560611350573,15.635819999607635,67.22272001526713,2.283572075653705,1010.2746756725186,1,0
27.782748923628716,5.628900083840749,75.16490830337064,3.7146344165095475,1008.1842028616501,1,1
30.35962924434489,20.73461160514766,72.21542262145078,4.903937399611703,1010.9173145781158,0,0
30.971332921683175,12.118356602280722,75.70450548034349,3.43945561995616,1008.1429890512644,1,1
27.226674582181285,45.0,77.17001357360579,14.02494984531714,1007.0421327694377,0,0
28.81301258977894,11.732425658769365,66.44847091821342,3.789813046457221,1009.0841210983898,1,1
29.258799237368574,7.312157420207812,54.72388092121778,1.7148009779393396,1005.9872487590657,1,1
28.54371337164907,19.01147026006369,80.91393712823455,16.047740436369722,1010.609497451072,0,1
27.058076504540534,10.984639578169942,59.57660947902431,1.7697577693411222,1001.8398728563311,1,0
28.621047495758507,14.40478726230526,69.89141368547538,12.828104635746703,1006.2331607654867,0,0
29.563109480662018,23.16942260842763,73.27898253498952,1.9670764963038705,1006.1070202795158,1,0
28.671279173749664,30.87509728839846,56.753972209896716,1.0623092382799892,1010.9555812706533,0,0
28.244806370907042,16.160360927164195,82.98525942271978,6.418543238512354,1004.1208258573691,0,0
27.790722344038116,9.742409058164991,80.19051126058663,1.0881871694618785,999.7160110149963,1,0
28.010619784781554,19.234355794629973,84.42708816567033,3.582318857363985,1004.5747835469766,0,0
29.272691237590294,16.26028333493864,47.40436252553304,4.6418986204678525,1003.8894245505307,1,1
27.84227531557541,17.925318588379966,67.74905180530506,5.312848225110434,1004.1001637652147,1,0
29.39780548938708,13.29452125842919,51.72716908410073,3.425770278235313,1000.5350341097399,1,1
29.110283322330005,6.793349341075619,77.26968814432459,1.953279398494511,1010.9652144502976,1,1
29.217059456214272,4.066243804779152,61.97031334164292,2.1952975679323457,1005.7274715469863,0,1
27.856800352180205,15.292127865743488,86.29196289203216,3.4577459730790383,1009.0235904311962,1,0
30.854555045080183,16.764021452459716,57.42498866993422,2.7895389106882797,1002.9107934329797,1,1
29.74913683720738,13.642225196362949,55.110572822509795,3.555052366970501,1000.8234976799924,1,1
30.36255415034174,8.110176687715585,70.72732895215518,7.689115889199488,1003.9472973473221,1,1
27.91878006241909,13.43797258269239,54.89526878089467,3.4224622753983693,1003.7552866015899,0,0
28.387173532114225,11.799050955835192,69.54717252846066,4.301956956491637,1010.1620095923375,0,0
29.67156301841869,15.394742780836948,64.8681279873439,9.434728417733712,1009.7929771774621,0,1
30.274729433484538,10.505440698845591,66.11601151258365,10.848794196250136,1000.200773906102,1,1
27.949837506026128,23.07123181152068,69.50491607256063,2.960652590702244,1001.3815533153786,0,0
29.17729835672033,13.476463741997883,75.88947952026996,6.964851104189102,1005.4318994923888,0,1
27.704729089319333,5.186112856209784,66.0889723182342,6.188307640844998,1005.1651602667959,1,1
29.094063635515692,12.087832403196026,59.143788938244015,8.81714169871617,1013.7922934651037,1,1
27.744480912532598,11.925353149312732,74.36703447911324,9.3540165389464,1007.2169295833975,0,0
29.937543999651794,17.66388076989697,57.83285471052862,3.3684962270987744,1015.1045380823828,0,1
29.87149621265786,22.253543757586687,61.483770377048806,5.798494527991311,1009.2145831369459,1,1
29.33426596759341,13.93204399876116,84.1521658751162,11.3408496039293,1003.4724261697049,1,1
30.30567995768137,3.0,61.701092159110644,1.1048163747614883,1011.1977291600307,1,0
28.03426656343464,36.30763603785339,79.89936392649052,9.903783715787888,1006.1647847070019,0,1
27.021642617113542,11.26369939216236,80.54309496837121,6.36321637207401,1006.0905217091986,1,0
28.242959914292104,23.396694669873675,66.66817358874702,2.5675178128615435,1007.4315356286266,1,0
28.433040414138954,21.463415132861417,83.03090445731385,4.611844786264343,1001.4230695685354,1,1
27.702017893967195,25.950569840745104,74.21563313059089,3.8669457830410012,1012.8103319172565,0,0
28.934442037311054,5.002793199030918,67.45106373488419,1.058417017371705,1002.7039361144413,1,1
27.86861938027149,15.343298178135468,46.25171260793473,6.556989051154139,1005.1678723183268,0,0
30.226997348489203,19.092521403374462,60.15930998296008,8.109301972756105,1009.1915554447128,1,1
30.381399735943234,22.53416805119006,71.01177042885395,3.4629610300351987,1006.6094387468663,0,1
29.97689349572158,11.765087629247034,64.39515249777472,1.1377183674338716,1005.6480066193461,1,1
28.165445408934282,12.921475331692456,61.74594288342937,3.815286155587754,1002.1659748463911,0,0
31.14579140897598,11.500494567729469,78.825001251206,2.090371434172429,1012.8995038505265,1,1
28.80844124553528,12.74580247992673,76.6401638687301,11.279233846393387,999.869640343973,0,1
27.533551519390507,23.35156886185214,74.78425024743147,3.9370160799887617,1010.2416586661385,1,1
28.55041180303189,25.881762314213475,69.06444299729286,1.0765850863186772,1010.1777644359709,0,1
30.54804115373832,27.567648021095444,95.0,2.473697699599157,1007.3715381999799,0,1
27.9467334445541,6.077564865174718,79.08913436643287,3.2331189359464205,1004.1510757013527,0,1
30.841271188644484,16.234239369410925,45.58026426633025,5.126557198315574,1003.7563726136017,0,1
27.958608214221595,10.58203452023025,62.00581971484593,4.045314261569177,1011.0363845375696,0,0
29.6525955587058,12.859903601905991,48.288942387377446,1.9624806085932367,1015.2375799578377,1,1
27.668159047457046,25.161582406162797,57.17898169505571,8.455355241667657,1014.6287590460627,1,0
27.81861343647957,8.264610333877304,64.82339878127286,2.1890809281793997,1014.7370249910225,0,0
31.248529487732007,18.083875392286185,67.90137318824935,7.555099525967443,1012.8651456851869,1,1
28.704842618120182,25.710151330516904,63.492264547264305,1.3677074896165298,1006.9824658323565,0,0
30.225846367743458,27.075696775819786,90.30627197844852,11.395063402311468,1008.6947159574609,1,1
32.5,8.565388889547586,60.6152764571566,2.714814957061204,1004.8619793835064,1,1
29.51737595171197,8.224053091387363,94.93288085470653,2.155560597383765,1006.0517040388049,1,1
30.26519634348676,8.761194085346405,57.85506821346209,2.324130741049692,1008.3285187211726,1,1
27.366031873780063,16.50948096773813,50.42756569833627,2.249938202888177,1005.2372176694172,1,0
28.52726332073891,16.452018932433933,69.77119010701219,1.403499298872148,1006.9780654478029,0,0
30.25151937526028,8.160526967594778,75.34393954677235,3.60250574805886,1009.1503560979801,1,1
27.61777660476008,28.709428908104965,63.8083338154676,7.492762018716593,997.3124498298596,1,0
30.323962477602265,10.480326841067633,56.60717164804569,3.9936904483607205,1009.6019140415101,1,1
27.725461794293913,11.590023968348259,70.96670564083159,2.9655275335390696,1005.837751161793,1,0
28.71107918965968,35.96798130457398,78.27179207137863,7.968198206124073,1007.0959402616436,1,1
30.817881259702975,30.911821058754153,62.50513082006672,2.216450353543804,995.0383747817248,1,1
27.928904480281485,32.31536819777441,75.98306833945318,1.8027221660136576,1005.0309452796422,0,0
30.55839200059335,25.088458528966804,48.9775836779529,3.309744295039879,1007.2491503201835,1,1
27.6354125385225,17.80468984399048,58.69557185891474,9.233072854566634,1007.120255006789,1,0
30.214473683135303,25.47262167209224,61.669355622324666,7.512079148216774,1011.9352589193552,1,1
29.339250406367153,9.696791118081737,83.0172507151455,18.550179066601128,1004.8792941749849,0,1
31.041713084177875,14.359473156936513,64.25477489935014,1.0343935761582006,1008.1012519830341,1,1
30.351253221280395,19.20577225097402,60.05300612758967,6.095039940812941,1007.45567956024,1,1
28.128945949952517,20.55325333322637,72.20986120427504,2.3009593559197627,1008.787989500414,1,0
29.438875456420295,10.765531442883292,62.551458713345156,3.4384292628974427,1007.7108949600545,1,1
27.753446809821625,8.023438305511917,64.18831442184288,3.462129460903295,1011.5861052191265,0,0
28.601167842127744,12.089624816028552,63.95781083223554,3.3101901293857607,1013.732157641638,1,0
28.414354290463304,15.964358299158427,54.54701530479937,1.458380748156683,1007.6311454876629,0,0
29.562406017470746,13.009044110828286,68.16539317557049,1.8639507047215458,1006.114905610839,1,1
29.31932363136464,16.48412029500087,68.12010016170247,5.33209675011257,1008.9989650769227,1,0
27.947806867903008,21.68357570408058,55.302443384872404,1.704675499486013,1006.9148673394549,1,0
27.900215592492764,3.7290140569035137,74.00589312370856,2.912338427792421,1008.8031577163033,1,1
29.530899564419798,13.48323849096498,76.80729133342172,3.5743666171893524,1007.7891918788565,1,1
29.055363297521417,33.21064898523428,73.13172412731554,2.764761596628505,1002.4846976285692,0,0
28.803219424370795,4.993942206233397,71.77890370403206,2.011156319165913,1008.8294585287404,1,0
29.501406174831434,7.846081640842886,80.3251504362085,6.38543328783636,1012.0562418394911,1,1
29.95971754489478,23.92909850388349,82.64865826932932,5.769143202999494,1007.9183673046026,1,0
30.024907344430453,5.542635955447033,64.61238063804623,1.4830666299792716,1007.3972238229873,1,1
27.854029223708107,15.841452819188524,78.38437640260545,1.0632422148464968,1004.4619165610288,0,0
29.66470024528483,10.081283910862734,84.26802389872746,4.0826768512213985,1009.5602825925788,1,1
28.336751703625946,20.49866690146067,95.0,11.329581773681785,1006.3452917685978,1,0
28.920641411432577,14.078202587410924,57.01045745541645,4.674279579465951,1010.9890723586308,1,0
26.01264584265605,11.558684503513303,57.77971128390919,4.554002193379514,1014.4490965107876,0,0
30.263002399626522,21.636152965905165,59.05427789241167,1.557281746086956,1008.6926679475961,1,0
28.155520711716004,18.47969536989978,53.29016512965393,2.8210726920123994,1004.2167737414082,1,0
26.464072626998423,5.296336615135688,76.75905436285893,7.814639560117756,1009.8891998824962,0,0
28.54563212728929,14.939673982488396,64.39993525127353,3.574533913527101,1004.8337998407015,1,1
30.20862057447336,12.02707344634752,54.46936998186965,2.105466047962885,998.9608981928199,0,1
29.85365551251346,3.6404421975976358,54.453626779931625,6.722380481160563,1000.2575302507281,1,1
27.9249796826395,28.002492147864757,66.49860068034445,2.8982731031975475,1009.0944183436807,1,0
31.28687785232439,6.1278713631646005,69.23922205256098,1.5110952710705075,1007.7804231248001,1,1
28.398400031217676,16.03190648341645,75.07565490531364,5.189440071694768,1004.6584479543058,0,1
29.07567887476333,18.68505230551145,79.74591991994635,3.809264573919578,1004.5894237774068,1,1
27.32207371875833,16.862893950896677,63.00352979196501,4.199585101637394,1010.2462452987606,0,0
32.5,5.242957790106272,56.80808432910465,1.9853317936267254,1010.1160047310345,1,1
30.622080776771924,19.27686071543428,60.25229159316395,1.9815837324300414,1008.4785897438252,0,1
28.905025185734473,13.375838709830278,51.62565220356761,2.182326811936048,1008.1119331081425,1,0
29.85224238034718,6.685390616445689,65.63935489579167,2.1158096291626824,1000.8953651530071,0,0
28.73929551959915,17.256250443774984,42.25836507088182,3.2406960054235574,1005.7117037627016,1,0
29.696417918418447,22.134908390284952,74.12656659072401,1.511140234495708,1006.4295450407594,0,0
27.501950641579644,10.89130694643576,60.385650998021774,2.995140778867432,1004.8726489838953,0,0
30.607601405222645,14.289872286807137,71.80849059402388,1.3512546379335701,1008.3793372374945,0,1
31.067716960735623,11.058968334774192,73.8358275479574,13.533034948699449,1011.0866760959883,1,1
30.710166406889574,17.59114357295293,83.199588127778,4.561872533752798,1004.3286626558066,1,1
27.92095162653566,14.481104718878482,63.6725675913066,6.158937409125904,1010.6043633573448,1,0
29.672021098193515,9.808015294769142,55.86946229262753,13.992175035707142,1004.759570771943,1,1
29.29848016135018,14.568186010683045,44.004525382421185,2.0526536243224633,1015.6714907457738,0,1
30.571248863227133,14.091102813209467,66.7841517854968,10.581813730545718,1006.384683549543,1,1
25.264132707097712,12.767577903467338,59.20259736583425,2.103322546695169,1008.2786160993791,0,0
27.020321801627905,13.539594380321411,86.57427282550412,4.370179434716517,1008.4925159894628,0,0
26.924878932588694,12.352504876320321,69.58572508629594,5.564723618561904,1002.8444592744208,0,1
28.624965156341663,12.535206453564465,83.72049447988164,9.05820042118148,1009.9519865487033,0,1
27.496985231536982,17.457821360306614,95.0,2.05059290737444,1002.2750013384691,1,1
29.491618221753566,12.572024569580114,49.7852556443937,4.555489829958603,1012.2741685479666,0,1
29.577758769861163,26.496985819151604,83.68745506564186,3.1473830560070803,1004.2633822548106,0,1
29.432796122756145,34.894312793799784,64.77268173911405,5.8409962997134555,1004.5195647972072,0,1
28.56216039046674,9.777512146910718,56.63617664636463,5.5521430168150125,1007.9356091470166,1,1
28.947136179045348,15.701873766901512,67.7164106239939,1.0586588918442241,1006.4167222837965,1,0
27.77933284278842,7.92050448827761,62.380386288111545,4.862801004404144,1010.7030617047845,1,1
29.815340794557265,24.535641513838826,74.41384983817485,1.5309084344374164,998.1583852497882,1,1
29.87936324712262,19.781147317119387,54.258628364996405,14.359329527471171,1012.5678866273809,1,1
27.607788266096225,10.606118494789023,79.55373479388757,1.2411894837787647,1011.9233927140789,1,0
30.94891010894691,9.926117599201282,46.442656641084625,6.5915968998970005,1008.6255083799424,1,1
27.444767740356248,16.72957990551349,63.669664387815985,4.205867982452,1011.3060944457862,0,0
28.172567185074012,27.48980596929594,86.67022136067828,2.8303775133552795,1005.5564190552496,0,0
29.66022591328465,15.575502310026637,68.55417588509468,5.1636961091509255,1008.3494703389246,0,1
32.5,22.282460953554384,53.517555873500626,1.0928094394723735,1005.5115696359796,0,1
29.361543007003544,8.064698084517563,72.07680227155937,7.571698224443209,1007.0263840084464,1,1
26.56845441894657,6.485108306494877,61.71519791146491,2.6989426692025136,1010.7068611081448,0,0
30.278346603011812,7.116277793340937,63.71892217079854,15.327348254429303,1010.3250521375168,1,1
28.639692581407424,9.424772483713816,57.21647989298448,5.281600864943519,1005.4556381485513,1,1
27.814528807168827,45.0,73.71241770555713,2.282134618577914,1008.3571125718839,0,0
30.332318030825792,18.081459394445062,64.76595432032647,1.843734096554035,1009.9344624471578,1,1
28.554325877266937,9.499098962528459,69.54458241511809,11.913962590402651,1009.3803888269622,1,1
30.1006596267408,19.81338084730374,63.76575834316617,4.650252972043072,1007.1270419770937,1,0
31.114512194444124,4.383607311299652,72.10861879845557,1.9679119539569456,1003.512513912856,1,1
29.072586544391843,20.639560768470226,75.55240283121381,1.100916309812051,1007.6402198485331,1,1
30.39978931995532,10.41144306508021,80.41778754019963,5.092618871953559,1004.9088313190293,1,1
28.477992250730406,16.930038423448377,89.7245313816593,4.930156872896524,1014.6836857391007,0,1
29.926095239395973,5.788253888319307,75.43437031236498,7.759920889253912,1009.9042076988673,1,1
29.274259383963333,6.484387918430835,68.61463381538107,3.252517135195419,1006.8957500199311,0,1
27.03882323227112,7.690497800909072,60.87920517701554,7.55686441445594,1006.8960338111266,0,0
31.68314058272208,11.958543057908045,64.40897292939943,10.227966165270653,1012.3060370351114,0,1
28.802445783818587,8.356119842697531,72.7420614204413,2.800715756706098,1009.9465682494612,1,1
30.815986235627744,6.353020999621085,68.19697420463937,8.965709007548751,1008.010960540702,1,1
27.52022281665153,11.781668854600468,55.969339513031414,3.7750183161731443,1012.209443539608,0,0
29.134749043755537,10.646986145126114,81.0556744095092,7.15597593442604,1007.9286766913133,1,1
28.58379182838246,16.077391150434828,71.47132292769233,2.231817135539807,1006.8363130712199,1,0
27.942378284914565,24.264355142093127,67.7116840853851,2.9068013991069197,1001.8152439196477,0,0
30.58247965374006,7.681864675066999,57.007573226643586,4.18766372418793,1007.9013440716969,1,0
28.531242323438654,7.123453073822877,90.46904125800518,1.5009910883160316,1004.6987592293916,1,1
28.207692581287155,10.274600302373521,89.54219315751222,6.718006012396942,1009.261164179546,1,1
27.771373507119673,10.88135035680624,74.24680136253299,1.4815677897855284,1006.5812827207686,0,0
28.781794921089578,8.294162024012376,54.792528526355504,7.3263100275718145,1015.1137172913033,1,1
29.178853197800745,18.394367370446563,95.0,4.511602423237457,1009.6460945085823,1,1
29.27301749100276,7.952127565390733,79.23860515505297,4.283991236147225,1008.6519250096613,1,1
26.36187682049902,29.79734883914741,83.43568545930563,8.044851862256479,1011.7599968859545,1,1
28.920120011868818,17.56392609798351,61.78603513199823,2.7553261739102135,1005.7003850020708,1,1
28.89908354161268,24.923037442494984,62.0639833051953,5.516909855898897,1004.3993198405838,1,0
27.21508766663758,18.92296707630186,66.15626955739486,2.412016652814918,1004.9851726512131,1,0
29.645757452738298,21.45814926112155,76.27461419872962,4.326187034788596,997.3366627772249,1,1
27.81018506288071,20.28506446343969,48.62572971774331,3.015844706090726,1011.4729410182993,1,0
29.40507583079298,8.007403401535585,51.12589776479246,5.996772851747862,1003.9427809982969,1,1
29.3240712481237,15.046732180268968,65.05506220343791,3.993148595916743,1004.1810179962332,1,0
29.85808100275501,6.206495159105891,55.192939711165316,1.515605090475574,1009.5097410012744,1,1
28.94173782090334,9.036175793447429,54.234135470254,3.230537460873084,1009.3204109864067,0,1
28.890202382969232,5.92808418359242,73.48131060884336,2.1768778198858225,1009.3992165060234,1,1
28.78038946989828,9.086411033771135,79.76099342549435,3.244248499544291,1012.0552573458879,0,1
28.8909737367097,11.18699209992771,66.72880511975065,4.3089079508946,1009.9961391915091,0,1
29.307006840128413,12.759168944790828,87.49384624321911,20.55881078180156,1013.1406859758124,1,0
31.949467475794815,7.34765089946373,57.11000167353491,9.605417672244007,1004.8628084053987,1,1
28.308372253909997,21.446545154603456,83.84205291568816,4.395851650925002,1013.3252715736597,1,0
27.895571073335102,14.979518062301263,78.42273091906053,1.307797603926936,1013.595582028764,0,0
27.563665036884252,14.23892196890086,66.48588798243541,2.1164249999423266,1007.7277967587326,1,0
26.741013089975198,16.429306260029886,71.87022793770132,5.815014582505876,1002.6075146359176,1,0
31.67417833453076,13.692276378075396,64.56276696658794,1.3326785431366186,1000.5003779873042,1,1
28.77148729552424,29.992055232681874,76.77196607275593,1.6871733618284384,1014.6031277604424,0,0
27.4494092757602,12.380410105218035,65.5780824111679,2.9679696948256056,1011.7363454764959,1,0
30.478214045461876,9.343918123571907,69.54170477893138,3.2936397408341866,1001.422483694527,1,1
30.057680309648603,11.75215382266518,43.874812451736226,10.683976133923947,1003.3400411905918,1,1
28.685358077779366,21.490586614911905,61.902265754162855,1.67456635603453,1003.6285768087797,1,0
31.318245734515607,9.899455200588626,75.21216231793552,15.852143672255536,1009.1895702640275,1,1
29.256456450757472,27.166908115590633,78.63896677687674,5.933325700940137,1000.7422640606763,1,1
29.58956917470174,7.232438024130016,78.63750922563743,1.7735861415850849,1011.5765411309463,1,1
27.4259870767259,12.696557998290432,63.521484406976526,1.7547576219005903,1007.98670599218,0,0
27.688888882904156,24.378363579008962,51.858816614449495,5.533467479422839,1009.7998659784471,0,0
30.779606422654496,21.046847355778873,73.30924295456857,2.2147112895623353,1002.7067701773884,1,1
30.672172582405523,23.626756445433664,59.33940745673203,3.7270901118881947,1006.6676019404408,1,1
28.583407142683143,12.403590607224494,77.33404596807027,4.8289129110872615,1002.4456334073997,1,0
29.06260314904253,4.463587661121768,66.36960072426358,1.5931586306611347,1000.1467695498002,1,0
29.055468594165188,6.874437720753247,91.66872155153698,6.726386201533253,1006.5826272148959,1,0
31.40803673538303,7.098910149199248,58.51037453291384,12.403494166363908,1005.9975641710624,1,1
27.162724323962152,10.046557713710179,61.17075065985734,1.1346435975317835,1007.6532111645852,0,0
30.036411482004695,22.488102958828286,86.69927587681595,1.455281504436512,1008.9450927696363,1,1
29.452594559352512,14.196563456737916,88.61336079430397,5.452668675713228,1005.989147772475,1,1
30.47307932940112,7.597480324738808,74.74026550839253,1.120430149313841,1005.9328375848719,1,1
27.484927237711062,14.746574623842703,73.24425945371563,9.828750715795788,1007.301514762371,1,0
29.44186553650729,6.523155843218092,66.28674021264308,4.372757236414472,1004.972289702393,1,1
30.14368654164344,18.481230976083463,71.51312025097812,5.056834050193001,1003.8659796246757,1,1
30.211628457209887,9.979412830265776,78.26513298949288,5.383427145006799,1001.9232439520615,1,1
29.820444259663603,16.166548165314737,64.53365892596258,10.001471197159619,1012.4611244919449,1,0
30.01264245414148,21.76988938318646,63.79033746252252,2.402386968230715,1001.305746955855,1,1
28.852427071872505,32.56422581029968,61.966029274176464,1.4608752286305713,1012.1978781967774,0,0
27.070118639255732,13.620286280576934,72.08793703974976,2.4025919546440813,1016.0600923032941,1,0
28.858537407667345,15.100082033603933,67.77849427652656,2.332746906317279,1007.5016271317651,1,0
27.996605319692264,33.12457235641903,57.31141621075696,3.8201179249947423,1007.5370209467127,0,1
29.841012492648723,12.641931824425392,66.42580656961613,2.6449968543407945,1007.7836299800189,1,0
29.5296169451754,7.196266031548261,79.17033676938665,6.250680368912961,1006.5721901983658,1,1
26.7257868114102,13.824065249880825,89.35006156735753,8.011510305768173,1011.5133427189118,0,0
28.616966048140025,11.756080128448316,85.45343206154719,7.269847099736864,1004.6405129325374,1,0
29.438033128022152,5.473716515048544,54.06995391978802,6.3616513155530425,1004.3455268822801,0,1
30.26628418252577,10.310572641555837,45.358693342490135,4.194867517856013,1012.2191841077458,1,1
29.928071914827772,15.240424585652004,36.35468396936936,16.905606889532844,1007.8419988253077,1,1
29.314655651003594,8.391677886619467,51.463998900038945,1.136790474819841,1011.9023730916574,1,0
30.58633055219901,11.592589054544002,70.37547784039016,3.058134998380067,1008.7899912913246,1,1
28.331101363737282,28.885326066956267,74.28904800717753,3.9081464080276485,1008.7918395293899,1,1
29.517109224682738,21.796347993114225,77.28723610765128,10.806595126681556,1012.3950042166019,0,0
29.03900885276124,18.44805406734606,49.32105715433583,18.585148726028653,1008.3199822297846,1,1
27.585890915475158,7.39981502949527,77.99502083745591,3.0000369823237065,1010.0630117603112,0,0
30.24376823668326,12.626938762512864,55.341293217307935,5.527656271943606,1012.7823895544576,1,1
30.619124668276267,6.615483390476668,74.10205414598414,7.492627244208056,1009.879907184718,1,1
30.71579637375504,23.76087774078696,47.14855979298639,1.243788943818351,1011.9700644952293,0,1
29.039974390521657,17.418815123651246,68.94187689570721,6.773998358805142,1005.5983685981121,0,1
26.759169869833826,7.885755048252924,66.38232065645313,1.703193353785337,1006.3263405685517,0,0
27.90415703306773,22.44029548402589,72.90625022746015,5.249330026276757,1016.5217566418806,0,0
27.278242760751937,4.3190299322312375,67.40929391182169,2.353111351878171,1001.0250330356944,1,0
28.16165370948668,17.009658702503735,85.13379943126924,1.0023759236995864,1014.5062006265592,1,0
29.635489128800064,8.703113841293698,73.48518552385745,7.25220149788019,998.488420621499,1,1
30.256060685142536,16.833168206330644,62.477163953275195,1.948051282242886,1011.4244388347431,0,1
32.5,6.29528747779423,80.646295623821,1.0486494819742347,1006.3409481961479,1,1
29.902511952152995,7.926553497306317,84.51247274477831,8.3135520870913,1008.2266824965297,1,1
27.79219378438192,4.595633769763916,73.39781787478296,2.573899452384191,999.5604182199542,0,0
28.84584496972612,17.466129086228207,75.53271263768079,2.5675493774373344,1010.1376217231408,0,0
28.316351917914698,15.697429381504335,82.18395745067866,1.678766088771955,1010.9128312553293,0,0
29.738443452554662,9.707120726913704,57.279120978880904,6.141711867958801,1002.4232970351558,1,1
29.984661833556512,19.018666825062798,81.57378453729308,16.530719857333516,1008.9456464091269,1,1
30.583651807087122,12.976122148234248,72.54856437627728,12.912438067820803,1009.6842841196972,1,1
28.735456885814322,23.796133624144463,59.92985284387948,1.615668184753233,1008.3830090797823,0,0
27.97906976022804,12.535647286921092,74.17237039456106,11.480062771646187,1003.8525411419538,0,0
25.510183409605055,15.619415721886643,59.466741642922436,1.0242759557799819,1006.44151341099,1,0
26.537863561568354,9.172593195045023,68.09833319129402,5.5828591155691205,1007.1668611575506,1,1
28.395623574672495,5.147046488981185,72.62823112016598,10.100904849316096,1007.2948875627397,1,1
30.02159373166974,18.514061950798936,79.2236401445672,2.7959237553683627,1006.5893521543007,1,1
29.546213356958944,3.8319455874807207,65.3850654028599,2.001779905005627,1008.0110722182884,1,1
28.240504416296094,4.938856691346395,83.75390540622814,1.539828134393776,1009.7882534159928,1,0
28.95836800498628,11.591748205931534,57.16587009157056,7.011288847971346,1007.0317871217552,0,1
31.54481569731579,15.383093937111326,69.48054819604725,4.8426604092199215,1009.7881720954227,1,1
28.07427039163018,8.849379100824375,82.49534683702753,14.312810446652657,1008.8765078132141,1,0
30.006404577176816,13.398885161462706,58.45675434912333,6.800724840011817,1010.7422606033648,1,1
28.530836958950797,19.435565902075943,72.20212658376646,2.1759418265390984,1010.8069604270845,1,1
29.16543282769683,12.031644265099045,39.42570157070652,12.039576753506303,1007.5499261413796,1,0
29.667937095906442,16.381263023150183,85.97652002467882,1.7457199543139956,1003.6602198037529,1,1
29.262134990598582,19.035115301749936,70.5865230007841,2.1608599554605368,1002.4321825877366,0,1
26.116714814916477,7.281402741032994,53.25815218577147,6.170636668444411,1007.1365496444445,0,0
30.588199486751144,15.152287273867996,62.5803998472558,11.039072341684857,1006.0459942662242,1,1
28.28544950225705,21.675198364072443,64.4418041882561,4.039548928093229,1003.1523585044933,1,0
28.239957731156807,16.0278598701761,86.79262518039366,10.196231110371517,1003.724260596891,1,0
28.339537031170725,27.145900145065692,84.1626320483418,3.51164679789083,1011.3258926821211,1,0
29.391886062641408,33.09628308491542,53.27747694542587,7.473646088616042,1006.8683924358392,0,1
29.073087718882952,3.0,52.48305686608211,1.730910621308281,1005.97599765081,1,1
28.98587508381697,11.936292352372037,78.90039712596908,3.7747183924654726,1014.294024441725,1,1
28.145364617191134,16.323478424006655,66.03447405169206,11.582257646937862,1006.0116320402924,1,0
28.943408439691712,12.197229046482033,57.12041403085545,7.46257623515853,1002.5294456143399,0,0
28.65539761378711,10.264497680296753,66.67596669947945,6.106980111188851,1009.4834263585316,0,1
29.423420170210214,18.8610381820544,65.75114558368573,2.6934694041586247,1009.4114939177348,0,1
28.95309820470801,15.503738119376182,60.12992179326555,3.873291656420919,1014.8330484757942,0,1
29.58198872657402,12.847217500068238,69.67729257541183,2.0878689917270985,1007.7375647003297,1,1
27.420785996521907,23.171733270014613,84.82687226736017,2.823494672965408,1011.7837606587378,0,0
30.797294088642325,16.633478209336143,58.85066981673295,1.3133164927234038,1009.3261852562152,1,1
26.648655292976112,21.843604626808364,61.800633704182644,6.465407016376143,1006.9120446563386,0,0
28.561900214671002,17.674430776031087,44.55661344788865,16.029482991476236,1005.1628895203686,0,0
30.32296293517204,10.051014190473326,54.59408471818824,2.466618955895488,1001.6643247589146,1,1
27.853808792803665,18.12888042551523,80.32494725553775,12.61079018275444,1011.7824872768412,0,1
29.385547736448082,20.337566058332122,69.57991113151029,2.784149172263083,1009.5070137332824,1,1
26.538831853457104,6.470258232882389,90.54860748637721,8.456496357564617,1004.7944857677414,1,0
29.04066758603723,11.690439042785336,73.48389062914383,3.6418273379274337,1013.9850028509278,0,1
28.631814651798464,7.700582149021126,55.32862646329656,11.364279595490075,1001.6430586043872,1,0
29.533355250355815,16.204104908626174,83.95345854693176,1.5015628301218222,1005.2473061063488,1,1
29.424127760242918,9.7302229617621,67.1100055452654,1.0694023632332164,1004.9147186070467,1,1
25.548295874053657,9.49298944023184,81.78734050771453,2.779600773885231,1004.1648014965187,0,1
27.92678404265273,24.603805880351157,64.18106102291797,7.544124468620252,1008.9379286443974,1,0
28.28528822104712,13.183413816748931,82.88336332314019,2.3275472849886496,1004.5747122612432,1,0
29.20769588205645,14.221056761700718,65.27521801227545,5.501996037031642,1008.4636671141133,0,1
28.37893909315332,3.877284952034841,89.69961045306877,4.421417534263566,1009.1764323558128,1,0
28.992826575434208,16.412385796731588,63.644826725287814,2.3944501842966046,1009.2327243028824,1,1
29.096850157436833,4.312891497816273,62.28259925686709,3.1162275317018935,1007.3151187687773,1,0
29.844408320794614,7.086540823526642,59.179191470524856,9.536796019428756,999.0075705011083,1,0
28.164364512440326,27.36604992690694,80.27758907735662,1.9768251047578023,1007.3945938744756,1,1
28.41898356015029,21.64554935835356,73.54173446234478,7.967076370959358,1002.8957073625045,0,1
29.573191766071243,31.46363577546016,75.5539786889705,4.315288631342627,1011.8454257258827,1,1
28.18482667026829,26.76660534314678,70.18598499631031,2.96528268940804,998.3453589981752,1,1
30.795601163646364,9.359965080643658,95.0,2.5381258693099604,1007.6246921326805,1,1
30.98519494744885,12.283716841424765,69.97551695986645,8.765792320359541,1006.2311722964974,1,1
29.35302716763799,8.964961989827001,82.80262055802429,3.30559224065507,1010.7164144358078,1,0
30.258209268153667,9.02121681137361,62.224613331418354,1.8890411444787045,1005.5119818682963,1,1
28.7717088139121,35.15731894079072,63.49418719774229,8.868877175029223,1010.6667463893071,1,1
26.8717330624487,16.60231712618216,53.69559307547465,1.1697896999433572,1011.4366793991204,1,0
29.02753081034692,12.883344545349196,59.935779451376845,4.790234584571161,1007.4228500781336,1,1
28.83098618987524,5.069578760790643,81.0731935786643,2.342669644620046,1000.9760539160249,1,1
28.410419591651173,13.690905354484343,80.7657607484459,4.9905733894532425,1009.8679550483918,1,0
29.26173092093736,11.64770514528402,68.10872064508106,5.615434919833519,1011.7003988155602,1,0
28.551072546225374,8.560657214135148,85.76371520794319,2.2568625719343656,1016.8441991224565,1,1
26.488329515357748,5.496213383983396,90.98893582184573,5.893002827313928,1003.7404968940665,1,0
28.972831098737,23.712067972484945,93.24693150106674,5.030049188840496,1009.1041728773592,1,1
30.037898420901797,45.0,90.20053614251106,5.475143290488702,1006.5381531427457,0,1
28.130596057667717,8.902150283104904,64.2723809582879,4.547628122169645,1003.0926738333301,1,0
28.112814630566184,21.79787288100765,62.855311027033004,13.08628131324532,1013.9885129287115,0,0
31.003988829310778,12.732908998093794,43.743858185801926,7.403601735543036,1011.5781086217572,1,1
29.387441845136724,12.894153561401987,62.518444763948914,5.0718396562265475,1004.8378721271367,1,1
28.790739877020343,10.772244248000131,71.64739599891024,5.152049579352925,1009.0694973171351,1,1
27.20731959489563,10.392578867957052,57.30299764764777,2.12336202726629,1006.7434560717289,0,0
29.75703435520227,15.518609095712652,74.96362675825972,2.569049406201835,1015.0872520205401,0,1
29.981509654607127,11.319023989527173,47.81482470181397,3.1948630001329557,1009.1126370483888,1,1
28.889348679954765,25.011984990045462,62.56807581659056,3.929750485545641,1001.0555878017142,0,0
28.829045467194117,19.860057682421534,95.0,1.8675229116391805,1005.1745168368318,1,0
31.32674379907814,5.593681880010802,70.61728241641113,1.006679762184411,1013.3440096840519,1,1
26.16301915106753,9.832948898706825,74.01925385985633,4.291766771867061,1004.3293534541571,0,0
30.967286644645952,12.755064719048429,63.48240167501764,25.0,1002.0150739030172,1,1
27.680794452312416,7.919333844014332,65.70183620080819,5.694359373713445,1013.6333021704012,1,0
26.73532164545248,25.527459679688413,58.47552823568434,7.053420937480821,1009.2003468563017,0,0
27.67813696663424,12.775799698664667,65.09606945093674,1.1907631415753286,1010.3710982891479,0,0
28.08471840499885,32.9154768653045,52.30191068045686,7.478159638844534,1006.4156118428764,0,0
29.111253456423707,34.585616651995714,54.62722168505998,6.673345833881828,1010.0504435219951,0,0
28.768161975484748,26.10831567647039,58.858505804528555,11.80272267402042,1010.7599239798143,1,0
27.24893618719335,16.73150286152019,58.32131380289259,2.73551107361307,1010.4801185675972,0,0
29.34448653928039,6.7783119771613,71.84081474699207,1.6203181936739224,1010.7362727996644,1,0
29.27569577591306,18.122800880801716,80.15024761772372,2.2326799107022053,1013.0981697852168,1,1
28.611972785247104,12.915771355228104,91.48285010583032,6.228869017071068,1006.5585066540863,1,1
27.694380065617743,23.60382183965021,59.76920587059354,1.881168480079545,1005.1155574951846,1,0
29.875322165375266,24.095457395161603,84.09240630753402,9.51114350124993,1009.0142913243066,0,1
28.915377610821068,12.55962497882458,39.88722216187925,4.030962684705447,1006.782177827519,0,0
27.722131939423164,20.985546192102163,79.67441170169964,6.354026534238555,1003.4752618399197,0,1
28.437273799278575,12.776267943175714,53.4494306551008,1.5317673276860968,1010.8428398124403,1,1
28.62866834052006,14.898716784603952,63.346695397383286,3.5632084462516564,1006.4121045158894,1,1
29.938182545035726,8.323166074699571,60.35205973269102,2.042460868811708,1008.3899146321937,1,1
29.43575539814571,6.702194736421143,69.66204613318519,4.302113947707559,1009.4452573855948,1,1
27.994890127431056,23.023621834500318,89.16351440240885,10.488163570473757,1015.1641157628897,1,1
27.77698957267113,11.782904562396554,91.15224012809554,7.928035686437661,1004.9348062110233,1,0
28.17391718052447,42.80715492933934,83.20874219394955,2.235597700639958,1011.4823203807719,0,0
29.630267454025976,10.957684902356206,52.50794105131352,6.402056367430685,1003.0280900159903,1,1
30.921552584523706,8.03126089422261,64.83016551529819,7.7920728281372655,1005.4399329972108,1,1
28.380334894226763,8.275410021799429,50.99856023461024,7.331729225017573,1004.2915413386706,1,1
27.503275271028997,14.753358151130525,61.33143746543015,3.525453423514018,1006.2062497824403,1,0
27.895917938045976,12.657948780886107,95.0,2.79996469286508,1008.697165626571,1,0
29.90274664705443,19.24296872955396,95.0,1.1294852711169856,1005.6429526470444,0,1
28.893560489004283,18.986064870266826,90.51092867109477,1.3008958049832202,1006.5552355709042,0,1
28.768133840235958,18.551496974143078,63.148282334019484,9.454891661813496,1006.9835168606361,1,0
29.303604684120014,24.48262803930935,83.83630829511065,4.336704729977269,1005.4546261872105,0,1
27.69125026536287,13.282825017561036,65.34287008683859,3.638116654240863,1011.1806554736687,1,0
29.86935345231927,20.669457042982415,79.19914285080712,12.32336341021883,1005.8249876608188,1,0
30.488144727518875,13.384402824499405,41.8347065599934,1.5508512286950358,1013.7842310143149,1,1
29.662391168108755,7.889101192560737,63.5172838304278,1.322018059020795,1014.4491066215145,1,1
28.914245544695646,4.271333264902944,72.85697771489959,5.810044826178332,1009.2192939917934,1,1
27.244122894253348,9.60719632208246,54.12277043458822,8.561608651972538,1015.9491375392063,0,1
29.783382615858937,25.563035341128714,72.25012824675451,13.607080668205748,1012.6371537373392,0,1
28.514810671995903,16.624280285892166,54.76089532923058,6.878036276888497,1007.4072654211293,0,0
27.293474523227147,20.785937383640945,77.70563311642782,2.282127996067299,1007.194872075563,1,0
27.535159069804806,24.92439378054052,57.92853875993019,12.706196208317897,1004.2249618458741,0,1
30.079849184497984,8.322160536295277,77.06914220277663,1.3265028452214054,1009.5003633345362,1,1
27.265743351289213,17.641394205999966,50.586903670580725,2.0789119877389775,1013.5537164377707,0,0
29.069224793149168,23.646904950075697,52.68337265973438,3.0172144642112957,1010.2572086789407,0,1
26.33574048473292,11.637956421277291,64.6924268039853,1.1532684302812364,1010.3673692400173,1,0
29.235612506767268,7.095383488945903,62.621663374191655,2.8895503266552476,1003.8778689672685,1,1
28.843492916765214,21.4655976241551,73.07194572174868,3.508918389285309,1003.1220638667612,0,1
28.903364736496744,12.25716671506121,61.9638433696219,1.190035744416182,1009.7636293700174,0,1
29.02924798248251,14.98160638855409,49.66351510388774,1.512969577542382,1006.5559625669636,1,1
28.202145289786312,6.612525463145231,49.60469411482607,4.572906960121262,1000.1818890303947,1,0
30.592570889491927,19.830092949186675,70.06735697259543,9.378523465276674,1006.8309443411711,0,1
32.5,14.410375015052658,67.12210612487092,2.504288634094063,1002.293085268306,0,1
30.295998505085404,16.670424917121963,69.51585527548147,7.150729481052317,1005.7800091846443,0,1
30.7462338057531,5.814248636928466,56.582255829154136,4.63628733514118,1007.0712389078524,1,1
28.837042974947508,26.12680635664766,53.9464812315577,4.209758102074488,1000.0058702341795,1,0
29.978430052854115,18.80586701050103,72.64790744477293,14.24656888619668,1009.3143973820307,0,1
28.914765608771972,21.370642228728478,80.20425825921939,3.583293898328118,1013.6261309822388,1,1
29.8428197253902,6.877143951978284,67.93076340287277,7.369574715741545,1009.1829075026044,1,1
30.607847851128458,7.857322435077141,69.36352833485056,2.032426358111462,1012.9054396862424,0,1
28.547194870328173,26.879490105518343,89.67670016278011,1.14410783890631,1005.1758828390609,0,0
28.528680809311236,31.84941461044132,79.78791275958486,2.0735218327503357,1010.516966968229,0,0
28.90737782072432,14.088268730715482,75.0041839987528,5.201048038075459,1003.9521688150011,1,1
29.231851954640778,42.41311372774811,56.6745069077415,1.5849739429996095,1006.0832731962205,0,1
27.819806166539628,15.190046280822063,85.2222885476036,1.5427771111676059,1013.9088123826858,0,1
29.24592208089887,6.529376018191373,88.71149566112442,11.131243504600013,1015.5184665874697,1,1
30.20509349793225,6.99368135380373,86.86551603766574,1.8339411823006972,1002.8895249387505,1,1
30.153127557074196,9.319757885343542,68.71963375179203,6.844334017293836,1007.4456100344669,1,1
31.41779094890162,12.698933757027827,65.67913028537832,1.7164554748599345,1003.1682431253197,1,1
28.037236914290602,9.375484005510554,64.45202255977445,3.6702586643293653,1006.1149054407389,1,1
29.134847188002418,45.0,62.64968198089293,3.4093889731976312,1007.6580761282486,0,1
28.085376733385324,16.66681021206292,67.38786118275583,20.5731861960978,1012.5113532780192,1,0
30.466984589745365,39.718308962059844,66.63018538968242,2.515434830944707,1001.8059048646389,1,1
30.519538339476693,12.57705996568161,72.49900201221593,10.492184466760436,1010.1185168865351,0,1
26.207083041116366,14.455988260141892,57.45044758415452,5.408753248051199,1005.2995566493562,0,0
27.09918133678764,10.53062998815236,43.991426465704365,5.1980433817524005,1005.502871865488,1,1
31.004362888267153,10.719046246400238,68.92199330007942,11.125848165660932,1008.7905775723068,1,1
29.25307681230312,20.82067774292942,63.949960428642726,1.8092178283535318,1007.8153901324952,1,0
29.697990171019057,23.871773602191954,77.01234598032919,2.7176994991963794,1005.5102686120688,1,1
30.10889320261239,15.549184584193567,56.856047874500405,2.310634513120119,1001.9075431990991,1,0
29.040581954943026,21.974941630463427,69.82385790789323,1.0657717386848231,1004.7251646270613,1,0
29.331853684936465,8.995475472406397,72.17172305745834,2.027697461964179,1009.2502302098784,1,1
24.677323802716955,20.04534608151343,81.07544478007091,5.366645499149918,1011.2630197272227,0,0
28.375805423926387,16.639918831269586,73.73856038618685,4.96450147826293,1009.4202859840427,1,1
28.983237253250586,18.851894408833818,56.51419279159598,2.406802617665384,1001.9316457776714,1,0
30.637656630332796,21.506973705081233,84.99370857850091,4.685762267527707,1011.0059358884267,1,1
29.87117166092719,31.076461193611635,48.00719017965871,6.0154079955061635,1007.4319468425557,0,1
26.21780632434606,8.809553842714564,64.68615562666214,6.27010342624147,1007.1850681907721,1,0
30.16512697467745,16.720762447766475,76.5316328793288,1.211747518706365,1008.4003168688627,1,1
28.55307182028556,23.877680135847633,79.89935891074838,2.566719974834398,1006.1619615397643,1,1
30.29988028730845,21.79003650746081,68.81205787470142,6.964274464242475,1008.3048726731836,1,1
28.91173770659475,12.804248139433426,66.84468248240886,16.800505919555953,1004.7374948014129,1,0
30.27422237221744,6.746940534858543,80.92323285631757,1.7956895929165604,1012.0488968480086,1,1
30.06406677968931,16.805252683402525,35.41882167203382,1.2097837942398555,1011.7273302286118,1,1
27.632523871648548,14.043392266806537,79.60283043825743,1.291508710145253,1007.5392734596069,0,0
30.023845221722294,11.070601959610954,69.80634855285946,2.1053349666307204,1006.6588434874459,1,1
26.72467490700895,24.009865267648657,76.68425872463084,2.517841998030992,997.5279502018919,0,0
28.861748596166564,9.745506049609597,61.20623672169735,2.414047089962114,1007.2447089186363,1,1
24.665120356734683,14.95923242245768,65.61582661317922,1.9277295897406503,1012.0405798198742,0,0
29.908209448826444,3.034633085565484,66.32632620737478,7.940060428490062,1010.1643790078708,1,1
29.250254457612986,25.09075367255381,92.99414316282936,6.171033316629122,1005.434452536587,0,0
30.001100794903028,20.253966747634834,67.13503185477316,19.611973423949923,1010.6370012566596,1,1
28.388043511282028,16.590758155423043,77.56319077566864,3.42944144311263,1003.4221320810465,0,0
29.27478864841573,3.0,78.84562935140731,8.689634348102782,1000.721859375107,1,1
30.42808490576455,9.436367430079523,65.49954927977134,3.867019194651845,999.5054883003913,1,1
27.046762222375293,15.682827701753482,73.20282805783755,5.779146116418384,1006.7973296072363,0,0
29.612195708474054,9.45233257184453,67.92469720587047,2.2536867598227373,1002.4073906793946,0,1
28.827112503658366,9.05025131200477,77.23421575948895,1.3850112226744267,1002.8789979536735,0,1
30.816153808489833,13.129854868890884,71.18848518322949,6.952807673430433,1006.3917535179268,1,1
28.086095495574547,32.99281346966249,83.96309334987473,1.1864167360480666,1003.2134929897722,0,0
28.372381778062554,21.65124957664742,75.3641723373996,5.050852916636511,1008.4345874321591,1,0
31.097808795390666,9.443758061274792,80.1522615519885,1.234763904004907,1004.1420739802293,1,1
29.708443383612213,8.607352895977714,44.854441367880064,3.2866343473977695,1010.3464595864381,0,1
