sample_index,split
0,train
1,train
2,train
3,train
4,train
5,train
6,train
7,train
8,train
9,train
10,train
11,train
12,train
13,train
14,train
15,train
16,train
17,train
18,train
19,train
20,train
21,train
22,train
23,train
24,train
25,train
26,train
27,train
28,train
29,train
30,train
31,train
32,train
33,train
34,train
35,train
36,train
37,train
38,train
39,train
40,train
41,train
42,train
43,train
44,train
45,train
46,train
47,train
48,train
49,train
50,train
51,train
52,train
53,train
54,train
55,train
56,train
57,train
58,train
59,train
60,train
61,train
62,train
63,train
64,train
65,train
66,train
67,train
68,train
69,train
70,train
71,train
72,train
73,train
74,train
75,train
76,train
77,train
78,train
79,train
80,train
81,train
82,train
83,train
84,train
85,train
86,train
87,train
88,train
89,train
90,train
91,train
92,train
93,train
94,train
95,train
96,train
97,train
98,train
99,train
100,train
101,train
102,train
103,train
104,train
105,train
106,train
107,train
108,train
109,train
110,train
111,train
112,train
113,train
114,train
115,train
116,train
117,train
118,train
119,train
120,train
121,train
122,train
123,train
124,train
125,train
126,train
127,train
128,train
129,train
130,train
131,train
132,train
133,train
134,train
135,train
136,train
137,train
138,train
139,train
140,train
141,train
142,train
143,train
144,train
145,train
146,train
147,train
148,train
149,train
150,train
151,train
152,train
153,train
154,train
155,train
156,train
157,train
158,train
159,train
160,train
161,train
162,train
163,train
164,train
165,train
166,train
167,train
168,train
169,train
170,train
171,train
172,train
173,train
174,train
175,train
176,train
177,train
178,train
179,train
180,train
181,train
182,train
183,train
184,train
185,train
186,train
187,train
188,train
189,train
190,train
191,train
192,train
193,train
194,train
195,train
196,train
197,train
198,train
199,train
200,train
201,train
202,train
203,train
204,train
205,train
206,train
207,train
208,train
209,train
210,train
211,train
212,train
213,train
214,train
215,train
216,train
217,train
218,train
219,train
220,train
221,train
222,train
223,train
224,train
225,train
226,train
227,train
228,train
229,train
230,train
231,train
232,train
233,train
234,train
235,train
236,train
237,train
238,train
239,train
240,train
241,train
242,train
243,train
244,train
245,train
246,train
247,train
248,train
249,train
250,train
251,train
252,train
253,train
254,train
255,train
256,train
257,train
258,train
259,train
260,train
261,train
262,train
263,train
264,train
265,train
266,train
267,train
268,train
269,train
270,train
271,train
272,train
273,train
274,train
275,train
276,train
277,train
278,train
279,train
280,train
281,train
282,train
283,train
284,train
285,train
286,train
287,train
288,train
289,train
290,train
291,train
292,train
293,train
294,train
295,train
296,train
297,train
298,train
299,train
300,train
301,train
302,train
303,train
304,train
305,train
306,train
307,train
308,train
309,train
310,train
311,train
312,train
313,train
314,train
315,train
316,train
317,train
318,train
319,train
320,train
321,train
322,train
323,train
324,train
325,train
326,train
327,train
328,train
329,train
330,train
331,train
332,train
333,train
334,train
335,train
336,train
337,train
338,train
339,train
340,train
341,train
342,train
343,train
344,train
345,train
346,train
347,train
348,train
349,train
350,train
351,train
352,train
353,train
354,train
355,train
356,train
357,train
358,train
359,train
360,train
361,train
362,train
363,train
364,train
365,train
366,train
367,train
368,train
369,train
370,train
371,train
372,train
373,train
374,train
375,train
376,train
377,train
378,train
379,train
380,train
381,train
382,train
383,train
384,train
385,train
386,train
387,train
388,train
389,train
390,train
391,train
392,train
393,train
394,train
395,train
396,train
397,train
398,train
399,train
400,train
401,train
402,train
403,train
404,train
405,train
406,train
407,train
408,train
409,train
410,train
411,train
412,train
413,train
414,train
415,train
416,train
417,train
418,train
419,train
420,train
421,train
422,train
423,train
424,train
425,train
426,train
427,train
428,train
429,train
430,train
431,train
432,train
433,train
434,train
435,train
436,train
437,train
438,train
439,train
440,train
441,train
442,train
443,train
444,train
445,train
446,train
447,train
448,train
449,train
450,train
451,train
452,train
453,train
454,train
455,train
456,train
457,train
458,train
459,train
460,train
461,train
462,train
463,train
464,train
465,train
466,train
467,train
468,train
469,train
470,train
471,train
472,train
473,train
474,train
475,train
476,train
477,train
478,train
479,train
480,train
481,train
482,train
483,train
484,train
485,train
486,train
487,train
488,train
489,train
490,train
491,train
492,train
493,train
494,train
495,train
496,train
497,train
498,train
499,train
500,train
501,train
502,train
503,train
504,train
505,train
506,train
507,train
508,train
509,train
510,train
511,train
512,train
513,train
514,train
515,train
516,train
517,train
518,train
519,train
520,train
521,train
522,train
523,train
524,train
525,train
526,train
527,train
528,train
529,train
530,train
531,train
532,train
533,train
534,train
535,train
536,train
537,train
538,train
539,train
540,train
541,train
542,train
543,train
544,train
545,train
546,train
547,train
548,train
549,train
550,train
551,train
552,train
553,train
554,train
555,train
556,train
557,train
558,train
559,train
560,train
561,train
562,train
563,train
564,train
565,train
566,train
567,train
568,train
569,train
570,train
571,train
572,train
573,train
574,train
575,train
576,train
577,train
578,train
579,train
580,train
581,train
582,train
583,train
584,train
585,train
586,train
587,train
588,train
589,train
590,train
591,train
592,train
593,train
594,train
595,train
596,train
597,train
598,train
599,train
600,train
601,train
602,train
603,train
604,train
605,train
606,train
607,train
608,train
609,train
610,train
611,train
612,train
613,train
614,train
615,train
616,train
617,train
618,train
619,train
620,train
621,train
622,train
623,train
624,train
625,train
626,train
627,train
628,train
629,train
630,train
631,train
632,train
633,train
634,train
635,train
636,train
637,train
638,train
639,train
640,train
641,train
642,train
643,train
644,train
645,train
646,train
647,train
648,train
649,train
650,train
651,train
652,train
653,train
654,train
655,train
656,train
657,train
658,train
659,train
660,train
661,train
662,train
663,train
664,train
665,train
666,train
667,train
668,train
669,train
670,train
671,train
672,train
673,train
674,train
675,train
676,train
677,train
678,train
679,train
680,train
681,train
682,train
683,train
684,train
685,train
686,train
687,train
688,train
689,train
690,train
691,train
692,train
693,train
694,train
695,train
696,train
697,train
698,train
699,train
700,train
701,train
702,train
703,train
704,train
705,train
706,train
707,train
708,train
709,train
710,train
711,train
712,train
713,train
714,train
715,train
716,train
717,train
718,train
719,train
720,train
721,train
722,train
723,train
724,train
725,train
726,train
727,train
728,train
729,train
730,train
731,train
732,train
733,train
734,train
735,train
736,train
737,train
738,train
739,train
740,train
741,train
742,train
743,train
744,train
745,train
746,train
747,train
748,train
749,train
750,train
751,train
752,train
753,train
754,train
755,train
756,train
757,train
758,train
759,train
760,train
761,train
762,train
763,train
764,train
765,train
766,train
767,train
768,train
769,train
770,train
771,train
772,train
773,train
774,train
775,train
776,train
777,train
778,train
779,train
780,train
781,train
782,train
783,train
784,train
785,train
786,train
787,train
788,train
789,train
790,train
791,train
792,train
793,train
794,train
795,train
796,train
797,train
798,train
799,train
800,train
801,train
802,train
803,train
804,train
805,train
806,train
807,train
808,train
809,train
810,train
811,train
812,train
813,train
814,train
815,train
816,train
817,train
818,train
819,train
820,train
821,train
822,train
823,train
824,train
825,train
826,train
827,train
828,train
829,train
830,train
831,train
832,train
833,train
834,train
835,train
836,train
837,train
838,train
839,train
840,train
841,train
842,train
843,train
844,train
845,train
846,train
847,train
848,train
849,train
850,train
851,train
852,train
853,train
854,train
855,train
856,train
857,train
858,train
859,train
860,train
861,train
862,train
863,train
864,train
865,train
866,train
867,train
868,train
869,train
870,train
871,train
872,train
873,train
874,train
875,train
876,train
877,train
878,train
879,train
880,train
881,train
882,train
883,train
884,train
885,train
886,train
887,train
888,train
889,train
890,train
891,train
892,train
893,train
894,train
895,train
896,train
897,train
898,train
899,train
900,train
901,train
902,train
903,train
904,train
905,train
906,train
907,train
908,train
909,train
910,train
911,train
912,train
913,train
914,train
915,train
916,train
917,train
918,train
919,train
920,train
921,train
922,train
923,train
924,train
925,train
926,train
927,train
928,train
929,train
930,train
931,train
932,train
933,train
934,train
935,train
936,train
937,train
938,train
939,train
940,train
941,train
942,train
943,train
944,train
945,train
946,train
947,train
948,train
949,train
950,train
951,train
952,train
953,train
954,train
955,train
956,train
957,train
958,train
959,train
960,train
961,train
962,train
963,train
964,train
965,train
966,train
967,train
968,train
969,train
970,train
971,train
972,train
973,train
974,train
975,train
976,train
977,train
978,train
979,train
980,train
981,train
982,train
983,train
984,train
985,train
986,train
987,train
988,train
989,train
990,train
991,train
992,train
993,train
994,train
995,train
996,train
997,train
998,train
999,train
1000,train
1001,train
1002,train
1003,train
1004,train
1005,train
1006,train
1007,train
1008,train
1009,train
1010,train
1011,train
1012,train
1013,train
1014,train
1015,train
1016,train
1017,train
1018,train
1019,train
1020,train
1021,train
1022,train
1023,train
1024,train
1025,train
1026,train
1027,train
1028,train
1029,train
1030,train
1031,train
1032,train
1033,train
1034,train
1035,train
1036,train
1037,train
1038,train
1039,train
1040,train
1041,train
1042,train
1043,train
1044,train
1045,train
1046,train
1047,train
1048,train
1049,train
1050,train
1051,train
1052,train
1053,train
1054,train
1055,train
1056,train
1057,train
1058,train
1059,train
1060,train
1061,train
1062,train
1063,train
1064,train
1065,train
1066,train
1067,train
1068,train
1069,train
1070,train
1071,train
1072,train
1073,train
1074,train
1075,train
1076,train
1077,train
1078,train
1079,train
1080,train
1081,train
1082,train
1083,train
1084,train
1085,train
1086,train
1087,train
1088,train
1089,train
1090,train
1091,train
1092,train
1093,train
1094,train
1095,train
1096,train
1097,train
1098,train
1099,train
1100,train
1101,train
1102,train
1103,train
1104,train
1105,train
1106,train
1107,train
1108,train
1109,train
1110,train
1111,train
1112,train
1113,train
1114,train
1115,train
1116,train
1117,train
1118,train
1119,train
1120,train
1121,train
1122,train
1123,train
1124,train
1125,train
1126,train
1127,train
1128,train
1129,train
1130,train
1131,train
1132,train
1133,train
1134,train
1135,train
1136,train
1137,train
1138,train
1139,train
1140,train
1141,train
1142,train
1143,train
1144,train
1145,train
1146,train
1147,train
1148,train
1149,train
1150,train
1151,train
1152,train
1153,train
1154,train
1155,train
1156,train
1157,train
1158,train
1159,train
1160,train
1161,train
1162,train
1163,train
1164,train
1165,train
1166,train
1167,train
1168,train
1169,train
1170,train
1171,train
1172,train
1173,train
1174,train
1175,train
1176,train
1177,train
1178,train
1179,train
1180,train
1181,train
1182,train
1183,train
1184,train
1185,train
1186,train
1187,train
1188,train
1189,train
1190,train
1191,train
1192,train
1193,train
1194,train
1195,train
1196,train
1197,train
1198,train
1199,train
1200,train
1201,train
1202,train
1203,train
1204,train
1205,train
1206,train
1207,train
1208,train
1209,train
1210,train
1211,train
1212,train
1213,train
1214,train
1215,train
1216,train
1217,train
1218,train
1219,train
1220,train
1221,train
1222,train
1223,train
1224,train
1225,train
1226,train
1227,train
1228,train
1229,train
1230,train
1231,train
1232,train
1233,train
1234,train
1235,train
1236,train
1237,train
1238,train
1239,train
1240,train
1241,train
1242,train
1243,train
1244,train
1245,train
1246,train
1247,train
1248,train
1249,train
1250,train
1251,train
1252,train
1253,train
1254,train
1255,train
1256,train
1257,train
1258,train
1259,train
1260,train
1261,train
1262,train
1263,train
1264,train
1265,train
1266,train
1267,train
1268,train
1269,train
1270,train
1271,train
1272,train
1273,train
1274,train
1275,train
1276,train
1277,train
1278,train
1279,train
1280,train
1281,train
1282,train
1283,train
1284,train
1285,train
1286,train
1287,train
1288,train
1289,train
1290,train
1291,train
1292,train
1293,train
1294,train
1295,train
1296,train
1297,train
1298,train
1299,train
1300,train
1301,train
1302,train
1303,train
1304,train
1305,train
1306,train
1307,train
1308,train
1309,train
1310,train
1311,train
1312,train
1313,train
1314,train
1315,train
1316,train
1317,train
1318,train
1319,train
1320,train
1321,train
1322,train
1323,train
1324,train
1325,train
1326,train
1327,train
1328,train
1329,train
1330,train
1331,train
1332,train
1333,train
1334,train
1335,train
1336,train
1337,train
1338,train
1339,train
1340,train
1341,train
1342,train
1343,train
1344,train
1345,train
1346,train
1347,train
1348,train
1349,train
1350,train
1351,train
1352,train
1353,train
1354,train
1355,train
1356,train
1357,train
1358,train
1359,train
1360,train
1361,train
1362,train
1363,train
1364,train
1365,train
1366,train
1367,train
1368,train
1369,train
1370,train
1371,train
1372,train
1373,train
1374,train
1375,train
1376,train
1377,train
1378,train
1379,train
1380,train
1381,train
1382,train
1383,train
1384,train
1385,train
1386,train
1387,train
1388,train
1389,train
1390,train
1391,train
1392,train
1393,train
1394,train
1395,train
1396,train
1397,train
1398,train
1399,train
1400,train
1401,train
1402,train
1403,train
1404,train
1405,train
1406,train
1407,train
1408,train
1409,train
1410,train
1411,train
1412,train
1413,train
1414,train
1415,train
1416,train
1417,train
1418,train
1419,train
1420,train
1421,train
1422,train
1423,train
1424,train
1425,train
1426,train
1427,train
1428,train
1429,train
1430,train
1431,train
1432,train
1433,train
1434,train
1435,train
1436,train
1437,train
1438,train
1439,train
1440,train
1441,train
1442,train
1443,train
1444,train
1445,train
1446,train
1447,train
1448,train
1449,train
1450,train
1451,train
1452,train
1453,train
1454,train
1455,train
1456,train
1457,train
1458,train
1459,train
1460,train
1461,train
1462,train
1463,train
1464,train
1465,train
1466,train
1467,train
1468,train
1469,train
1470,train
1471,train
1472,train
1473,train
1474,train
1475,train
1476,train
1477,train
1478,train
1479,train
1480,train
1481,train
1482,train
1483,train
1484,train
1485,train
1486,train
1487,train
1488,train
1489,train
1490,train
1491,train
1492,train
1493,train
1494,train
1495,train
1496,train
1497,train
1498,train
1499,train
1500,train
1501,train
1502,train
1503,train
1504,train
1505,train
1506,train
1507,train
1508,train
1509,train
1510,train
1511,train
1512,train
1513,train
1514,train
1515,train
1516,train
1517,train
1518,train
1519,train
1520,train
1521,train
1522,train
1523,train
1524,train
1525,train
1526,train
1527,train
1528,train
1529,train
1530,train
1531,train
1532,train
1533,train
1534,train
1535,train
1536,train
1537,train
1538,train
1539,train
1540,train
1541,train
1542,train
1543,train
1544,train
1545,train
1546,train
1547,train
1548,train
1549,train
1550,train
1551,train
1552,train
1553,train
1554,train
1555,train
1556,train
1557,train
1558,train
1559,train
1560,train
1561,train
1562,train
1563,train
1564,train
1565,train
1566,train
1567,train
1568,train
1569,train
1570,train
1571,train
1572,train
1573,train
1574,train
1575,train
1576,train
1577,train
1578,train
1579,train
1580,train
1581,train
1582,train
1583,train
1584,train
1585,train
1586,train
1587,train
1588,train
1589,train
1590,train
1591,train
1592,train
1593,train
1594,train
1595,train
1596,train
1597,train
1598,train
1599,train
1600,train
1601,train
1602,train
1603,train
1604,train
1605,train
1606,train
1607,train
1608,train
1609,train
1610,train
1611,train
1612,train
1613,train
1614,train
1615,train
1616,train
1617,train
1618,train
1619,train
1620,train
1621,train
1622,train
1623,train
1624,train
1625,train
1626,train
1627,train
1628,train
1629,train
1630,train
1631,train
1632,train
1633,train
1634,train
1635,train
1636,train
1637,train
1638,train
1639,train
1640,train
1641,train
1642,train
1643,train
1644,train
1645,train
1646,train
1647,train
1648,train
1649,train
1650,train
1651,train
1652,train
1653,train
1654,train
1655,train
1656,train
1657,train
1658,train
1659,train
1660,train
1661,train
1662,train
1663,train
1664,train
1665,train
1666,train
1667,train
1668,train
1669,train
1670,train
1671,train
1672,train
1673,train
1674,train
1675,train
1676,train
1677,train
1678,train
1679,train
1680,train
1681,train
1682,train
1683,train
1684,train
1685,train
1686,train
1687,train
1688,train
1689,train
1690,train
1691,train
1692,train
1693,train
1694,train
1695,train
1696,train
1697,train
1698,train
1699,train
1700,train
1701,train
1702,train
1703,train
1704,train
1705,train
1706,train
1707,train
1708,train
1709,train
1710,train
1711,train
1712,train
1713,train
1714,train
1715,train
1716,train
1717,train
1718,train
1719,train
1720,train
1721,train
1722,train
1723,train
1724,train
1725,train
1726,train
1727,train
1728,train
1729,train
1730,train
1731,train
1732,train
1733,train
1734,train
1735,train
1736,train
1737,train
1738,train
1739,train
1740,train
1741,train
1742,train
1743,train
1744,train
1745,train
1746,train
1747,train
1748,train
1749,train
1750,train
1751,train
1752,train
1753,train
1754,train
1755,train
1756,train
1757,train
1758,train
1759,train
1760,train
1761,train
1762,train
1763,train
1764,train
1765,train
1766,train
1767,train
1768,train
1769,train
1770,train
1771,train
1772,train
1773,train
1774,train
1775,train
1776,train
1777,train
1778,train
1779,train
1780,train
1781,train
1782,train
1783,train
1784,train
1785,train
1786,train
1787,train
1788,train
1789,train
1790,train
1791,train
1792,train
1793,train
1794,train
1795,train
1796,train
1797,train
1798,train
1799,train
1800,train
1801,train
1802,train
1803,train
1804,train
1805,train
1806,train
1807,train
1808,train
1809,train
1810,train
1811,train
1812,train
1813,train
1814,train
1815,train
1816,train
1817,train
1818,train
1819,train
1820,train
1821,train
1822,train
1823,train
1824,train
1825,train
1826,train
1827,train
1828,train
1829,train
1830,train
1831,train
1832,train
1833,train
1834,train
1835,train
1836,train
1837,train
1838,train
1839,train
1840,train
1841,train
1842,train
1843,train
1844,train
1845,train
1846,train
1847,train
1848,train
1849,train
1850,train
1851,train
1852,train
1853,train
1854,train
1855,train
1856,train
1857,train
1858,train
1859,train
1860,train
1861,train
1862,train
1863,train
1864,train
1865,train
1866,train
1867,train
1868,train
1869,train
1870,train
1871,train
1872,train
1873,train
1874,train
1875,train
1876,train
1877,train
1878,train
1879,train
1880,train
1881,train
1882,train
1883,train
1884,train
1885,train
1886,train
1887,train
1888,train
1889,train
1890,train
1891,train
1892,train
1893,train
1894,train
1895,train
1896,train
1897,train
1898,train
1899,train
1900,train
1901,train
1902,train
1903,train
1904,train
1905,train
1906,train
1907,train
1908,train
1909,train
1910,train
1911,train
1912,train
1913,train
1914,train
1915,train
1916,train
1917,train
1918,train
1919,train
1920,train
1921,train
1922,train
1923,train
1924,train
1925,train
1926,train
1927,train
1928,train
1929,train
1930,train
1931,train
1932,train
1933,train
1934,train
1935,train
1936,train
1937,train
1938,train
1939,train
1940,train
1941,train
1942,train
1943,train
1944,train
1945,train
1946,train
1947,train
1948,train
1949,train
1950,train
1951,train
1952,train
1953,train
1954,train
1955,train
1956,train
1957,train
1958,train
1959,train
1960,train
1961,train
1962,train
1963,train
1964,train
1965,train
1966,train
1967,train
1968,train
1969,train
1970,train
1971,train
1972,train
1973,train
1974,train
1975,train
1976,train
1977,train
1978,train
1979,train
1980,train
1981,train
1982,train
1983,train
1984,train
1985,train
1986,train
1987,train
1988,train
1989,train
1990,train
1991,train
1992,train
1993,train
1994,train
1995,train
1996,train
1997,train
1998,train
1999,train
2000,train
2001,train
2002,train
2003,train
2004,train
2005,train
2006,train
2007,train
2008,train
2009,train
2010,train
2011,train
2012,train
2013,train
2014,train
2015,train
2016,train
2017,train
2018,train
2019,train
2020,train
2021,train
2022,train
2023,train
2024,train
2025,train
2026,train
2027,train
2028,train
2029,train
2030,train
2031,train
2032,train
2033,train
2034,train
2035,train
2036,train
2037,train
2038,train
2039,train
2040,train
2041,train
2042,train
2043,train
2044,train
2045,train
2046,train
2047,train
2048,train
2049,train
2050,train
2051,train
2052,train
2053,train
2054,train
2055,train
2056,train
2057,train
2058,train
2059,train
2060,train
2061,train
2062,train
2063,train
2064,train
2065,train
2066,train
2067,train
2068,train
2069,train
2070,train
2071,train
2072,train
2073,train
2074,train
2075,train
2076,train
2077,train
2078,train
2079,train
2080,train
2081,train
2082,train
2083,train
2084,train
2085,train
2086,train
2087,train
2088,train
2089,train
2090,train
2091,train
2092,train
2093,train
2094,train
2095,train
2096,train
2097,train
2098,train
2099,train
2100,train
2101,train
2102,train
2103,train
2104,train
2105,train
2106,train
2107,train
2108,train
2109,train
2110,train
2111,train
2112,train
2113,train
2114,train
2115,train
2116,train
2117,train
2118,train
2119,train
2120,train
2121,train
2122,train
2123,train
2124,train
2125,train
2126,train
2127,train
2128,train
2129,train
2130,train
2131,train
2132,train
2133,train
2134,train
2135,train
2136,train
2137,train
2138,train
2139,train
2140,train
2141,train
2142,train
2143,train
2144,train
2145,train
2146,train
2147,train
2148,train
2149,train
2150,train
2151,train
2152,train
2153,train
2154,train
2155,train
2156,train
2157,train
2158,train
2159,train
2160,train
2161,train
2162,train
2163,train
2164,train
2165,train
2166,train
2167,train
2168,train
2169,train
2170,train
2171,train
2172,train
2173,train
2174,train
2175,train
2176,train
2177,train
2178,train
2179,train
2180,train
2181,train
2182,train
2183,train
2184,train
2185,train
2186,train
2187,train
2188,train
2189,train
2190,train
2191,train
2192,train
2193,train
2194,train
2195,train
2196,train
2197,train
2198,train
2199,train
2200,train
2201,train
2202,train
2203,train
2204,train
2205,train
2206,train
2207,train
2208,train
2209,train
2210,train
2211,train
2212,train
2213,train
2214,train
2215,train
2216,train
2217,train
2218,train
2219,train
2220,train
2221,train
2222,train
2223,train
2224,train
2225,train
2226,train
2227,train
2228,train
2229,train
2230,train
2231,train
2232,train
2233,train
2234,train
2235,train
2236,train
2237,train
2238,train
2239,train
2240,train
2241,train
2242,train
2243,train
2244,train
2245,train
2246,train
2247,train
2248,train
2249,train
2250,train
2251,train
2252,train
2253,train
2254,train
2255,train
2256,train
2257,train
2258,train
2259,train
2260,train
2261,train
2262,train
2263,train
2264,train
2265,train
2266,train
2267,train
2268,train
2269,train
2270,train
2271,train
2272,train
2273,train
2274,train
2275,train
2276,train
2277,train
2278,train
2279,train
2280,train
2281,train
2282,train
2283,train
2284,train
2285,train
2286,train
2287,train
2288,train
2289,train
2290,train
2291,train
2292,train
2293,train
2294,train
2295,train
2296,train
2297,train
2298,train
2299,train
2300,train
2301,train
2302,train
2303,train
2304,train
2305,train
2306,train
2307,train
2308,train
2309,train
2310,train
2311,train
2312,train
2313,train
2314,train
2315,train
2316,train
2317,train
2318,train
2319,train
2320,train
2321,train
2322,train
2323,train
2324,train
2325,train
2326,train
2327,train
2328,train
2329,train
2330,train
2331,train
2332,train
2333,train
2334,train
2335,train
2336,train
2337,train
2338,train
2339,train
2340,train
2341,train
2342,train
2343,train
2344,train
2345,train
2346,train
2347,train
2348,train
2349,train
2350,train
2351,train
2352,train
2353,train
2354,train
2355,train
2356,train
2357,train
2358,train
2359,train
2360,train
2361,train
2362,train
2363,train
2364,train
2365,train
2366,train
2367,train
2368,train
2369,train
2370,train
2371,train
2372,train
2373,train
2374,train
2375,train
2376,train
2377,train
2378,train
2379,train
2380,train
2381,train
2382,train
2383,train
2384,train
2385,train
2386,train
2387,train
2388,train
2389,train
2390,train
2391,train
2392,train
2393,train
2394,train
2395,train
2396,train
2397,train
2398,train
2399,train
2400,train
2401,train
2402,train
2403,train
2404,train
2405,train
2406,train
2407,train
2408,train
2409,train
2410,train
2411,train
2412,train
2413,train
2414,train
2415,train
2416,train
2417,train
2418,train
2419,train
2420,train
2421,train
2422,train
2423,train
2424,train
2425,train
2426,train
2427,train
2428,train
2429,train
2430,train
2431,train
2432,train
2433,train
2434,train
2435,train
2436,train
2437,train
2438,train
2439,train
2440,train
2441,train
2442,train
2443,train
2444,train
2445,train
2446,train
2447,train
2448,train
2449,train
2450,train
2451,train
2452,train
2453,train
2454,train
2455,train
2456,train
2457,train
2458,train
2459,train
2460,train
2461,train
2462,train
2463,train
2464,train
2465,train
2466,train
2467,train
2468,train
2469,train
2470,train
2471,train
2472,train
2473,train
2474,train
2475,train
2476,train
2477,train
2478,train
2479,train
2480,train
2481,train
2482,train
2483,train
2484,train
2485,train
2486,train
2487,train
2488,train
2489,train
2490,train
2491,train
2492,train
2493,train
2494,train
2495,train
2496,train
2497,train
2498,train
2499,train
2500,train
2501,train
2502,train
2503,train
2504,train
2505,train
2506,train
2507,train
2508,train
2509,train
2510,train
2511,train
2512,train
2513,train
2514,train
2515,train
2516,train
2517,train
2518,train
2519,train
2520,train
2521,train
2522,train
2523,train
2524,train
2525,train
2526,train
2527,train
2528,train
2529,train
2530,train
2531,train
2532,train
2533,train
2534,train
2535,train
2536,train
2537,train
2538,train
2539,train
2540,train
2541,train
2542,train
2543,train
2544,train
2545,train
2546,train
2547,train
2548,train
2549,train
2550,train
2551,train
2552,train
2553,train
2554,train
2555,train
2556,train
2557,train
2558,train
2559,train
2560,train
2561,train
2562,train
2563,train
2564,train
2565,train
2566,train
2567,train
2568,train
2569,train
2570,train
2571,train
2572,train
2573,train
2574,train
2575,train
2576,train
2577,train
2578,train
2579,train
2580,train
2581,train
2582,train
2583,train
2584,train
2585,train
2586,train
2587,train
2588,train
2589,train
2590,train
2591,train
2592,train
2593,train
2594,train
2595,train
2596,train
2597,train
2598,train
2599,train
2600,train
2601,train
2602,train
2603,train
2604,train
2605,train
2606,train
2607,train
2608,train
2609,train
2610,train
2611,train
2612,train
2613,train
2614,train
2615,train
2616,train
2617,train
2618,train
2619,train
2620,train
2621,train
2622,train
2623,train
2624,train
2625,train
2626,train
2627,train
2628,train
2629,train
2630,train
2631,train
2632,train
2633,train
2634,train
2635,train
2636,train
2637,train
2638,train
2639,train
2640,train
2641,train
2642,train
2643,train
2644,train
2645,train
2646,train
2647,train
2648,train
2649,train
2650,train
2651,train
2652,train
2653,train
2654,train
2655,train
2656,train
2657,train
2658,train
2659,train
2660,train
2661,train
2662,train
2663,train
2664,train
2665,train
2666,train
2667,train
2668,train
2669,train
2670,train
2671,train
2672,train
2673,train
2674,train
2675,train
2676,train
2677,train
2678,train
2679,train
2680,train
2681,train
2682,train
2683,train
2684,train
2685,train
2686,train
2687,train
2688,train
2689,train
2690,train
2691,train
2692,train
2693,train
2694,train
2695,train
2696,train
2697,train
2698,train
2699,train
2700,train
2701,train
2702,train
2703,train
2704,train
2705,train
2706,train
2707,train
2708,train
2709,train
2710,train
2711,train
2712,train
2713,train
2714,train
2715,train
2716,train
2717,train
2718,train
2719,train
2720,train
2721,train
2722,train
2723,train
2724,train
2725,train
2726,train
2727,train
2728,train
2729,train
2730,train
2731,train
2732,train
2733,train
2734,train
2735,train
2736,train
2737,train
2738,train
2739,train
2740,train
2741,train
2742,train
2743,train
2744,train
2745,train
2746,train
2747,train
2748,train
2749,train
2750,train
2751,train
2752,train
2753,train
2754,train
2755,train
2756,train
2757,train
2758,train
2759,train
2760,train
2761,train
2762,train
2763,train
2764,train
2765,train
2766,train
2767,train
2768,train
2769,train
2770,train
2771,train
2772,train
2773,train
2774,train
2775,train
2776,train
2777,train
2778,train
2779,train
2780,train
2781,train
2782,train
2783,train
2784,train
2785,train
2786,train
2787,train
2788,train
2789,train
2790,train
2791,train
2792,train
2793,train
2794,train
2795,train
2796,train
2797,train
2798,train
2799,train
2800,train
2801,train
2802,train
2803,train
2804,train
2805,train
2806,train
2807,train
2808,train
2809,train
2810,train
2811,train
2812,train
2813,train
2814,train
2815,train
2816,train
2817,train
2818,train
2819,train
2820,train
2821,train
2822,train
2823,train
2824,train
2825,train
2826,train
2827,train
2828,train
2829,train
2830,train
2831,train
2832,train
2833,train
2834,train
2835,train
2836,train
2837,train
2838,train
2839,train
2840,train
2841,train
2842,train
2843,train
2844,train
2845,train
2846,train
2847,train
2848,train
2849,train
2850,train
2851,train
2852,train
2853,train
2854,train
2855,train
2856,train
2857,train
2858,train
2859,train
2860,train
2861,train
2862,train
2863,train
2864,train
2865,train
2866,train
2867,train
2868,train
2869,train
2870,train
2871,train
2872,train
2873,train
2874,train
2875,train
2876,train
2877,train
2878,train
2879,train
2880,train
2881,train
2882,train
2883,train
2884,train
2885,train
2886,train
2887,train
2888,train
2889,train
2890,train
2891,train
2892,train
2893,train
2894,train
2895,train
2896,train
2897,train
2898,train
2899,train
2900,train
2901,train
2902,train
2903,train
2904,train
2905,train
2906,train
2907,train
2908,train
2909,train
2910,train
2911,train
2912,train
2913,train
2914,train
2915,train
2916,train
2917,train
2918,train
2919,train
2920,train
2921,train
2922,train
2923,train
2924,train
2925,train
2926,train
2927,train
2928,train
2929,train
2930,train
2931,train
2932,train
2933,train
2934,train
2935,train
2936,train
2937,train
2938,train
2939,train
2940,train
2941,train
2942,train
2943,train
2944,train
2945,train
2946,train
2947,train
2948,train
2949,train
2950,train
2951,train
2952,train
2953,train
2954,train
2955,train
2956,train
2957,train
2958,train
2959,train
2960,train
2961,train
2962,train
2963,train
2964,train
2965,train
2966,train
2967,train
2968,train
2969,train
2970,train
2971,train
2972,train
2973,train
2974,train
2975,train
2976,train
2977,train
2978,train
2979,train
2980,train
2981,train
2982,train
2983,train
2984,train
2985,train
2986,train
2987,train
2988,train
2989,train
2990,train
2991,train
2992,train
2993,train
2994,train
2995,train
2996,train
2997,train
2998,train
2999,train
3000,train
3001,train
3002,train
3003,train
3004,train
3005,train
3006,train
3007,train
3008,train
3009,train
3010,train
3011,train
3012,train
3013,train
3014,train
3015,train
3016,train
3017,train
3018,train
3019,train
3020,train
3021,train
3022,train
3023,train
3024,train
3025,train
3026,train
3027,train
3028,train
3029,train
3030,train
3031,train
3032,train
3033,train
3034,train
3035,train
3036,train
3037,train
3038,train
3039,train
3040,train
3041,train
3042,train
3043,train
3044,train
3045,train
3046,train
3047,train
3048,train
3049,train
3050,train
3051,train
3052,train
3053,train
3054,train
3055,train
3056,train
3057,train
3058,train
3059,train
3060,train
3061,train
3062,train
3063,train
3064,train
3065,train
3066,train
3067,train
3068,train
3069,train
3070,train
3071,train
3072,train
3073,train
3074,train
3075,train
3076,train
3077,train
3078,train
3079,train
3080,train
3081,train
3082,train
3083,train
3084,train
3085,train
3086,train
3087,train
3088,train
3089,train
3090,train
3091,train
3092,train
3093,train
3094,train
3095,train
3096,train
3097,train
3098,train
3099,train
3100,train
3101,train
3102,train
3103,train
3104,train
3105,train
3106,train
3107,train
3108,train
3109,train
3110,train
3111,train
3112,train
3113,train
3114,train
3115,train
3116,train
3117,train
3118,train
3119,train
3120,train
3121,train
3122,train
3123,train
3124,train
3125,train
3126,train
3127,train
3128,train
3129,train
3130,train
3131,train
3132,train
3133,train
3134,train
3135,train
3136,train
3137,train
3138,train
3139,train
3140,train
3141,train
3142,train
3143,train
3144,train
3145,train
3146,train
3147,train
3148,train
3149,train
3150,train
3151,train
3152,train
3153,train
3154,train
3155,train
3156,train
3157,train
3158,train
3159,train
3160,train
3161,train
3162,train
3163,train
3164,train
3165,train
3166,train
3167,train
3168,train
3169,train
3170,train
3171,train
3172,train
3173,train
3174,train
3175,train
3176,train
3177,train
3178,train
3179,train
3180,train
3181,train
3182,train
3183,train
3184,train
3185,train
3186,train
3187,train
3188,train
3189,train
3190,train
3191,train
3192,train
3193,train
3194,train
3195,train
3196,train
3197,train
3198,train
3199,train
3200,train
3201,train
3202,train
3203,train
3204,train
3205,train
3206,train
3207,train
3208,train
3209,train
3210,train
3211,train
3212,train
3213,train
3214,train
3215,train
3216,train
3217,train
3218,train
3219,train
3220,train
3221,train
3222,train
3223,train
3224,train
3225,train
3226,train
3227,train
3228,train
3229,train
3230,train
3231,train
3232,train
3233,train
3234,train
3235,train
3236,train
3237,train
3238,train
3239,train
3240,train
3241,train
3242,train
3243,train
3244,train
3245,train
3246,train
3247,train
3248,train
3249,train
3250,train
3251,train
3252,train
3253,train
3254,train
3255,train
3256,train
3257,train
3258,train
3259,train
3260,train
3261,train
3262,train
3263,train
3264,train
3265,train
3266,train
3267,train
3268,train
3269,train
3270,train
3271,train
3272,train
3273,train
3274,train
3275,train
3276,train
3277,train
3278,train
3279,train
3280,train
3281,train
3282,train
3283,train
3284,train
3285,train
3286,train
3287,train
3288,train
3289,train
3290,train
3291,train
3292,train
3293,train
3294,train
3295,train
3296,train
3297,train
3298,train
3299,train
3300,train
3301,train
3302,train
3303,train
3304,train
3305,train
3306,train
3307,train
3308,train
3309,train
3310,train
3311,train
3312,train
3313,train
3314,train
3315,train
3316,train
3317,train
3318,train
3319,train
3320,train
3321,train
3322,train
3323,train
3324,train
3325,train
3326,train
3327,train
3328,train
3329,train
3330,train
3331,train
3332,train
3333,train
3334,train
3335,train
3336,train
3337,train
3338,train
3339,train
3340,train
3341,train
3342,train
3343,train
3344,train
3345,train
3346,train
3347,train
3348,train
3349,train
3350,train
3351,train
3352,train
3353,train
3354,train
3355,train
3356,train
3357,train
3358,train
3359,train
3360,train
3361,train
3362,train
3363,train
3364,train
3365,train
3366,train
3367,train
3368,train
3369,train
3370,train
3371,train
3372,train
3373,train
3374,train
3375,train
3376,train
3377,train
3378,train
3379,train
3380,train
3381,train
3382,train
3383,train
3384,train
3385,train
3386,train
3387,train
3388,train
3389,train
3390,train
3391,train
3392,train
3393,train
3394,train
3395,train
3396,train
3397,train
3398,train
3399,train
3400,train
3401,train
3402,train
3403,train
3404,train
3405,train
3406,train
3407,train
3408,train
3409,train
3410,train
3411,train
3412,train
3413,train
3414,train
3415,train
3416,train
3417,train
3418,train
3419,train
3420,train
3421,train
3422,train
3423,train
3424,train
3425,train
3426,train
3427,train
3428,train
3429,train
3430,train
3431,train
3432,train
3433,train
3434,train
3435,train
3436,train
3437,train
3438,train
3439,train
3440,train
3441,train
3442,train
3443,train
3444,train
3445,train
3446,train
3447,train
3448,train
3449,train
3450,train
3451,train
3452,train
3453,train
3454,train
3455,train
3456,train
3457,train
3458,train
3459,train
3460,train
3461,train
3462,train
3463,train
3464,train
3465,train
3466,train
3467,train
3468,train
3469,train
3470,train
3471,train
3472,train
3473,train
3474,train
3475,train
3476,train
3477,train
3478,train
3479,train
3480,train
3481,train
3482,train
3483,train
3484,train
3485,train
3486,train
3487,train
3488,train
3489,train
3490,train
3491,train
3492,train
3493,train
3494,train
3495,train
3496,train
3497,train
3498,train
3499,train
3500,train
3501,train
3502,train
3503,train
3504,train
3505,train
3506,train
3507,train
3508,train
3509,train
3510,train
3511,train
3512,train
3513,train
3514,train
3515,train
3516,train
3517,train
3518,train
3519,train
3520,train
3521,train
3522,train
3523,train
3524,train
3525,train
3526,train
3527,train
3528,train
3529,train
3530,train
3531,train
3532,train
3533,train
3534,train
3535,train
3536,train
3537,train
3538,train
3539,train
3540,train
3541,train
3542,train
3543,train
3544,train
3545,train
3546,train
3547,train
3548,train
3549,train
3550,train
3551,train
3552,train
3553,train
3554,train
3555,train
3556,train
3557,train
3558,train
3559,train
3560,train
3561,train
3562,train
3563,train
3564,train
3565,train
3566,train
3567,train
3568,train
3569,train
3570,train
3571,train
3572,train
3573,train
3574,train
3575,train
3576,train
3577,train
3578,train
3579,train
3580,train
3581,train
3582,train
3583,train
3584,train
3585,train
3586,train
3587,train
3588,train
3589,train
3590,train
3591,train
3592,train
3593,train
3594,train
3595,train
3596,train
3597,train
3598,train
3599,train
3600,train
3601,train
3602,train
3603,train
3604,train
3605,train
3606,train
3607,train
3608,train
3609,train
3610,train
3611,train
3612,train
3613,train
3614,train
3615,train
3616,train
3617,train
3618,train
3619,train
3620,train
3621,train
3622,train
3623,train
3624,train
3625,train
3626,train
3627,train
3628,train
3629,train
3630,train
3631,train
3632,train
3633,train
3634,train
3635,train
3636,train
3637,train
3638,train
3639,train
3640,train
3641,train
3642,train
3643,train
3644,train
3645,train
3646,train
3647,train
3648,train
3649,train
3650,train
3651,train
3652,train
3653,train
3654,train
3655,train
3656,train
3657,train
3658,train
3659,train
3660,train
3661,train
3662,train
3663,train
3664,train
3665,train
3666,train
3667,train
3668,train
3669,train
3670,train
3671,train
3672,train
3673,train
3674,train
3675,train
3676,train
3677,train
3678,train
3679,train
3680,train
3681,train
3682,train
3683,train
3684,train
3685,train
3686,train
3687,train
3688,train
3689,train
3690,train
3691,train
3692,train
3693,train
3694,train
3695,train
3696,train
3697,train
3698,train
3699,train
3700,train
3701,train
3702,train
3703,train
3704,train
3705,train
3706,train
3707,train
3708,train
3709,train
3710,train
3711,train
3712,train
3713,train
3714,train
3715,train
3716,train
3717,train
3718,train
3719,train
3720,train
3721,train
3722,train
3723,train
3724,train
3725,train
3726,train
3727,train
3728,train
3729,train
3730,train
3731,train
3732,train
3733,train
3734,train
3735,train
3736,train
3737,train
3738,train
3739,train
3740,train
3741,train
3742,train
3743,train
3744,train
3745,train
3746,train
3747,train
3748,train
3749,train
3750,train
3751,train
3752,train
3753,train
3754,train
3755,train
3756,train
3757,train
3758,train
3759,train
3760,train
3761,train
3762,train
3763,train
3764,train
3765,train
3766,train
3767,train
3768,train
3769,train
3770,train
3771,train
3772,train
3773,train
3774,train
3775,train
3776,train
3777,train
3778,train
3779,train
3780,train
3781,train
3782,train
3783,train
3784,train
3785,train
3786,train
3787,train
3788,train
3789,train
3790,train
3791,train
3792,train
3793,train
3794,train
3795,train
3796,train
3797,train
3798,train
3799,train
3800,train
3801,train
3802,train
3803,train
3804,train
3805,train
3806,train
3807,train
3808,train
3809,train
3810,train
3811,train
3812,train
3813,train
3814,train
3815,train
3816,train
3817,train
3818,train
3819,train
3820,train
3821,train
3822,train
3823,train
3824,train
3825,train
3826,train
3827,train
3828,train
3829,train
3830,train
3831,train
3832,train
3833,train
3834,train
3835,train
3836,train
3837,train
3838,train
3839,train
3840,train
3841,train
3842,train
3843,train
3844,train
3845,train
3846,train
3847,train
3848,train
3849,train
3850,train
3851,train
3852,train
3853,train
3854,train
3855,train
3856,train
3857,train
3858,train
3859,train
3860,train
3861,train
3862,train
3863,train
3864,train
3865,train
3866,train
3867,train
3868,train
3869,train
3870,train
3871,train
3872,train
3873,train
3874,train
3875,train
3876,train
3877,train
3878,train
3879,train
3880,train
3881,train
3882,train
3883,train
3884,train
3885,train
3886,train
3887,train
3888,train
3889,train
3890,train
3891,train
3892,train
3893,train
3894,train
3895,train
3896,train
3897,train
3898,train
3899,train
3900,train
3901,train
3902,train
3903,train
3904,train
3905,train
3906,train
3907,train
3908,train
3909,train
3910,train
3911,train
3912,train
3913,train
3914,train
3915,train
3916,train
3917,train
3918,train
3919,train
3920,train
3921,train
3922,train
3923,train
3924,train
3925,train
3926,train
3927,train
3928,train
3929,train
3930,train
3931,train
3932,train
3933,train
3934,train
3935,train
3936,train
3937,train
3938,train
3939,train
3940,train
3941,train
3942,train
3943,train
3944,train
3945,train
3946,train
3947,train
3948,train
3949,train
3950,train
3951,train
3952,train
3953,train
3954,train
3955,train
3956,train
3957,train
3958,train
3959,train
3960,train
3961,train
3962,train
3963,train
3964,train
3965,train
3966,train
3967,train
3968,train
3969,train
3970,train
3971,train
3972,train
3973,train
3974,train
3975,train
3976,train
3977,train
3978,train
3979,train
3980,train
3981,train
3982,train
3983,train
3984,train
3985,train
3986,train
3987,train
3988,train
3989,train
3990,train
3991,train
3992,train
3993,train
3994,train
3995,train
3996,train
3997,train
3998,train
3999,train
4000,train
4001,train
4002,train
4003,train
4004,train
4005,train
4006,train
4007,train
4008,train
4009,train
4010,train
4011,train
4012,train
4013,train
4014,train
4015,train
4016,train
4017,train
4018,train
4019,train
4020,train
4021,train
4022,train
4023,train
4024,train
4025,train
4026,train
4027,train
4028,train
4029,train
4030,train
4031,train
4032,train
4033,train
4034,train
4035,train
4036,train
4037,train
4038,train
4039,train
4040,train
4041,train
4042,train
4043,train
4044,train
4045,train
4046,train
4047,train
4048,train
4049,train
4050,train
4051,train
4052,train
4053,train
4054,train
4055,train
4056,train
4057,train
4058,train
4059,train
4060,train
4061,train
4062,train
4063,train
4064,train
4065,train
4066,train
4067,train
4068,train
4069,train
4070,train
4071,train
4072,train
4073,train
4074,train
4075,train
4076,train
4077,train
4078,train
4079,train
4080,train
4081,train
4082,train
4083,train
4084,train
4085,train
4086,train
4087,train
4088,train
4089,train
4090,train
4091,train
4092,train
4093,train
4094,train
4095,train
4096,train
4097,train
4098,train
4099,train
4100,train
4101,train
4102,train
4103,train
4104,train
4105,train
4106,train
4107,train
4108,train
4109,train
4110,train
4111,train
4112,train
4113,train
4114,train
4115,train
4116,train
4117,train
4118,train
4119,train
4120,train
4121,train
4122,train
4123,train
4124,train
4125,train
4126,train
4127,train
4128,train
4129,train
4130,train
4131,train
4132,train
4133,train
4134,train
4135,train
4136,train
4137,train
4138,train
4139,train
4140,train
4141,train
4142,train
4143,train
4144,train
4145,train
4146,train
4147,train
4148,train
4149,train
4150,train
4151,train
4152,train
4153,train
4154,train
4155,train
4156,train
4157,train
4158,train
4159,train
4160,train
4161,train
4162,train
4163,train
4164,train
4165,train
4166,train
4167,train
4168,train
4169,train
4170,train
4171,train
4172,train
4173,train
4174,train
4175,train
4176,train
4177,train
4178,train
4179,train
4180,train
4181,train
4182,train
4183,train
4184,train
4185,train
4186,train
4187,train
4188,train
4189,train
4190,train
4191,train
4192,train
4193,train
4194,train
4195,train
4196,train
4197,train
4198,train
4199,train
4200,train
4201,train
4202,train
4203,train
4204,train
4205,train
4206,train
4207,train
4208,train
4209,train
4210,train
4211,train
4212,train
4213,train
4214,train
4215,train
4216,train
4217,train
4218,train
4219,train
4220,train
4221,train
4222,train
4223,train
4224,train
4225,train
4226,train
4227,train
4228,train
4229,train
4230,train
4231,train
4232,train
4233,train
4234,train
4235,train
4236,train
4237,train
4238,train
4239,train
4240,train
4241,train
4242,train
4243,train
4244,train
4245,train
4246,train
4247,train
4248,train
4249,train
4250,train
4251,train
4252,train
4253,train
4254,train
4255,train
4256,train
4257,train
4258,train
4259,train
4260,train
4261,train
4262,train
4263,train
4264,train
4265,train
4266,train
4267,train
4268,train
4269,train
4270,train
4271,train
4272,train
4273,train
4274,train
4275,train
4276,train
4277,train
4278,train
4279,train
4280,train
4281,train
4282,train
4283,train
4284,train
4285,train
4286,train
4287,train
4288,train
4289,train
4290,train
4291,train
4292,train
4293,train
4294,train
4295,train
4296,train
4297,train
4298,train
4299,train
4300,train
4301,train
4302,train
4303,train
4304,train
4305,train
4306,train
4307,train
4308,train
4309,train
4310,train
4311,train
4312,train
4313,train
4314,train
4315,train
4316,train
4317,train
4318,train
4319,train
4320,train
4321,train
4322,train
4323,train
4324,train
4325,train
4326,train
4327,train
4328,train
4329,train
4330,train
4331,train
4332,train
4333,train
4334,train
4335,train
4336,train
4337,train
4338,train
4339,train
4340,train
4341,train
4342,train
4343,train
4344,train
4345,train
4346,train
4347,train
4348,train
4349,train
4350,train
4351,train
4352,train
4353,train
4354,train
4355,train
4356,train
4357,train
4358,train
4359,train
4360,train
4361,train
4362,train
4363,train
4364,train
4365,train
4366,train
4367,train
4368,train
4369,train
4370,train
4371,train
4372,train
4373,train
4374,train
4375,train
4376,train
4377,train
4378,train
4379,train
4380,train
4381,train
4382,train
4383,train
4384,train
4385,train
4386,train
4387,train
4388,train
4389,train
4390,train
4391,train
4392,train
4393,train
4394,train
4395,train
4396,train
4397,train
4398,train
4399,train
4400,train
4401,train
4402,train
4403,train
4404,train
4405,train
4406,train
4407,train
4408,train
4409,train
4410,train
4411,train
4412,train
4413,train
4414,train
4415,train
4416,train
4417,train
4418,train
4419,train
4420,train
4421,train
4422,train
4423,train
4424,train
4425,train
4426,train
4427,train
4428,train
4429,train
4430,train
4431,train
4432,train
4433,train
4434,train
4435,train
4436,train
4437,train
4438,train
4439,train
4440,train
4441,train
4442,train
4443,train
4444,train
4445,train
4446,train
4447,train
4448,train
4449,train
4450,train
4451,train
4452,train
4453,train
4454,train
4455,train
4456,train
4457,train
4458,train
4459,train
4460,train
4461,train
4462,train
4463,train
4464,train
4465,train
4466,train
4467,train
4468,train
4469,train
4470,train
4471,train
4472,train
4473,train
4474,train
4475,train
4476,train
4477,train
4478,train
4479,train
4480,train
4481,train
4482,train
4483,train
4484,train
4485,train
4486,train
4487,train
4488,train
4489,train
4490,train
4491,train
4492,train
4493,train
4494,train
4495,train
4496,train
4497,train
4498,train
4499,train
4500,train
4501,train
4502,train
4503,train
4504,train
4505,train
4506,train
4507,train
4508,train
4509,train
4510,train
4511,train
4512,train
4513,train
4514,train
4515,train
4516,train
4517,train
4518,train
4519,train
4520,train
4521,train
4522,train
4523,train
4524,train
4525,train
4526,train
4527,train
4528,train
4529,train
4530,train
4531,train
4532,train
4533,train
4534,train
4535,train
4536,train
4537,train
4538,train
4539,train
4540,train
4541,train
4542,train
4543,train
4544,train
4545,train
4546,train
4547,train
4548,train
4549,train
4550,train
4551,train
4552,train
4553,train
4554,train
4555,train
4556,train
4557,train
4558,train
4559,train
4560,train
4561,train
4562,train
4563,train
4564,train
4565,train
4566,train
4567,train
4568,train
4569,train
4570,train
4571,train
4572,train
4573,train
4574,train
4575,train
4576,train
4577,train
4578,train
4579,train
4580,train
4581,train
4582,train
4583,train
4584,train
4585,train
4586,train
4587,train
4588,train
4589,train
4590,train
4591,train
4592,train
4593,train
4594,train
4595,train
4596,train
4597,train
4598,train
4599,train
4600,train
4601,train
4602,train
4603,train
4604,train
4605,train
4606,train
4607,train
4608,train
4609,train
4610,train
4611,train
4612,train
4613,train
4614,train
4615,train
4616,train
4617,train
4618,train
4619,train
4620,train
4621,train
4622,train
4623,train
4624,train
4625,train
4626,train
4627,train
4628,train
4629,train
4630,train
4631,train
4632,train
4633,train
4634,train
4635,train
4636,train
4637,train
4638,train
4639,train
4640,train
4641,train
4642,train
4643,train
4644,train
4645,train
4646,train
4647,train
4648,train
4649,train
4650,train
4651,train
4652,train
4653,train
4654,train
4655,train
4656,train
4657,train
4658,train
4659,train
4660,train
4661,train
4662,train
4663,train
4664,train
4665,train
4666,train
4667,train
4668,train
4669,train
4670,train
4671,train
4672,train
4673,train
4674,train
4675,train
4676,train
4677,train
4678,train
4679,train
4680,train
4681,train
4682,train
4683,train
4684,train
4685,train
4686,train
4687,train
4688,train
4689,train
4690,train
4691,train
4692,train
4693,train
4694,train
4695,train
4696,train
4697,train
4698,train
4699,train
4700,train
4701,train
4702,train
4703,train
4704,train
4705,train
4706,train
4707,train
4708,train
4709,train
4710,train
4711,train
4712,train
4713,train
4714,train
4715,train
4716,train
4717,train
4718,train
4719,train
4720,train
4721,train
4722,train
4723,train
4724,train
4725,train
4726,train
4727,train
4728,train
4729,train
4730,train
4731,train
4732,train
4733,train
4734,train
4735,train
4736,train
4737,train
4738,train
4739,train
4740,train
4741,train
4742,train
4743,train
4744,train
4745,train
4746,train
4747,train
4748,train
4749,train
4750,train
4751,train
4752,train
4753,train
4754,train
4755,train
4756,train
4757,train
4758,train
4759,train
4760,train
4761,train
4762,train
4763,train
4764,train
4765,train
4766,train
4767,train
4768,train
4769,train
4770,train
4771,train
4772,train
4773,train
4774,train
4775,train
4776,train
4777,train
4778,train
4779,train
4780,train
4781,train
4782,train
4783,train
4784,train
4785,train
4786,train
4787,train
4788,train
4789,train
4790,train
4791,train
4792,train
4793,train
4794,train
4795,train
4796,train
4797,train
4798,train
4799,train
4800,train
4801,train
4802,train
4803,train
4804,train
4805,train
4806,train
4807,train
4808,train
4809,train
4810,train
4811,train
4812,train
4813,train
4814,train
4815,train
4816,train
4817,train
4818,train
4819,train
4820,train
4821,train
4822,train
4823,train
4824,train
4825,train
4826,train
4827,train
4828,train
4829,train
4830,train
4831,train
4832,train
4833,train
4834,train
4835,train
4836,train
4837,train
4838,train
4839,train
4840,train
4841,train
4842,train
4843,train
4844,train
4845,train
4846,train
4847,train
4848,train
4849,train
4850,train
4851,train
4852,train
4853,train
4854,train
4855,train
4856,train
4857,train
4858,train
4859,train
4860,train
4861,train
4862,train
4863,train
4864,train
4865,train
4866,train
4867,train
4868,train
4869,train
4870,train
4871,train
4872,train
4873,train
4874,train
4875,train
4876,train
4877,train
4878,train
4879,train
4880,train
4881,train
4882,train
4883,train
4884,train
4885,train
4886,train
4887,train
4888,train
4889,train
4890,train
4891,train
4892,train
4893,train
4894,train
4895,train
4896,train
4897,train
4898,train
4899,train
4900,train
4901,train
4902,train
4903,train
4904,train
4905,train
4906,train
4907,train
4908,train
4909,train
4910,train
4911,train
4912,train
4913,train
4914,train
4915,train
4916,train
4917,train
4918,train
4919,train
4920,train
4921,train
4922,train
4923,train
4924,train
4925,train
4926,train
4927,train
4928,train
4929,train
4930,train
4931,train
4932,train
4933,train
4934,train
4935,train
4936,train
4937,train
4938,train
4939,train
4940,train
4941,train
4942,train
4943,train
4944,train
4945,train
4946,train
4947,train
4948,train
4949,train
4950,train
4951,train
4952,train
4953,train
4954,train
4955,train
4956,train
4957,train
4958,train
4959,train
4960,train
4961,train
4962,train
4963,train
4964,train
4965,train
4966,train
4967,train
4968,train
4969,train
4970,train
4971,train
4972,train
4973,train
4974,train
4975,train
4976,train
4977,train
4978,train
4979,train
4980,train
4981,train
4982,train
4983,train
4984,train
4985,train
4986,train
4987,train
4988,train
4989,train
4990,train
4991,train
4992,train
4993,train
4994,train
4995,train
4996,train
4997,train
4998,train
4999,train
5000,train
5001,train
5002,train
5003,train
5004,train
5005,train
5006,train
5007,train
5008,train
5009,train
5010,train
5011,train
5012,train
5013,train
5014,train
5015,train
5016,train
5017,train
5018,train
5019,train
5020,train
5021,train
5022,train
5023,train
5024,train
5025,train
5026,train
5027,train
5028,train
5029,train
5030,train
5031,train
5032,train
5033,train
5034,train
5035,train
5036,train
5037,train
5038,train
5039,train
5040,train
5041,train
5042,train
5043,train
5044,train
5045,train
5046,train
5047,train
5048,train
5049,train
5050,train
5051,train
5052,train
5053,train
5054,train
5055,train
5056,train
5057,train
5058,train
5059,train
5060,train
5061,train
5062,train
5063,train
5064,train
5065,train
5066,train
5067,train
5068,train
5069,train
5070,train
5071,train
5072,train
5073,train
5074,train
5075,train
5076,train
5077,train
5078,train
5079,train
5080,train
5081,train
5082,train
5083,train
5084,train
5085,train
5086,train
5087,train
5088,train
5089,train
5090,train
5091,train
5092,train
5093,train
5094,train
5095,train
5096,train
5097,train
5098,train
5099,train
5100,train
5101,train
5102,train
5103,train
5104,train
5105,train
5106,train
5107,train
5108,train
5109,train
5110,train
5111,train
5112,train
5113,train
5114,train
5115,train
5116,train
5117,train
5118,train
5119,train
5120,train
5121,train
5122,train
5123,train
5124,train
5125,train
5126,train
5127,train
5128,train
5129,train
5130,train
5131,train
5132,train
5133,train
5134,train
5135,train
5136,train
5137,train
5138,train
5139,train
5140,train
5141,train
5142,train
5143,train
5144,train
5145,train
5146,train
5147,train
5148,train
5149,train
5150,train
5151,train
5152,train
5153,train
5154,train
5155,train
5156,train
5157,train
5158,train
5159,train
5160,train
5161,train
5162,train
5163,train
5164,train
5165,train
5166,train
5167,train
5168,train
5169,train
5170,train
5171,train
5172,train
5173,train
5174,train
5175,train
5176,train
5177,train
5178,train
5179,train
5180,train
5181,train
5182,train
5183,train
5184,train
5185,train
5186,train
5187,train
5188,train
5189,train
5190,train
5191,train
5192,train
5193,train
5194,train
5195,train
5196,train
5197,train
5198,train
5199,train
5200,train
5201,train
5202,train
5203,train
5204,train
5205,train
5206,train
5207,train
5208,train
5209,train
5210,train
5211,train
5212,train
5213,train
5214,train
5215,train
5216,train
5217,train
5218,train
5219,train
5220,train
5221,train
5222,train
5223,train
5224,train
5225,train
5226,train
5227,train
5228,train
5229,train
5230,train
5231,train
5232,train
5233,train
5234,train
5235,train
5236,train
5237,train
5238,train
5239,train
5240,train
5241,train
5242,train
5243,train
5244,train
5245,train
5246,train
5247,train
5248,train
5249,train
5250,train
5251,train
5252,train
5253,train
5254,train
5255,train
5256,train
5257,train
5258,train
5259,train
5260,train
5261,train
5262,train
5263,train
5264,train
5265,train
5266,train
5267,train
5268,train
5269,train
5270,train
5271,train
5272,train
5273,train
5274,train
5275,train
5276,train
5277,train
5278,train
5279,train
5280,train
5281,train
5282,train
5283,train
5284,train
5285,train
5286,train
5287,train
5288,train
5289,train
5290,train
5291,train
5292,train
5293,train
5294,train
5295,train
5296,train
5297,train
5298,train
5299,train
5300,train
5301,train
5302,train
5303,train
5304,train
5305,train
5306,train
5307,train
5308,train
5309,train
5310,train
5311,train
5312,train
5313,train
5314,train
5315,train
5316,train
5317,train
5318,train
5319,train
5320,train
5321,train
5322,train
5323,train
5324,train
5325,train
5326,train
5327,train
5328,train
5329,train
5330,train
5331,train
5332,train
5333,train
5334,train
5335,train
5336,train
5337,train
5338,train
5339,train
5340,train
5341,train
5342,train
5343,train
5344,train
5345,train
5346,train
5347,train
5348,train
5349,train
5350,train
5351,train
5352,train
5353,train
5354,train
5355,train
5356,train
5357,train
5358,train
5359,train
5360,train
5361,train
5362,train
5363,train
5364,train
5365,train
5366,train
5367,train
5368,train
5369,train
5370,train
5371,train
5372,train
5373,train
5374,train
5375,train
5376,train
5377,train
5378,train
5379,train
5380,train
5381,train
5382,train
5383,train
5384,train
5385,train
5386,train
5387,train
5388,train
5389,train
5390,train
5391,train
5392,train
5393,train
5394,train
5395,train
5396,train
5397,train
5398,train
5399,train
5400,train
5401,train
5402,train
5403,train
5404,train
5405,train
5406,train
5407,train
5408,train
5409,train
5410,train
5411,train
5412,train
5413,train
5414,train
5415,train
5416,train
5417,train
5418,train
5419,train
5420,train
5421,train
5422,train
5423,train
5424,train
5425,train
5426,train
5427,train
5428,train
5429,train
5430,train
5431,train
5432,train
5433,train
5434,train
5435,train
5436,train
5437,train
5438,train
5439,train
5440,train
5441,train
5442,train
5443,train
5444,train
5445,train
5446,train
5447,train
5448,train
5449,train
5450,train
5451,train
5452,train
5453,train
5454,train
5455,train
5456,train
5457,train
5458,train
5459,train
5460,train
5461,train
5462,train
5463,train
5464,train
5465,train
5466,train
5467,train
5468,train
5469,train
5470,train
5471,train
5472,train
5473,train
5474,train
5475,train
5476,train
5477,train
5478,train
5479,train
5480,train
5481,train
5482,train
5483,train
5484,train
5485,train
5486,train
5487,train
5488,train
5489,train
5490,train
5491,train
5492,train
5493,train
5494,train
5495,train
5496,train
5497,train
5498,train
5499,train
5500,train
5501,train
5502,train
5503,train
5504,train
5505,train
5506,train
5507,train
5508,train
5509,train
5510,train
5511,train
5512,train
5513,train
5514,train
5515,train
5516,train
5517,train
5518,train
5519,train
5520,train
5521,train
5522,train
5523,train
5524,train
5525,train
5526,train
5527,train
5528,train
5529,train
5530,train
5531,train
5532,train
5533,train
5534,train
5535,train
5536,train
5537,train
5538,train
5539,train
5540,train
5541,train
5542,train
5543,train
5544,train
5545,train
5546,train
5547,train
5548,train
5549,train
5550,train
5551,train
5552,train
5553,train
5554,train
5555,train
5556,train
5557,train
5558,train
5559,train
5560,train
5561,train
5562,train
5563,train
5564,train
5565,train
5566,train
5567,train
5568,train
5569,train
5570,train
5571,train
5572,train
5573,train
5574,train
5575,train
5576,train
5577,train
5578,train
5579,train
5580,train
5581,train
5582,train
5583,train
5584,train
5585,train
5586,train
5587,train
5588,train
5589,train
5590,train
5591,train
5592,train
5593,train
5594,train
5595,train
5596,train
5597,train
5598,train
5599,train
5600,train
5601,train
5602,train
5603,train
5604,train
5605,train
5606,train
5607,train
5608,train
5609,train
5610,train
5611,train
5612,train
5613,train
5614,train
5615,train
5616,train
5617,train
5618,train
5619,train
5620,train
5621,train
5622,train
5623,train
5624,train
5625,train
5626,train
5627,train
5628,train
5629,train
5630,train
5631,train
5632,train
5633,train
5634,train
5635,train
5636,train
5637,train
5638,train
5639,train
5640,train
5641,train
5642,train
5643,train
5644,train
5645,train
5646,train
5647,train
5648,train
5649,train
5650,train
5651,train
5652,train
5653,train
5654,train
5655,train
5656,train
5657,train
5658,train
5659,train
5660,train
5661,train
5662,train
5663,train
5664,train
5665,train
5666,train
5667,train
5668,train
5669,train
5670,train
5671,train
5672,train
5673,train
5674,train
5675,train
5676,train
5677,train
5678,train
5679,train
5680,train
5681,train
5682,train
5683,train
5684,train
5685,train
5686,train
5687,train
5688,train
5689,train
5690,train
5691,train
5692,train
5693,train
5694,train
5695,train
5696,train
5697,train
5698,train
5699,train
5700,train
5701,train
5702,train
5703,train
5704,train
5705,train
5706,train
5707,train
5708,train
5709,train
5710,train
5711,train
5712,train
5713,train
5714,train
5715,train
5716,train
5717,train
5718,train
5719,train
5720,train
5721,train
5722,train
5723,train
5724,train
5725,train
5726,train
5727,train
5728,train
5729,train
5730,train
5731,train
5732,train
5733,train
5734,train
5735,train
5736,train
5737,train
5738,train
5739,train
5740,train
5741,train
5742,train
5743,train
5744,train
5745,train
5746,train
5747,train
5748,train
5749,train
5750,train
5751,train
5752,train
5753,train
5754,train
5755,train
5756,train
5757,train
5758,train
5759,train
5760,train
5761,train
5762,train
5763,train
5764,train
5765,train
5766,train
5767,train
5768,train
5769,train
5770,train
5771,train
5772,train
5773,train
5774,train
5775,train
5776,train
5777,train
5778,train
5779,train
5780,train
5781,train
5782,train
5783,train
5784,train
5785,train
5786,train
5787,train
5788,train
5789,train
5790,train
5791,train
5792,train
5793,train
5794,train
5795,train
5796,train
5797,train
5798,train
5799,train
5800,train
5801,train
5802,train
5803,train
5804,train
5805,train
5806,train
5807,train
5808,train
5809,train
5810,train
5811,train
5812,train
5813,train
5814,train
5815,train
5816,train
5817,train
5818,train
5819,train
5820,train
5821,train
5822,train
5823,train
5824,train
5825,train
5826,train
5827,train
5828,train
5829,train
5830,train
5831,train
5832,train
5833,train
5834,train
5835,train
5836,train
5837,train
5838,train
5839,train
5840,train
5841,train
5842,train
5843,train
5844,train
5845,train
5846,train
5847,train
5848,train
5849,train
5850,train
5851,train
5852,train
5853,train
5854,train
5855,train
5856,train
5857,train
5858,train
5859,train
5860,train
5861,train
5862,train
5863,train
5864,train
5865,train
5866,train
5867,train
5868,train
5869,train
5870,train
5871,train
5872,train
5873,train
5874,train
5875,train
5876,train
5877,train
5878,train
5879,train
5880,train
5881,train
5882,train
5883,train
5884,train
5885,train
5886,train
5887,train
5888,train
5889,train
5890,train
5891,train
5892,train
5893,train
5894,train
5895,train
5896,train
5897,train
5898,train
5899,train
5900,train
5901,train
5902,train
5903,train
5904,train
5905,train
5906,train
5907,train
5908,train
5909,train
5910,train
5911,train
5912,train
5913,train
5914,train
5915,train
5916,train
5917,train
5918,train
5919,train
5920,train
5921,train
5922,train
5923,train
5924,train
5925,train
5926,train
5927,train
5928,train
5929,train
5930,train
5931,train
5932,train
5933,train
5934,train
5935,train
5936,train
5937,train
5938,train
5939,train
5940,train
5941,train
5942,train
5943,train
5944,train
5945,train
5946,train
5947,train
5948,train
5949,train
5950,train
5951,train
5952,train
5953,train
5954,train
5955,train
5956,train
5957,train
5958,train
5959,train
5960,train
5961,train
5962,train
5963,train
5964,train
5965,train
5966,train
5967,train
5968,train
5969,train
5970,train
5971,train
5972,train
5973,train
5974,train
5975,train
5976,train
5977,train
5978,train
5979,train
5980,train
5981,train
5982,train
5983,train
5984,train
5985,train
5986,train
5987,train
5988,train
5989,train
5990,train
5991,train
5992,train
5993,train
5994,train
5995,train
5996,train
5997,train
5998,train
5999,train
6000,train
6001,train
6002,train
6003,train
6004,train
6005,train
6006,train
6007,train
6008,train
6009,train
6010,train
6011,train
6012,train
6013,train
6014,train
6015,train
6016,train
6017,train
6018,train
6019,train
6020,train
6021,train
6022,train
6023,train
6024,train
6025,train
6026,train
6027,train
6028,train
6029,train
6030,train
6031,train
6032,train
6033,train
6034,train
6035,train
6036,train
6037,train
6038,train
6039,train
6040,train
6041,train
6042,train
6043,train
6044,train
6045,train
6046,train
6047,train
6048,train
6049,train
6050,train
6051,train
6052,train
6053,train
6054,train
6055,train
6056,train
6057,train
6058,train
6059,train
6060,train
6061,train
6062,train
6063,train
6064,train
6065,train
6066,train
6067,train
6068,train
6069,train
6070,train
6071,train
6072,train
6073,train
6074,train
6075,train
6076,train
6077,train
6078,train
6079,train
6080,train
6081,train
6082,train
6083,train
6084,train
6085,train
6086,train
6087,train
6088,train
6089,train
6090,train
6091,train
6092,train
6093,train
6094,train
6095,train
6096,train
6097,train
6098,train
6099,train
6100,train
6101,train
6102,train
6103,train
6104,train
6105,train
6106,train
6107,train
6108,train
6109,train
6110,train
6111,train
6112,train
6113,train
6114,train
6115,train
6116,train
6117,train
6118,train
6119,train
6120,train
6121,train
6122,train
6123,train
6124,train
6125,train
6126,train
6127,train
6128,train
6129,train
6130,train
6131,train
6132,train
6133,train
6134,train
6135,train
6136,train
6137,train
6138,train
6139,train
6140,train
6141,train
6142,train
6143,train
6144,train
6145,train
6146,train
6147,train
6148,train
6149,train
6150,train
6151,train
6152,train
6153,train
6154,train
6155,train
6156,train
6157,train
6158,train
6159,train
6160,train
6161,train
6162,train
6163,train
6164,train
6165,train
6166,train
6167,train
6168,train
6169,train
6170,train
6171,train
6172,train
6173,train
6174,train
6175,train
6176,train
6177,train
6178,train
6179,train
6180,train
6181,train
6182,train
6183,train
6184,train
6185,train
6186,train
6187,train
6188,train
6189,train
6190,train
6191,train
6192,train
6193,train
6194,train
6195,train
6196,train
6197,train
6198,train
6199,train
6200,train
6201,train
6202,train
6203,train
6204,train
6205,train
6206,train
6207,train
6208,train
6209,train
6210,train
6211,train
6212,train
6213,train
6214,train
6215,train
6216,train
6217,train
6218,train
6219,train
6220,train
6221,train
6222,train
6223,train
6224,train
6225,train
6226,train
6227,train
6228,train
6229,train
6230,train
6231,train
6232,train
6233,train
6234,train
6235,train
6236,train
6237,train
6238,train
6239,train
6240,train
6241,train
6242,train
6243,train
6244,train
6245,train
6246,train
6247,train
6248,train
6249,train
6250,train
6251,train
6252,train
6253,train
6254,train
6255,train
6256,train
6257,train
6258,train
6259,train
6260,train
6261,train
6262,train
6263,train
6264,train
6265,train
6266,train
6267,train
6268,train
6269,train
6270,train
6271,train
6272,train
6273,train
6274,train
6275,train
6276,train
6277,train
6278,train
6279,train
6280,train
6281,train
6282,train
6283,train
6284,train
6285,train
6286,train
6287,train
6288,train
6289,train
6290,train
6291,train
6292,train
6293,train
6294,train
6295,train
6296,train
6297,train
6298,train
6299,train
6300,train
6301,train
6302,train
6303,train
6304,train
6305,train
6306,train
6307,train
6308,train
6309,train
6310,train
6311,train
6312,train
6313,train
6314,train
6315,train
6316,train
6317,train
6318,train
6319,train
6320,train
6321,train
6322,train
6323,train
6324,train
6325,train
6326,train
6327,train
6328,train
6329,train
6330,train
6331,train
6332,train
6333,train
6334,train
6335,train
6336,train
6337,train
6338,train
6339,train
6340,train
6341,train
6342,train
6343,train
6344,train
6345,train
6346,train
6347,train
6348,train
6349,train
6350,train
6351,train
6352,train
6353,train
6354,train
6355,train
6356,train
6357,train
6358,train
6359,train
6360,train
6361,train
6362,train
6363,train
6364,train
6365,train
6366,train
6367,train
6368,train
6369,train
6370,train
6371,train
6372,train
6373,train
6374,train
6375,train
6376,train
6377,train
6378,train
6379,train
6380,train
6381,train
6382,train
6383,train
6384,train
6385,train
6386,train
6387,train
6388,train
6389,train
6390,train
6391,train
6392,train
6393,train
6394,train
6395,train
6396,train
6397,train
6398,train
6399,train
6400,train
6401,train
6402,train
6403,train
6404,train
6405,train
6406,train
6407,train
6408,train
6409,train
6410,train
6411,train
6412,train
6413,train
6414,train
6415,train
6416,train
6417,train
6418,train
6419,train
6420,train
6421,train
6422,train
6423,train
6424,train
6425,train
6426,train
6427,train
6428,train
6429,train
6430,train
6431,train
6432,train
6433,train
6434,train
6435,train
6436,train
6437,train
6438,train
6439,train
6440,train
6441,train
6442,train
6443,train
6444,train
6445,train
6446,train
6447,train
6448,train
6449,train
6450,train
6451,train
6452,train
6453,train
6454,train
6455,train
6456,train
6457,train
6458,train
6459,train
6460,train
6461,train
6462,train
6463,train
6464,train
6465,train
6466,train
6467,train
6468,train
6469,train
6470,train
6471,train
6472,train
6473,train
6474,train
6475,train
6476,train
6477,train
6478,train
6479,train
6480,train
6481,train
6482,train
6483,train
6484,train
6485,train
6486,train
6487,train
6488,train
6489,train
6490,train
6491,train
6492,train
6493,train
6494,train
6495,train
6496,train
6497,train
6498,train
6499,train
6500,train
6501,train
6502,train
6503,train
6504,train
6505,train
6506,train
6507,train
6508,train
6509,train
6510,train
6511,train
6512,train
6513,train
6514,train
6515,train
6516,train
6517,train
6518,train
6519,train
6520,train
6521,train
6522,train
6523,train
6524,train
6525,train
6526,train
6527,train
6528,train
6529,train
6530,train
6531,train
6532,train
6533,train
6534,train
6535,train
6536,train
6537,train
6538,train
6539,train
6540,train
6541,train
6542,train
6543,train
6544,train
6545,train
6546,train
6547,train
6548,train
6549,train
6550,train
6551,train
6552,train
6553,train
6554,train
6555,train
6556,train
6557,train
6558,train
6559,train
6560,train
6561,train
6562,train
6563,train
6564,train
6565,train
6566,train
6567,train
6568,train
6569,train
6570,train
6571,train
6572,train
6573,train
6574,train
6575,train
6576,train
6577,train
6578,train
6579,train
6580,train
6581,train
6582,train
6583,train
6584,train
6585,train
6586,train
6587,train
6588,train
6589,train
6590,train
6591,train
6592,train
6593,train
6594,train
6595,train
6596,train
6597,train
6598,train
6599,train
6600,train
6601,train
6602,train
6603,train
6604,train
6605,train
6606,train
6607,train
6608,train
6609,train
6610,train
6611,train
6612,train
6613,train
6614,train
6615,train
6616,train
6617,train
6618,train
6619,train
6620,train
6621,train
6622,train
6623,train
6624,train
6625,train
6626,train
6627,train
6628,train
6629,train
6630,train
6631,train
6632,train
6633,train
6634,train
6635,train
6636,train
6637,train
6638,train
6639,train
6640,train
6641,train
6642,train
6643,train
6644,train
6645,train
6646,train
6647,train
6648,train
6649,train
6650,train
6651,train
6652,train
6653,train
6654,train
6655,train
6656,train
6657,train
6658,train
6659,train
6660,train
6661,train
6662,train
6663,train
6664,train
6665,train
6666,train
6667,train
6668,train
6669,train
6670,train
6671,train
6672,train
6673,train
6674,train
6675,train
6676,train
6677,train
6678,train
6679,train
6680,train
6681,train
6682,train
6683,train
6684,train
6685,train
6686,train
6687,train
6688,train
6689,train
6690,train
6691,train
6692,train
6693,train
6694,train
6695,train
6696,train
6697,train
6698,train
6699,train
6700,train
6701,train
6702,train
6703,train
6704,train
6705,train
6706,train
6707,train
6708,train
6709,train
6710,train
6711,train
6712,train
6713,train
6714,train
6715,train
6716,train
6717,train
6718,train
6719,train
6720,train
6721,train
6722,train
6723,train
6724,train
6725,train
6726,train
6727,train
6728,train
6729,train
6730,train
6731,train
6732,train
6733,train
6734,train
6735,train
6736,train
6737,train
6738,train
6739,train
6740,train
6741,train
6742,train
6743,train
6744,train
6745,train
6746,train
6747,train
6748,train
6749,train
6750,train
6751,train
6752,train
6753,train
6754,train
6755,train
6756,train
6757,train
6758,train
6759,train
6760,train
6761,train
6762,train
6763,train
6764,train
6765,train
6766,train
6767,train
6768,train
6769,train
6770,train
6771,train
6772,train
6773,train
6774,train
6775,train
6776,train
6777,train
6778,train
6779,train
6780,train
6781,train
6782,train
6783,train
6784,train
6785,train
6786,train
6787,train
6788,train
6789,train
6790,train
6791,train
6792,train
6793,train
6794,train
6795,train
6796,train
6797,train
6798,train
6799,train
6800,train
6801,train
6802,train
6803,train
6804,train
6805,train
6806,train
6807,train
6808,train
6809,train
6810,train
6811,train
6812,train
6813,train
6814,train
6815,train
6816,train
6817,train
6818,train
6819,train
6820,train
6821,train
6822,train
6823,train
6824,train
6825,train
6826,train
6827,train
6828,train
6829,train
6830,train
6831,train
6832,train
6833,train
6834,train
6835,train
6836,train
6837,train
6838,train
6839,train
6840,train
6841,train
6842,train
6843,train
6844,train
6845,train
6846,train
6847,train
6848,train
6849,train
6850,train
6851,train
6852,train
6853,train
6854,train
6855,train
6856,train
6857,train
6858,train
6859,train
6860,train
6861,train
6862,train
6863,train
6864,train
6865,train
6866,train
6867,train
6868,train
6869,train
6870,train
6871,train
6872,train
6873,train
6874,train
6875,train
6876,train
6877,train
6878,train
6879,train
6880,train
6881,train
6882,train
6883,train
6884,train
6885,train
6886,train
6887,train
6888,train
6889,train
6890,train
6891,train
6892,train
6893,train
6894,train
6895,train
6896,train
6897,train
6898,train
6899,train
6900,train
6901,train
6902,train
6903,train
6904,train
6905,train
6906,train
6907,train
6908,train
6909,train
6910,train
6911,train
6912,train
6913,train
6914,train
6915,train
6916,train
6917,train
6918,train
6919,train
6920,train
6921,train
6922,train
6923,train
6924,train
6925,train
6926,train
6927,train
6928,train
6929,train
6930,train
6931,train
6932,train
6933,train
6934,train
6935,train
6936,train
6937,train
6938,train
6939,train
6940,train
6941,train
6942,train
6943,train
6944,train
6945,train
6946,train
6947,train
6948,train
6949,train
6950,train
6951,train
6952,train
6953,train
6954,train
6955,train
6956,train
6957,train
6958,train
6959,train
6960,train
6961,train
6962,train
6963,train
6964,train
6965,train
6966,train
6967,train
6968,train
6969,train
6970,train
6971,train
6972,train
6973,train
6974,train
6975,train
6976,train
6977,train
6978,train
6979,train
6980,train
6981,train
6982,train
6983,train
6984,train
6985,train
6986,train
6987,train
6988,train
6989,train
6990,train
6991,train
6992,train
6993,train
6994,train
6995,train
6996,train
6997,train
6998,train
6999,train
7000,train
7001,train
7002,train
7003,train
7004,train
7005,train
7006,train
7007,train
7008,train
7009,train
7010,train
7011,train
7012,train
7013,train
7014,train
7015,train
7016,train
7017,train
7018,train
7019,train
7020,train
7021,train
7022,train
7023,train
7024,train
7025,train
7026,train
7027,train
7028,train
7029,train
7030,train
7031,train
7032,train
7033,train
7034,train
7035,train
7036,train
7037,train
7038,train
7039,train
7040,train
7041,train
7042,train
7043,train
7044,train
7045,train
7046,train
7047,train
7048,train
7049,train
7050,train
7051,train
7052,train
7053,train
7054,train
7055,train
7056,train
7057,train
7058,train
7059,train
7060,train
7061,train
7062,train
7063,train
7064,train
7065,train
7066,train
7067,train
7068,train
7069,train
7070,train
7071,train
7072,train
7073,train
7074,train
7075,train
7076,train
7077,train
7078,train
7079,train
7080,train
7081,train
7082,train
7083,train
7084,train
7085,train
7086,train
7087,train
7088,train
7089,train
7090,train
7091,train
7092,train
7093,train
7094,train
7095,train
7096,train
7097,train
7098,train
7099,train
7100,train
7101,train
7102,train
7103,train
7104,train
7105,train
7106,train
7107,train
7108,train
7109,train
7110,train
7111,train
7112,train
7113,train
7114,train
7115,train
7116,train
7117,train
7118,train
7119,train
7120,train
7121,train
7122,train
7123,train
7124,train
7125,train
7126,train
7127,train
7128,train
7129,train
7130,train
7131,train
7132,train
7133,train
7134,train
7135,train
7136,train
7137,train
7138,train
7139,train
7140,train
7141,train
7142,train
7143,train
7144,train
7145,train
7146,train
7147,train
7148,train
7149,train
7150,train
7151,train
7152,train
7153,train
7154,train
7155,train
7156,train
7157,train
7158,train
7159,train
7160,train
7161,train
7162,train
7163,train
7164,train
7165,train
7166,train
7167,train
7168,train
7169,train
7170,train
7171,train
7172,train
7173,train
7174,train
7175,train
7176,train
7177,train
7178,train
7179,train
7180,train
7181,train
7182,train
7183,train
7184,train
7185,train
7186,train
7187,train
7188,train
7189,train
7190,train
7191,train
7192,train
7193,train
7194,train
7195,train
7196,train
7197,train
7198,train
7199,train
7200,train
7201,train
7202,train
7203,train
7204,train
7205,train
7206,train
7207,train
7208,train
7209,train
7210,train
7211,train
7212,train
7213,train
7214,train
7215,train
7216,train
7217,train
7218,train
7219,train
7220,train
7221,train
7222,train
7223,train
7224,train
7225,train
7226,train
7227,train
7228,train
7229,train
7230,train
7231,train
7232,train
7233,train
7234,train
7235,train
7236,train
7237,train
7238,train
7239,train
7240,train
7241,train
7242,train
7243,train
7244,train
7245,train
7246,train
7247,train
7248,train
7249,train
7250,train
7251,train
7252,train
7253,train
7254,train
7255,train
7256,train
7257,train
7258,train
7259,train
7260,train
7261,train
7262,train
7263,train
7264,train
7265,train
7266,train
7267,train
7268,train
7269,train
7270,train
7271,train
7272,train
7273,train
7274,train
7275,train
7276,train
7277,train
7278,train
7279,train
7280,train
7281,train
7282,train
7283,train
7284,train
7285,train
7286,train
7287,train
7288,train
7289,train
7290,train
7291,train
7292,train
7293,train
7294,train
7295,train
7296,train
7297,train
7298,train
7299,train
7300,train
7301,train
7302,train
7303,train
7304,train
7305,train
7306,train
7307,train
7308,train
7309,train
7310,train
7311,train
7312,train
7313,train
7314,train
7315,train
7316,train
7317,train
7318,train
7319,train
7320,train
7321,train
7322,train
7323,train
7324,train
7325,train
7326,train
7327,train
7328,train
7329,train
7330,train
7331,train
7332,train
7333,train
7334,train
7335,train
7336,train
7337,train
7338,train
7339,train
7340,train
7341,train
7342,train
7343,train
7344,train
7345,train
7346,train
7347,train
7348,train
7349,train
7350,train
7351,train
7352,train
7353,train
7354,train
7355,train
7356,train
7357,train
7358,train
7359,train
7360,train
7361,train
7362,train
7363,train
7364,train
7365,train
7366,train
7367,train
7368,train
7369,train
7370,train
7371,train
7372,train
7373,train
7374,train
7375,train
7376,train
7377,train
7378,train
7379,train
7380,train
7381,train
7382,train
7383,train
7384,train
7385,train
7386,train
7387,train
7388,train
7389,train
7390,train
7391,train
7392,train
7393,train
7394,train
7395,train
7396,train
7397,train
7398,train
7399,train
7400,train
7401,train
7402,train
7403,train
7404,train
7405,train
7406,train
7407,train
7408,train
7409,train
7410,train
7411,train
7412,train
7413,train
7414,train
7415,train
7416,train
7417,train
7418,train
7419,train
7420,train
7421,train
7422,train
7423,train
7424,train
7425,train
7426,train
7427,train
7428,train
7429,train
7430,train
7431,train
7432,train
7433,train
7434,train
7435,train
7436,train
7437,train
7438,train
7439,train
7440,train
7441,train
7442,train
7443,train
7444,train
7445,train
7446,train
7447,train
7448,train
7449,train
7450,train
7451,train
7452,train
7453,train
7454,train
7455,train
7456,train
7457,train
7458,train
7459,train
7460,train
7461,train
7462,train
7463,train
7464,train
7465,train
7466,train
7467,train
7468,train
7469,train
7470,train
7471,train
7472,train
7473,train
7474,train
7475,train
7476,train
7477,train
7478,train
7479,train
7480,train
7481,train
7482,train
7483,train
7484,train
7485,train
7486,train
7487,train
7488,train
7489,train
7490,train
7491,train
7492,train
7493,train
7494,train
7495,train
7496,train
7497,train
7498,train
7499,train
7500,train
7501,train
7502,train
7503,train
7504,train
7505,train
7506,train
7507,train
7508,train
7509,train
7510,train
7511,train
7512,train
7513,train
7514,train
7515,train
7516,train
7517,train
7518,train
7519,train
7520,train
7521,train
7522,train
7523,train
7524,train
7525,train
7526,train
7527,train
7528,train
7529,train
7530,train
7531,train
7532,train
7533,train
7534,train
7535,train
7536,train
7537,train
7538,train
7539,train
7540,train
7541,train
7542,train
7543,train
7544,train
7545,train
7546,train
7547,train
7548,train
7549,train
7550,train
7551,train
7552,train
7553,train
7554,train
7555,train
7556,train
7557,train
7558,train
7559,train
7560,train
7561,train
7562,train
7563,train
7564,train
7565,train
7566,train
7567,train
7568,train
7569,train
7570,train
7571,train
7572,train
7573,train
7574,train
7575,train
7576,train
7577,train
7578,train
7579,train
7580,train
7581,train
7582,train
7583,train
7584,train
7585,train
7586,train
7587,train
7588,train
7589,train
7590,train
7591,train
7592,train
7593,train
7594,train
7595,train
7596,train
7597,train
7598,train
7599,train
7600,train
7601,train
7602,train
7603,train
7604,train
7605,train
7606,train
7607,train
7608,train
7609,train
7610,train
7611,train
7612,train
7613,train
7614,train
7615,train
7616,train
7617,train
7618,train
7619,train
7620,train
7621,train
7622,train
7623,train
7624,train
7625,train
7626,train
7627,train
7628,train
7629,train
7630,train
7631,train
7632,train
7633,train
7634,train
7635,train
7636,train
7637,train
7638,train
7639,train
7640,train
7641,train
7642,train
7643,train
7644,train
7645,train
7646,train
7647,train
7648,train
7649,train
7650,train
7651,train
7652,train
7653,train
7654,train
7655,train
7656,train
7657,train
7658,train
7659,train
7660,train
7661,train
7662,train
7663,train
7664,train
7665,train
7666,train
7667,train
7668,train
7669,train
7670,train
7671,train
7672,train
7673,train
7674,train
7675,train
7676,train
7677,train
7678,train
7679,train
7680,train
7681,train
7682,train
7683,train
7684,train
7685,train
7686,train
7687,train
7688,train
7689,train
7690,train
7691,train
7692,train
7693,train
7694,train
7695,train
7696,train
7697,train
7698,train
7699,train
7700,train
7701,train
7702,train
7703,train
7704,train
7705,train
7706,train
7707,train
7708,train
7709,train
7710,train
7711,train
7712,train
7713,train
7714,train
7715,train
7716,train
7717,train
7718,train
7719,train
7720,train
7721,train
7722,train
7723,train
7724,train
7725,train
7726,train
7727,train
7728,train
7729,train
7730,train
7731,train
7732,train
7733,train
7734,train
7735,train
7736,train
7737,train
7738,train
7739,train
7740,train
7741,train
7742,train
7743,train
7744,train
7745,train
7746,train
7747,train
7748,train
7749,train
7750,train
7751,train
7752,train
7753,train
7754,train
7755,train
7756,train
7757,train
7758,train
7759,train
7760,train
7761,train
7762,train
7763,train
7764,train
7765,train
7766,train
7767,train
7768,train
7769,train
7770,train
7771,train
7772,train
7773,train
7774,train
7775,train
7776,train
7777,train
7778,train
7779,train
7780,train
7781,train
7782,train
7783,train
7784,train
7785,train
7786,train
7787,train
7788,train
7789,train
7790,train
7791,train
7792,train
7793,train
7794,train
7795,train
7796,train
7797,train
7798,train
7799,train
7800,train
7801,train
7802,train
7803,train
7804,train
7805,train
7806,train
7807,train
7808,train
7809,train
7810,train
7811,train
7812,train
7813,train
7814,train
7815,train
7816,train
7817,train
7818,train
7819,train
7820,train
7821,train
7822,train
7823,train
7824,train
7825,train
7826,train
7827,train
7828,train
7829,train
7830,train
7831,train
7832,train
7833,train
7834,train
7835,train
7836,train
7837,train
7838,train
7839,train
7840,train
7841,train
7842,train
7843,train
7844,train
7845,train
7846,train
7847,train
7848,train
7849,train
7850,train
7851,train
7852,train
7853,train
7854,train
7855,train
7856,train
7857,train
7858,train
7859,train
7860,train
7861,train
7862,train
7863,train
7864,train
7865,train
7866,train
7867,train
7868,train
7869,train
7870,train
7871,train
7872,train
7873,train
7874,train
7875,train
7876,train
7877,train
7878,train
7879,train
7880,train
7881,train
7882,train
7883,train
7884,train
7885,train
7886,train
7887,train
7888,train
7889,train
7890,train
7891,train
7892,train
7893,train
7894,train
7895,train
7896,train
7897,train
7898,train
7899,train
7900,train
7901,train
7902,train
7903,train
7904,train
7905,train
7906,train
7907,train
7908,train
7909,train
7910,train
7911,train
7912,train
7913,train
7914,train
7915,train
7916,train
7917,train
7918,train
7919,train
7920,train
7921,train
7922,train
7923,train
7924,train
7925,train
7926,train
7927,train
7928,train
7929,train
7930,train
7931,train
7932,train
7933,train
7934,train
7935,train
7936,train
7937,train
7938,train
7939,train
7940,train
7941,train
7942,train
7943,train
7944,train
7945,train
7946,train
7947,train
7948,train
7949,train
7950,train
7951,train
7952,train
7953,train
7954,train
7955,train
7956,train
7957,train
7958,train
7959,train
7960,train
7961,train
7962,train
7963,train
7964,train
7965,train
7966,train
7967,train
7968,train
7969,train
7970,train
7971,train
7972,train
7973,train
7974,train
7975,train
7976,train
7977,train
7978,train
7979,train
7980,train
7981,train
7982,train
7983,train
7984,train
7985,train
7986,train
7987,train
7988,train
7989,train
7990,train
7991,train
7992,train
7993,train
7994,train
7995,train
7996,train
7997,train
7998,train
7999,train
8000,train
8001,train
8002,train
8003,train
8004,train
8005,train
8006,train
8007,train
8008,train
8009,train
8010,train
8011,train
8012,train
8013,train
8014,train
8015,train
8016,train
8017,train
8018,train
8019,train
8020,train
8021,train
8022,train
8023,train
8024,train
8025,train
8026,train
8027,train
8028,train
8029,train
8030,train
8031,train
8032,train
8033,train
8034,train
8035,train
8036,train
8037,train
8038,train
8039,train
8040,train
8041,train
8042,train
8043,train
8044,train
8045,train
8046,train
8047,train
8048,train
8049,train
8050,train
8051,train
8052,train
8053,train
8054,train
8055,train
8056,train
8057,train
8058,train
8059,train
8060,train
8061,train
8062,train
8063,train
8064,train
8065,train
8066,train
8067,train
8068,train
8069,train
8070,train
8071,train
8072,train
8073,train
8074,train
8075,train
8076,train
8077,train
8078,train
8079,train
8080,train
8081,train
8082,train
8083,train
8084,train
8085,train
8086,train
8087,train
8088,train
8089,train
8090,train
8091,train
8092,train
8093,train
8094,train
8095,train
8096,train
8097,train
8098,train
8099,train
8100,train
8101,train
8102,train
8103,train
8104,train
8105,train
8106,train
8107,train
8108,train
8109,train
8110,train
8111,train
8112,train
8113,train
8114,train
8115,train
8116,train
8117,train
8118,train
8119,train
8120,train
8121,train
8122,train
8123,train
8124,train
8125,train
8126,train
8127,train
8128,train
8129,train
8130,train
8131,train
8132,train
8133,train
8134,train
8135,train
8136,train
8137,train
8138,train
8139,train
8140,train
8141,train
8142,train
8143,train
8144,train
8145,train
8146,train
8147,train
8148,train
8149,train
8150,train
8151,train
8152,train
8153,train
8154,train
8155,train
8156,train
8157,train
8158,train
8159,train
8160,train
8161,train
8162,train
8163,train
8164,train
8165,train
8166,train
8167,train
8168,train
8169,train
8170,train
8171,train
8172,train
8173,train
8174,train
8175,train
8176,train
8177,train
8178,train
8179,train
8180,train
8181,train
8182,train
8183,train
8184,train
8185,train
8186,train
8187,train
8188,train
8189,train
8190,train
8191,train
8192,train
8193,train
8194,train
8195,train
8196,train
8197,train
8198,train
8199,train
8200,train
8201,train
8202,train
8203,train
8204,train
8205,train
8206,train
8207,train
8208,train
8209,train
8210,train
8211,train
8212,train
8213,train
8214,train
8215,train
8216,train
8217,train
8218,train
8219,train
8220,train
8221,train
8222,train
8223,train
8224,train
8225,train
8226,train
8227,train
8228,train
8229,train
8230,train
8231,train
8232,train
8233,train
8234,train
8235,train
8236,train
8237,train
8238,train
8239,train
8240,train
8241,train
8242,train
8243,train
8244,train
8245,train
8246,train
8247,train
8248,train
8249,train
8250,train
8251,train
8252,train
8253,train
8254,train
8255,train
8256,train
8257,train
8258,train
8259,train
8260,train
8261,train
8262,train
8263,train
8264,train
8265,train
8266,train
8267,train
8268,train
8269,train
8270,train
8271,train
8272,train
8273,train
8274,train
8275,train
8276,train
8277,train
8278,train
8279,train
8280,train
8281,train
8282,train
8283,train
8284,train
8285,train
8286,train
8287,train
8288,train
8289,train
8290,train
8291,train
8292,train
8293,train
8294,train
8295,train
8296,train
8297,train
8298,train
8299,train
8300,train
8301,train
8302,train
8303,train
8304,train
8305,train
8306,train
8307,train
8308,train
8309,train
8310,train
8311,train
8312,train
8313,train
8314,train
8315,train
8316,train
8317,train
8318,train
8319,train
8320,train
8321,train
8322,train
8323,train
8324,train
8325,train
8326,train
8327,train
8328,train
8329,train
8330,train
8331,train
8332,train
8333,train
8334,train
8335,train
8336,train
8337,train
8338,train
8339,train
8340,train
8341,train
8342,train
8343,train
8344,train
8345,train
8346,train
8347,train
8348,train
8349,train
8350,train
8351,train
8352,train
8353,train
8354,train
8355,train
8356,train
8357,train
8358,train
8359,train
8360,train
8361,train
8362,train
8363,train
8364,train
8365,train
8366,train
8367,train
8368,train
8369,train
8370,train
8371,train
8372,train
8373,train
8374,train
8375,train
8376,train
8377,train
8378,train
8379,train
8380,train
8381,train
8382,train
8383,train
8384,train
8385,train
8386,train
8387,train
8388,train
8389,train
8390,train
8391,train
8392,train
8393,train
8394,train
8395,train
8396,train
8397,train
8398,train
8399,train
8400,train
8401,train
8402,train
8403,train
8404,train
8405,train
8406,train
8407,train
8408,train
8409,train
8410,train
8411,train
8412,train
8413,train
8414,train
8415,train
8416,train
8417,train
8418,train
8419,train
8420,train
8421,train
8422,train
8423,train
8424,train
8425,train
8426,train
8427,train
8428,train
8429,train
8430,train
8431,train
8432,train
8433,train
8434,train
8435,train
8436,train
8437,train
8438,train
8439,train
8440,train
8441,train
8442,train
8443,train
8444,train
8445,train
8446,train
8447,train
8448,train
8449,train
8450,train
8451,train
8452,train
8453,train
8454,train
8455,train
8456,train
8457,train
8458,train
8459,train
8460,train
8461,train
8462,train
8463,train
8464,train
8465,train
8466,train
8467,train
8468,train
8469,train
8470,train
8471,train
8472,train
8473,train
8474,train
8475,train
8476,train
8477,train
8478,train
8479,train
8480,train
8481,train
8482,train
8483,train
8484,train
8485,train
8486,train
8487,train
8488,train
8489,train
8490,train
8491,train
8492,train
8493,train
8494,train
8495,train
8496,train
8497,train
8498,train
8499,train
8500,train
8501,train
8502,train
8503,train
8504,train
8505,train
8506,train
8507,train
8508,train
8509,train
8510,train
8511,train
8512,train
8513,train
8514,train
8515,train
8516,train
8517,train
8518,train
8519,train
8520,train
8521,train
8522,train
8523,train
8524,train
8525,train
8526,train
8527,train
8528,train
8529,train
8530,train
8531,train
8532,train
8533,train
8534,train
8535,train
8536,train
8537,train
8538,train
8539,train
8540,train
8541,train
8542,train
8543,train
8544,train
8545,train
8546,train
8547,train
8548,train
8549,train
8550,train
8551,train
8552,train
8553,train
8554,train
8555,train
8556,train
8557,train
8558,train
8559,train
8560,train
8561,train
8562,train
8563,train
8564,train
8565,train
8566,train
8567,train
8568,train
8569,train
8570,train
8571,train
8572,train
8573,train
8574,train
8575,train
8576,train
8577,train
8578,train
8579,train
8580,train
8581,train
8582,train
8583,train
8584,train
8585,train
8586,train
8587,train
8588,train
8589,train
8590,train
8591,train
8592,train
8593,train
8594,train
8595,train
8596,train
8597,train
8598,train
8599,train
8600,train
8601,train
8602,train
8603,train
8604,train
8605,train
8606,train
8607,train
8608,train
8609,train
8610,train
8611,train
8612,train
8613,train
8614,train
8615,train
8616,train
8617,train
8618,train
8619,train
8620,train
8621,train
8622,train
8623,train
8624,train
8625,train
8626,train
8627,train
8628,train
8629,train
8630,train
8631,train
8632,train
8633,train
8634,train
8635,train
8636,train
8637,train
8638,train
8639,train
8640,train
8641,train
8642,train
8643,train
8644,train
8645,train
8646,train
8647,train
8648,train
8649,train
8650,train
8651,train
8652,train
8653,train
8654,train
8655,train
8656,train
8657,train
8658,train
8659,train
8660,train
8661,train
8662,train
8663,train
8664,train
8665,train
8666,train
8667,train
8668,train
8669,train
8670,train
8671,train
8672,train
8673,train
8674,train
8675,train
8676,train
8677,train
8678,train
8679,train
8680,train
8681,train
8682,train
8683,train
8684,train
8685,train
8686,train
8687,train
8688,train
8689,train
8690,train
8691,train
8692,train
8693,train
8694,train
8695,train
8696,train
8697,train
8698,train
8699,train
8700,train
8701,train
8702,train
8703,train
8704,train
8705,train
8706,train
8707,train
8708,train
8709,train
8710,train
8711,train
8712,train
8713,train
8714,train
8715,train
8716,train
8717,train
8718,train
8719,train
8720,train
8721,train
8722,train
8723,train
8724,train
8725,train
8726,train
8727,train
8728,train
8729,train
8730,train
8731,train
8732,train
8733,train
8734,train
8735,train
8736,train
8737,train
8738,train
8739,train
8740,train
8741,train
8742,train
8743,train
8744,train
8745,train
8746,train
8747,train
8748,train
8749,train
8750,train
8751,train
8752,train
8753,train
8754,train
8755,train
8756,train
8757,train
8758,train
8759,train
8760,train
8761,train
8762,train
8763,train
8764,train
8765,train
8766,train
8767,train
8768,train
8769,train
8770,train
8771,train
8772,train
8773,train
8774,train
8775,train
8776,train
8777,train
8778,train
8779,train
8780,train
8781,train
8782,train
8783,train
8784,train
8785,train
8786,train
8787,train
8788,train
8789,train
8790,train
8791,train
8792,train
8793,train
8794,train
8795,train
8796,train
8797,train
8798,train
8799,train
8800,train
8801,train
8802,train
8803,train
8804,train
8805,train
8806,train
8807,train
8808,train
8809,train
8810,train
8811,train
8812,train
8813,train
8814,train
8815,train
8816,train
8817,train
8818,train
8819,train
8820,train
8821,train
8822,train
8823,train
8824,train
8825,train
8826,train
8827,train
8828,train
8829,train
8830,train
8831,train
8832,train
8833,train
8834,train
8835,train
8836,train
8837,train
8838,train
8839,train
8840,train
8841,train
8842,train
8843,train
8844,train
8845,train
8846,train
8847,train
8848,train
8849,train
8850,train
8851,train
8852,train
8853,train
8854,train
8855,train
8856,train
8857,train
8858,train
8859,train
8860,train
8861,train
8862,train
8863,train
8864,train
8865,train
8866,train
8867,train
8868,train
8869,train
8870,train
8871,train
8872,train
8873,train
8874,train
8875,train
8876,train
8877,train
8878,train
8879,train
8880,train
8881,train
8882,train
8883,train
8884,train
8885,train
8886,train
8887,train
8888,train
8889,train
8890,train
8891,train
8892,train
8893,train
8894,train
8895,train
8896,train
8897,train
8898,train
8899,train
8900,train
8901,train
8902,train
8903,train
8904,train
8905,train
8906,train
8907,train
8908,train
8909,train
8910,train
8911,train
8912,train
8913,train
8914,train
8915,train
8916,train
8917,train
8918,train
8919,train
8920,train
8921,train
8922,train
8923,train
8924,train
8925,train
8926,train
8927,train
8928,train
8929,train
8930,train
8931,train
8932,train
8933,train
8934,train
8935,train
8936,train
8937,train
8938,train
8939,train
8940,train
8941,train
8942,train
8943,train
8944,train
8945,train
8946,train
8947,train
8948,train
8949,train
8950,train
8951,train
8952,train
8953,train
8954,train
8955,train
8956,train
8957,train
8958,train
8959,train
8960,train
8961,train
8962,train
8963,train
8964,train
8965,train
8966,train
8967,train
8968,train
8969,train
8970,train
8971,train
8972,train
8973,train
8974,train
8975,train
8976,train
8977,train
8978,train
8979,train
8980,train
8981,train
8982,train
8983,train
8984,train
8985,train
8986,train
8987,train
8988,train
8989,train
8990,train
8991,train
8992,train
8993,train
8994,train
8995,train
8996,train
8997,train
8998,train
8999,train
9000,train
9001,train
9002,train
9003,train
9004,train
9005,train
9006,train
9007,train
9008,train
9009,train
9010,train
9011,train
9012,train
9013,train
9014,train
9015,train
9016,train
9017,train
9018,train
9019,train
9020,train
9021,train
9022,train
9023,train
9024,train
9025,train
9026,train
9027,train
9028,train
9029,train
9030,train
9031,train
9032,train
9033,train
9034,train
9035,train
9036,train
9037,train
9038,train
9039,train
9040,train
9041,train
9042,train
9043,train
9044,train
9045,train
9046,train
9047,train
9048,train
9049,train
9050,train
9051,train
9052,train
9053,train
9054,train
9055,train
9056,train
9057,train
9058,train
9059,train
9060,train
9061,train
9062,train
9063,train
9064,train
9065,train
9066,train
9067,train
9068,train
9069,train
9070,train
9071,train
9072,train
9073,train
9074,train
9075,train
9076,train
9077,train
9078,train
9079,train
9080,train
9081,train
9082,train
9083,train
9084,train
9085,train
9086,train
9087,train
9088,train
9089,train
9090,train
9091,train
9092,train
9093,train
9094,train
9095,train
9096,train
9097,train
9098,train
9099,train
9100,train
9101,train
9102,train
9103,train
9104,train
9105,train
9106,train
9107,train
9108,train
9109,train
9110,train
9111,train
9112,train
9113,train
9114,train
9115,train
9116,train
9117,train
9118,train
9119,train
9120,train
9121,train
9122,train
9123,train
9124,train
9125,train
9126,train
9127,train
9128,train
9129,train
9130,train
9131,train
9132,train
9133,train
9134,train
9135,train
9136,train
9137,train
9138,train
9139,train
9140,train
9141,train
9142,train
9143,train
9144,train
9145,train
9146,train
9147,train
9148,train
9149,train
9150,train
9151,train
9152,train
9153,train
9154,train
9155,train
9156,train
9157,train
9158,train
9159,train
9160,train
9161,train
9162,train
9163,train
9164,train
9165,train
9166,train
9167,train
9168,train
9169,train
9170,train
9171,train
9172,train
9173,train
9174,train
9175,train
9176,train
9177,train
9178,train
9179,train
9180,train
9181,train
9182,train
9183,train
9184,train
9185,train
9186,train
9187,train
9188,train
9189,train
9190,train
9191,train
9192,train
9193,train
9194,train
9195,train
9196,train
9197,train
9198,train
9199,train
9200,train
9201,train
9202,train
9203,train
9204,train
9205,train
9206,train
9207,train
9208,train
9209,train
9210,train
9211,train
9212,train
9213,train
9214,train
9215,train
9216,train
9217,train
9218,train
9219,train
9220,train
9221,train
9222,train
9223,train
9224,train
9225,train
9226,train
9227,train
9228,train
9229,train
9230,train
9231,train
9232,train
9233,train
9234,train
9235,train
9236,train
9237,train
9238,train
9239,train
9240,train
9241,train
9242,train
9243,train
9244,train
9245,train
9246,train
9247,train
9248,train
9249,train
9250,train
9251,train
9252,train
9253,train
9254,train
9255,train
9256,train
9257,train
9258,train
9259,train
9260,train
9261,train
9262,train
9263,train
9264,train
9265,train
9266,train
9267,train
9268,train
9269,train
9270,train
9271,train
9272,train
9273,train
9274,train
9275,train
9276,train
9277,train
9278,train
9279,train
9280,train
9281,train
9282,train
9283,train
9284,train
9285,train
9286,train
9287,train
9288,train
9289,train
9290,train
9291,train
9292,train
9293,train
9294,train
9295,train
9296,train
9297,train
9298,train
9299,train
9300,train
9301,train
9302,train
9303,train
9304,train
9305,train
9306,train
9307,train
9308,train
9309,train
9310,train
9311,train
9312,train
9313,train
9314,train
9315,train
9316,train
9317,train
9318,train
9319,train
9320,train
9321,train
9322,train
9323,train
9324,train
9325,train
9326,train
9327,train
9328,train
9329,train
9330,train
9331,train
9332,train
9333,train
9334,train
9335,train
9336,train
9337,train
9338,train
9339,train
9340,train
9341,train
9342,train
9343,train
9344,train
9345,train
9346,train
9347,train
9348,train
9349,train
9350,train
9351,train
9352,train
9353,train
9354,train
9355,train
9356,train
9357,train
9358,train
9359,train
9360,train
9361,train
9362,train
9363,train
9364,train
9365,train
9366,train
9367,train
9368,train
9369,train
9370,train
9371,train
9372,train
9373,train
9374,train
9375,train
9376,train
9377,train
9378,train
9379,train
9380,train
9381,train
9382,train
9383,train
9384,train
9385,train
9386,train
9387,train
9388,train
9389,train
9390,train
9391,train
9392,train
9393,train
9394,train
9395,train
9396,train
9397,train
9398,train
9399,train
9400,train
9401,train
9402,train
9403,train
9404,train
9405,train
9406,train
9407,train
9408,train
9409,train
9410,train
9411,train
9412,train
9413,train
9414,train
9415,train
9416,train
9417,train
9418,train
9419,train
9420,train
9421,train
9422,train
9423,train
9424,train
9425,train
9426,train
9427,train
9428,train
9429,train
9430,train
9431,train
9432,train
9433,train
9434,train
9435,train
9436,train
9437,train
9438,train
9439,train
9440,train
9441,train
9442,train
9443,train
9444,train
9445,train
9446,train
9447,train
9448,train
9449,train
9450,train
9451,train
9452,train
9453,train
9454,train
9455,train
9456,train
9457,train
9458,train
9459,train
9460,train
9461,train
9462,train
9463,train
9464,train
9465,train
9466,train
9467,train
9468,train
9469,train
9470,train
9471,train
9472,train
9473,train
9474,train
9475,train
9476,train
9477,train
9478,train
9479,train
9480,train
9481,train
9482,train
9483,train
9484,train
9485,train
9486,train
9487,train
9488,train
9489,train
9490,train
9491,train
9492,train
9493,train
9494,train
9495,train
9496,train
9497,train
9498,train
9499,train
9500,train
9501,train
9502,train
9503,train
9504,train
9505,train
9506,train
9507,train
9508,train
9509,train
9510,train
9511,train
9512,train
9513,train
9514,train
9515,train
9516,train
9517,train
9518,train
9519,train
9520,train
9521,train
9522,train
9523,train
9524,train
9525,train
9526,train
9527,train
9528,train
9529,train
9530,train
9531,train
9532,train
9533,train
9534,train
9535,train
9536,train
9537,train
9538,train
9539,train
9540,train
9541,train
9542,train
9543,train
9544,train
9545,train
9546,train
9547,train
9548,train
9549,train
9550,train
9551,train
9552,train
9553,train
9554,train
9555,train
9556,train
9557,train
9558,train
9559,train
9560,train
9561,train
9562,train
9563,train
9564,train
9565,train
9566,train
9567,train
9568,train
9569,train
9570,train
9571,train
9572,train
9573,train
9574,train
9575,train
9576,train
9577,train
9578,train
9579,train
9580,train
9581,train
9582,train
9583,train
9584,train
9585,train
9586,train
9587,train
9588,train
9589,train
9590,train
9591,train
9592,train
9593,train
9594,train
9595,train
9596,train
9597,train
9598,train
9599,train
9600,train
9601,train
9602,train
9603,train
9604,train
9605,train
9606,train
9607,train
9608,train
9609,train
9610,train
9611,train
9612,train
9613,train
9614,train
9615,train
9616,train
9617,train
9618,train
9619,train
9620,train
9621,train
9622,train
9623,train
9624,train
9625,train
9626,train
9627,train
9628,train
9629,train
9630,train
9631,train
9632,train
9633,train
9634,train
9635,train
9636,train
9637,train
9638,train
9639,train
9640,train
9641,train
9642,train
9643,train
9644,train
9645,train
9646,train
9647,train
9648,train
9649,train
9650,train
9651,train
9652,train
9653,train
9654,train
9655,train
9656,train
9657,train
9658,train
9659,train
9660,train
9661,train
9662,train
9663,train
9664,train
9665,train
9666,train
9667,train
9668,train
9669,train
9670,train
9671,train
9672,train
9673,train
9674,train
9675,train
9676,train
9677,train
9678,train
9679,train
9680,train
9681,train
9682,train
9683,train
9684,train
9685,train
9686,train
9687,train
9688,train
9689,train
9690,train
9691,train
9692,train
9693,train
9694,train
9695,train
9696,train
9697,train
9698,train
9699,train
9700,train
9701,train
9702,train
9703,train
9704,train
9705,train
9706,train
9707,train
9708,train
9709,train
9710,train
9711,train
9712,train
9713,train
9714,train
9715,train
9716,train
9717,train
9718,train
9719,train
9720,train
9721,train
9722,train
9723,train
9724,train
9725,train
9726,train
9727,train
9728,train
9729,train
9730,train
9731,train
9732,train
9733,train
9734,train
9735,train
9736,train
9737,train
9738,train
9739,train
9740,train
9741,train
9742,train
9743,train
9744,train
9745,train
9746,train
9747,train
9748,train
9749,train
9750,train
9751,train
9752,train
9753,train
9754,train
9755,train
9756,train
9757,train
9758,train
9759,train
9760,train
9761,train
9762,train
9763,train
9764,train
9765,train
9766,train
9767,train
9768,train
9769,train
9770,train
9771,train
9772,train
9773,train
9774,train
9775,train
9776,train
9777,train
9778,train
9779,train
9780,train
9781,train
9782,train
9783,train
9784,train
9785,train
9786,train
9787,train
9788,train
9789,train
9790,train
9791,train
9792,train
9793,train
9794,train
9795,train
9796,train
9797,train
9798,train
9799,train
9800,train
9801,train
9802,train
9803,train
9804,train
9805,train
9806,train
9807,train
9808,train
9809,train
9810,train
9811,train
9812,train
9813,train
9814,train
9815,train
9816,train
9817,train
9818,train
9819,train
9820,train
9821,train
9822,train
9823,train
9824,train
9825,train
9826,train
9827,train
9828,train
9829,train
9830,train
9831,train
9832,train
9833,train
9834,train
9835,train
9836,train
9837,train
9838,train
9839,train
9840,train
9841,train
9842,train
9843,train
9844,train
9845,train
9846,train
9847,train
9848,train
9849,train
9850,train
9851,train
9852,train
9853,train
9854,train
9855,train
9856,train
9857,train
9858,train
9859,train
9860,train
9861,train
9862,train
9863,train
9864,train
9865,train
9866,train
9867,train
9868,train
9869,train
9870,train
9871,train
9872,train
9873,train
9874,train
9875,train
9876,train
9877,train
9878,train
9879,train
9880,train
9881,train
9882,train
9883,train
9884,train
9885,train
9886,train
9887,train
9888,train
9889,train
9890,train
9891,train
9892,train
9893,train
9894,train
9895,train
9896,train
9897,train
9898,train
9899,train
9900,train
9901,train
9902,train
9903,train
9904,train
9905,train
9906,train
9907,train
9908,train
9909,train
9910,train
9911,train
9912,train
9913,train
9914,train
9915,train
9916,train
9917,train
9918,train
9919,train
9920,train
9921,train
9922,train
9923,train
9924,train
9925,train
9926,train
9927,train
9928,train
9929,train
9930,train
9931,train
9932,train
9933,train
9934,train
9935,train
9936,train
9937,train
9938,train
9939,train
9940,train
9941,train
9942,train
9943,train
9944,train
9945,train
9946,train
9947,train
9948,train
9949,train
9950,train
9951,train
9952,train
9953,train
9954,train
9955,train
9956,train
9957,train
9958,train
9959,train
9960,train
9961,train
9962,train
9963,train
9964,train
9965,train
9966,train
9967,train
9968,train
9969,train
9970,train
9971,train
9972,train
9973,train
9974,train
9975,train
9976,train
9977,train
9978,train
9979,train
9980,train
9981,train
9982,train
9983,train
9984,train
9985,train
9986,train
9987,train
9988,train
9989,train
9990,train
9991,train
9992,train
9993,train
9994,train
9995,train
9996,train
9997,train
9998,train
9999,train
10000,train
10001,train
10002,train
10003,train
10004,train
10005,train
10006,train
10007,train
10008,train
10009,train
10010,train
10011,train
10012,train
10013,train
10014,train
10015,train
10016,train
10017,train
10018,train
10019,train
10020,train
10021,train
10022,train
10023,train
10024,train
10025,train
10026,train
10027,train
10028,train
10029,train
10030,train
10031,train
10032,train
10033,train
10034,train
10035,train
10036,train
10037,train
10038,train
10039,train
10040,train
10041,train
10042,train
10043,train
10044,train
10045,train
10046,train
10047,train
10048,train
10049,train
10050,train
10051,train
10052,train
10053,train
10054,train
10055,train
10056,train
10057,train
10058,train
10059,train
10060,train
10061,train
10062,train
10063,train
10064,train
10065,train
10066,train
10067,train
10068,train
10069,train
10070,train
10071,train
10072,train
10073,train
10074,train
10075,train
10076,train
10077,train
10078,train
10079,train
10080,train
10081,train
10082,train
10083,train
10084,train
10085,train
10086,train
10087,train
10088,train
10089,train
10090,train
10091,train
10092,train
10093,train
10094,train
10095,train
10096,train
10097,train
10098,train
10099,train
10100,train
10101,train
10102,train
10103,train
10104,train
10105,train
10106,train
10107,train
10108,train
10109,train
10110,train
10111,train
10112,train
10113,train
10114,train
10115,train
10116,train
10117,train
10118,train
10119,train
10120,train
10121,train
10122,train
10123,train
10124,train
10125,train
10126,train
10127,train
10128,train
10129,train
10130,train
10131,train
10132,train
10133,train
10134,train
10135,train
10136,train
10137,train
10138,train
10139,train
10140,train
10141,train
10142,train
10143,train
10144,train
10145,train
10146,train
10147,train
10148,train
10149,train
10150,train
10151,train
10152,train
10153,train
10154,train
10155,train
10156,train
10157,train
10158,train
10159,train
10160,train
10161,train
10162,train
10163,train
10164,train
10165,train
10166,train
10167,train
10168,train
10169,train
10170,train
10171,train
10172,train
10173,train
10174,train
10175,train
10176,train
10177,train
10178,train
10179,train
10180,train
10181,train
10182,train
10183,train
10184,train
10185,train
10186,train
10187,train
10188,train
10189,train
10190,train
10191,train
10192,train
10193,train
10194,train
10195,train
10196,train
10197,train
10198,train
10199,train
10200,train
10201,train
10202,train
10203,train
10204,train
10205,train
10206,train
10207,train
10208,train
10209,train
10210,train
10211,train
10212,train
10213,train
10214,train
10215,train
10216,train
10217,train
10218,train
10219,train
10220,train
10221,train
10222,train
10223,train
10224,train
10225,train
10226,train
10227,train
10228,train
10229,train
10230,train
10231,train
10232,train
10233,train
10234,train
10235,train
10236,train
10237,train
10238,train
10239,train
10240,train
10241,train
10242,train
10243,train
10244,train
10245,train
10246,train
10247,train
10248,train
10249,train
10250,train
10251,train
10252,train
10253,train
10254,train
10255,train
10256,train
10257,train
10258,train
10259,train
10260,train
10261,train
10262,train
10263,train
10264,train
10265,train
10266,train
10267,train
10268,train
10269,train
10270,train
10271,train
10272,train
10273,train
10274,train
10275,train
10276,train
10277,train
10278,train
10279,train
10280,train
10281,train
10282,train
10283,train
10284,train
10285,train
10286,train
10287,train
10288,train
10289,train
10290,train
10291,train
10292,train
10293,train
10294,train
10295,train
10296,train
10297,train
10298,train
10299,train
10300,train
10301,train
10302,train
10303,train
10304,train
10305,train
10306,train
10307,train
10308,train
10309,train
10310,train
10311,train
10312,train
10313,train
10314,train
10315,train
10316,train
10317,train
10318,train
10319,train
10320,train
10321,train
10322,train
10323,train
10324,train
10325,train
10326,train
10327,train
10328,train
10329,train
10330,train
10331,train
10332,train
10333,train
10334,train
10335,train
10336,train
10337,train
10338,train
10339,train
10340,train
10341,train
10342,train
10343,train
10344,train
10345,train
10346,train
10347,train
10348,train
10349,train
10350,train
10351,train
10352,train
10353,train
10354,train
10355,train
10356,train
10357,train
10358,train
10359,train
10360,train
10361,train
10362,train
10363,train
10364,train
10365,train
10366,train
10367,train
10368,train
10369,train
10370,train
10371,train
10372,train
10373,train
10374,train
10375,train
10376,train
10377,train
10378,train
10379,train
10380,train
10381,train
10382,train
10383,train
10384,train
10385,train
10386,train
10387,train
10388,train
10389,train
10390,train
10391,train
10392,train
10393,train
10394,train
10395,train
10396,train
10397,train
10398,train
10399,train
10400,train
10401,train
10402,train
10403,train
10404,train
10405,train
10406,train
10407,train
10408,train
10409,train
10410,train
10411,train
10412,train
10413,train
10414,train
10415,train
10416,train
10417,train
10418,train
10419,train
10420,train
10421,train
10422,train
10423,train
10424,train
10425,train
10426,train
10427,train
10428,train
10429,train
10430,train
10431,train
10432,train
10433,train
10434,train
10435,train
10436,train
10437,train
10438,train
10439,train
10440,train
10441,train
10442,train
10443,train
10444,train
10445,train
10446,train
10447,train
10448,train
10449,train
10450,train
10451,train
10452,train
10453,train
10454,train
10455,train
10456,train
10457,train
10458,train
10459,train
10460,train
10461,train
10462,train
10463,train
10464,train
10465,train
10466,train
10467,train
10468,train
10469,train
10470,train
10471,train
10472,train
10473,train
10474,train
10475,train
10476,train
10477,train
10478,train
10479,train
10480,train
10481,train
10482,train
10483,train
10484,train
10485,train
10486,train
10487,train
10488,train
10489,train
10490,train
10491,train
10492,train
10493,train
10494,train
10495,train
10496,train
10497,train
10498,train
10499,train
10500,train
10501,train
10502,train
10503,train
10504,train
10505,train
10506,train
10507,train
10508,train
10509,train
10510,train
10511,train
10512,train
10513,train
10514,train
10515,train
10516,train
10517,train
10518,train
10519,train
10520,train
10521,train
10522,train
10523,train
10524,train
10525,train
10526,train
10527,train
10528,train
10529,train
10530,train
10531,train
10532,train
10533,train
10534,train
10535,train
10536,train
10537,train
10538,train
10539,train
10540,train
10541,train
10542,train
10543,train
10544,train
10545,train
10546,train
10547,train
10548,train
10549,train
10550,train
10551,train
10552,train
10553,train
10554,train
10555,train
10556,train
10557,train
10558,train
10559,train
10560,train
10561,train
10562,train
10563,train
10564,train
10565,train
10566,train
10567,train
10568,train
10569,train
10570,train
10571,train
10572,train
10573,train
10574,train
10575,train
10576,train
10577,train
10578,train
10579,train
10580,train
10581,train
10582,train
10583,train
10584,train
10585,train
10586,train
10587,train
10588,train
10589,train
10590,train
10591,train
10592,train
10593,train
10594,train
10595,train
10596,train
10597,train
10598,train
10599,train
10600,train
10601,train
10602,train
10603,train
10604,train
10605,train
10606,train
10607,train
10608,train
10609,train
10610,train
10611,train
10612,train
10613,train
10614,train
10615,train
10616,train
10617,train
10618,train
10619,train
10620,train
10621,train
10622,train
10623,train
10624,train
10625,train
10626,train
10627,train
10628,train
10629,train
10630,train
10631,train
10632,train
10633,train
10634,train
10635,train
10636,train
10637,train
10638,train
10639,train
10640,train
10641,train
10642,train
10643,train
10644,train
10645,train
10646,train
10647,train
10648,train
10649,train
10650,train
10651,train
10652,train
10653,train
10654,train
10655,train
10656,train
10657,train
10658,train
10659,train
10660,train
10661,train
10662,train
10663,train
10664,train
10665,train
10666,train
10667,train
10668,train
10669,train
10670,train
10671,train
10672,train
10673,train
10674,train
10675,train
10676,train
10677,train
10678,train
10679,train
10680,train
10681,train
10682,train
10683,train
10684,train
10685,train
10686,train
10687,train
10688,train
10689,train
10690,train
10691,train
10692,train
10693,train
10694,train
10695,train
10696,train
10697,train
10698,train
10699,train
10700,train
10701,train
10702,train
10703,train
10704,train
10705,train
10706,train
10707,train
10708,train
10709,train
10710,train
10711,train
10712,train
10713,train
10714,train
10715,train
10716,train
10717,train
10718,train
10719,train
10720,train
10721,train
10722,train
10723,train
10724,train
10725,train
10726,train
10727,train
10728,train
10729,train
10730,train
10731,train
10732,train
10733,train
10734,train
10735,train
10736,train
10737,train
10738,train
10739,train
10740,train
10741,train
10742,train
10743,train
10744,train
10745,train
10746,train
10747,train
10748,train
10749,train
10750,train
10751,train
10752,train
10753,train
10754,train
10755,train
10756,train
10757,train
10758,train
10759,train
10760,train
10761,train
10762,train
10763,train
10764,train
10765,train
10766,train
10767,train
10768,train
10769,train
10770,train
10771,train
10772,train
10773,train
10774,train
10775,train
10776,train
10777,train
10778,train
10779,train
10780,train
10781,train
10782,train
10783,train
10784,train
10785,train
10786,train
10787,train
10788,train
10789,train
10790,train
10791,train
10792,train
10793,train
10794,train
10795,train
10796,train
10797,train
10798,train
10799,train
10800,train
10801,train
10802,train
10803,train
10804,train
10805,train
10806,train
10807,train
10808,train
10809,train
10810,train
10811,train
10812,train
10813,train
10814,train
10815,train
10816,train
10817,train
10818,train
10819,train
10820,train
10821,train
10822,train
10823,train
10824,train
10825,train
10826,train
10827,train
10828,train
10829,train
10830,train
10831,train
10832,train
10833,train
10834,train
10835,train
10836,train
10837,train
10838,train
10839,train
10840,train
10841,train
10842,train
10843,train
10844,train
10845,train
10846,train
10847,train
10848,train
10849,train
10850,train
10851,train
10852,train
10853,train
10854,train
10855,train
10856,train
10857,train
10858,train
10859,train
10860,train
10861,train
10862,train
10863,train
10864,train
10865,train
10866,train
10867,train
10868,train
10869,train
10870,train
10871,train
10872,train
10873,train
10874,train
10875,train
10876,train
10877,train
10878,train
10879,train
10880,train
10881,train
10882,train
10883,train
10884,train
10885,train
10886,train
10887,train
10888,train
10889,train
10890,train
10891,train
10892,train
10893,train
10894,train
10895,train
10896,train
10897,train
10898,train
10899,train
10900,train
10901,train
10902,train
10903,train
10904,train
10905,train
10906,train
10907,train
10908,train
10909,train
10910,train
10911,train
10912,train
10913,train
10914,train
10915,train
10916,train
10917,train
10918,train
10919,train
10920,train
10921,train
10922,train
10923,train
10924,train
10925,train
10926,train
10927,train
10928,train
10929,train
10930,train
10931,train
10932,train
10933,train
10934,train
10935,train
10936,train
10937,train
10938,train
10939,train
10940,train
10941,train
10942,train
10943,train
10944,train
10945,train
10946,train
10947,train
10948,train
10949,train
10950,train
10951,train
10952,train
10953,train
10954,train
10955,train
10956,train
10957,train
10958,train
10959,train
10960,train
10961,train
10962,train
10963,train
10964,train
10965,train
10966,train
10967,train
10968,train
10969,train
10970,train
10971,train
10972,train
10973,train
10974,train
10975,train
10976,train
10977,train
10978,train
10979,train
10980,train
10981,train
10982,train
10983,train
10984,train
10985,train
10986,train
10987,train
10988,train
10989,train
10990,train
10991,train
10992,train
10993,train
10994,train
10995,train
10996,train
10997,train
10998,train
10999,train
11000,train
11001,train
11002,train
11003,train
11004,train
11005,train
11006,train
11007,train
11008,train
11009,train
11010,train
11011,train
11012,train
11013,train
11014,train
11015,train
11016,train
11017,train
11018,train
11019,train
11020,train
11021,train
11022,train
11023,train
11024,train
11025,train
11026,train
11027,train
11028,train
11029,train
11030,train
11031,train
11032,train
11033,train
11034,train
11035,train
11036,train
11037,train
11038,train
11039,train
11040,train
11041,train
11042,train
11043,train
11044,train
11045,train
11046,train
11047,train
11048,train
11049,train
11050,train
11051,train
11052,train
11053,train
11054,train
11055,train
11056,train
11057,train
11058,train
11059,train
11060,train
11061,train
11062,train
11063,train
11064,train
11065,train
11066,train
11067,train
11068,train
11069,train
11070,train
11071,train
11072,train
11073,train
11074,train
11075,train
11076,train
11077,train
11078,train
11079,train
11080,train
11081,train
11082,train
11083,train
11084,train
11085,train
11086,train
11087,train
11088,train
11089,train
11090,train
11091,train
11092,train
11093,train
11094,train
11095,train
11096,train
11097,train
11098,train
11099,train
11100,train
11101,train
11102,train
11103,train
11104,train
11105,train
11106,train
11107,train
11108,train
11109,train
11110,train
11111,train
11112,train
11113,train
11114,train
11115,train
11116,train
11117,train
11118,train
11119,train
11120,train
11121,train
11122,train
11123,train
11124,train
11125,train
11126,train
11127,train
11128,train
11129,train
11130,train
11131,train
11132,train
11133,train
11134,train
11135,train
11136,train
11137,train
11138,train
11139,train
11140,train
11141,train
11142,train
11143,train
11144,train
11145,train
11146,train
11147,train
11148,train
11149,train
11150,train
11151,train
11152,train
11153,train
11154,train
11155,train
11156,train
11157,train
11158,train
11159,train
11160,train
11161,train
11162,train
11163,train
11164,train
11165,train
11166,train
11167,train
11168,train
11169,train
11170,train
11171,train
11172,train
11173,train
11174,train
11175,train
11176,train
11177,train
11178,train
11179,train
11180,train
11181,train
11182,train
11183,train
11184,train
11185,train
11186,train
11187,train
11188,train
11189,train
11190,train
11191,train
11192,train
11193,train
11194,train
11195,train
11196,train
11197,train
11198,train
11199,train
11200,train
11201,train
11202,train
11203,train
11204,train
11205,train
11206,train
11207,train
11208,train
11209,train
11210,train
11211,train
11212,train
11213,train
11214,train
11215,train
11216,train
11217,train
11218,train
11219,train
11220,train
11221,train
11222,train
11223,train
11224,train
11225,train
11226,train
11227,train
11228,train
11229,train
11230,train
11231,train
11232,train
11233,train
11234,train
11235,train
11236,train
11237,train
11238,train
11239,train
11240,train
11241,train
11242,train
11243,train
11244,train
11245,train
11246,train
11247,train
11248,train
11249,train
11250,train
11251,train
11252,train
11253,train
11254,train
11255,train
11256,train
11257,train
11258,train
11259,train
11260,train
11261,train
11262,train
11263,train
11264,train
11265,train
11266,train
11267,train
11268,train
11269,train
11270,train
11271,train
11272,train
11273,train
11274,train
11275,train
11276,train
11277,train
11278,train
11279,train
11280,train
11281,train
11282,train
11283,train
11284,train
11285,train
11286,train
11287,train
11288,train
11289,train
11290,train
11291,train
11292,train
11293,train
11294,train
11295,train
11296,train
11297,train
11298,train
11299,train
11300,train
11301,train
11302,train
11303,train
11304,train
11305,train
11306,train
11307,train
11308,train
11309,train
11310,train
11311,train
11312,train
11313,train
11314,train
11315,train
11316,train
11317,train
11318,train
11319,train
11320,train
11321,train
11322,train
11323,train
11324,train
11325,train
11326,train
11327,train
11328,train
11329,train
11330,train
11331,train
11332,train
11333,train
11334,train
11335,train
11336,train
11337,train
11338,train
11339,train
11340,train
11341,train
11342,train
11343,train
11344,train
11345,train
11346,train
11347,train
11348,train
11349,train
11350,train
11351,train
11352,train
11353,train
11354,train
11355,train
11356,train
11357,train
11358,train
11359,train
11360,train
11361,train
11362,train
11363,train
11364,train
11365,train
11366,train
11367,train
11368,train
11369,train
11370,train
11371,train
11372,train
11373,train
11374,train
11375,train
11376,train
11377,train
11378,train
11379,train
11380,train
11381,train
11382,train
11383,train
11384,train
11385,train
11386,train
11387,train
11388,train
11389,train
11390,train
11391,train
11392,train
11393,train
11394,train
11395,train
11396,train
11397,train
11398,train
11399,train
11400,train
11401,train
11402,train
11403,train
11404,train
11405,train
11406,train
11407,train
11408,train
11409,train
11410,train
11411,train
11412,train
11413,train
11414,train
11415,train
11416,train
11417,train
11418,train
11419,train
11420,train
11421,train
11422,train
11423,train
11424,train
11425,train
11426,train
11427,train
11428,train
11429,train
11430,train
11431,train
11432,train
11433,train
11434,train
11435,train
11436,train
11437,train
11438,train
11439,train
11440,train
11441,train
11442,train
11443,train
11444,train
11445,train
11446,train
11447,train
11448,train
11449,train
11450,train
11451,train
11452,train
11453,train
11454,train
11455,train
11456,train
11457,train
11458,train
11459,train
11460,train
11461,train
11462,train
11463,train
11464,train
11465,train
11466,train
11467,train
11468,train
11469,train
11470,train
11471,train
11472,train
11473,train
11474,train
11475,train
11476,train
11477,train
11478,train
11479,train
11480,train
11481,train
11482,train
11483,train
11484,train
11485,train
11486,train
11487,train
11488,train
11489,train
11490,train
11491,train
11492,train
11493,train
11494,train
11495,train
11496,train
11497,train
11498,train
11499,train
11500,train
11501,train
11502,train
11503,train
11504,train
11505,train
11506,train
11507,train
11508,train
11509,train
11510,train
11511,train
11512,train
11513,train
11514,train
11515,train
11516,train
11517,train
11518,train
11519,train
11520,train
11521,train
11522,train
11523,train
11524,train
11525,train
11526,train
11527,train
11528,train
11529,train
11530,train
11531,train
11532,train
11533,train
11534,train
11535,train
11536,train
11537,train
11538,train
11539,train
11540,train
11541,train
11542,train
11543,train
11544,train
11545,train
11546,train
11547,train
11548,train
11549,train
11550,train
11551,train
11552,train
11553,train
11554,train
11555,train
11556,train
11557,train
11558,train
11559,train
11560,train
11561,train
11562,train
11563,train
11564,train
11565,train
11566,train
11567,train
11568,train
11569,train
11570,train
11571,train
11572,train
11573,train
11574,train
11575,train
11576,train
11577,train
11578,train
11579,train
11580,train
11581,train
11582,train
11583,train
11584,train
11585,train
11586,train
11587,train
11588,train
11589,train
11590,train
11591,train
11592,train
11593,train
11594,train
11595,train
11596,train
11597,train
11598,train
11599,train
11600,train
11601,train
11602,train
11603,train
11604,train
11605,train
11606,train
11607,train
11608,train
11609,train
11610,train
11611,train
11612,train
11613,train
11614,train
11615,train
11616,train
11617,train
11618,train
11619,train
11620,train
11621,train
11622,train
11623,train
11624,train
11625,train
11626,train
11627,train
11628,train
11629,train
11630,train
11631,train
11632,train
11633,train
11634,train
11635,train
11636,train
11637,train
11638,train
11639,train
11640,train
11641,train
11642,train
11643,train
11644,train
11645,train
11646,train
11647,train
11648,train
11649,train
11650,train
11651,train
11652,train
11653,train
11654,train
11655,train
11656,train
11657,train
11658,train
11659,train
11660,train
11661,train
11662,train
11663,train
11664,train
11665,train
11666,train
11667,train
11668,train
11669,train
11670,train
11671,train
11672,train
11673,train
11674,train
11675,train
11676,train
11677,train
11678,train
11679,train
11680,train
11681,train
11682,train
11683,train
11684,train
11685,train
11686,train
11687,train
11688,train
11689,train
11690,train
11691,train
11692,train
11693,train
11694,train
11695,train
11696,train
11697,train
11698,train
11699,train
11700,train
11701,train
11702,train
11703,train
11704,train
11705,train
11706,train
11707,train
11708,train
11709,train
11710,train
11711,train
11712,train
11713,train
11714,train
11715,train
11716,train
11717,train
11718,train
11719,train
11720,train
11721,train
11722,train
11723,train
11724,train
11725,train
11726,train
11727,train
11728,train
11729,train
11730,train
11731,train
11732,train
11733,train
11734,train
11735,train
11736,train
11737,train
11738,train
11739,train
11740,train
11741,train
11742,train
11743,train
11744,train
11745,train
11746,train
11747,train
11748,train
11749,train
11750,train
11751,train
11752,train
11753,train
11754,train
11755,train
11756,train
11757,train
11758,train
11759,train
11760,train
11761,train
11762,train
11763,train
11764,train
11765,train
11766,train
11767,train
11768,train
11769,train
11770,train
11771,train
11772,train
11773,train
11774,train
11775,train
11776,train
11777,train
11778,train
11779,train
11780,train
11781,train
11782,train
11783,train
11784,train
11785,train
11786,train
11787,train
11788,train
11789,train
11790,train
11791,train
11792,train
11793,train
11794,train
11795,train
11796,train
11797,train
11798,train
11799,train
11800,train
11801,train
11802,train
11803,train
11804,train
11805,train
11806,train
11807,train
11808,train
11809,train
11810,train
11811,train
11812,train
11813,train
11814,train
11815,train
11816,train
11817,train
11818,train
11819,train
11820,train
11821,train
11822,train
11823,train
11824,train
11825,train
11826,train
11827,train
11828,train
11829,train
11830,train
11831,train
11832,train
11833,train
11834,train
11835,train
11836,train
11837,train
11838,train
11839,train
11840,train
11841,train
11842,train
11843,train
11844,train
11845,train
11846,train
11847,train
11848,train
11849,train
11850,train
11851,train
11852,train
11853,train
11854,train
11855,train
11856,train
11857,train
11858,train
11859,train
11860,train
11861,train
11862,train
11863,train
11864,train
11865,train
11866,train
11867,train
11868,train
11869,train
11870,train
11871,train
11872,train
11873,train
11874,train
11875,train
11876,train
11877,train
11878,train
11879,train
11880,train
11881,train
11882,train
11883,train
11884,train
11885,train
11886,train
11887,train
11888,train
11889,train
11890,train
11891,train
11892,train
11893,train
11894,train
11895,train
11896,train
11897,train
11898,train
11899,train
11900,train
11901,train
11902,train
11903,train
11904,train
11905,train
11906,train
11907,train
11908,train
11909,train
11910,train
11911,train
11912,train
11913,train
11914,train
11915,train
11916,train
11917,train
11918,train
11919,train
11920,train
11921,train
11922,train
11923,train
11924,train
11925,train
11926,train
11927,train
11928,train
11929,train
11930,train
11931,train
11932,train
11933,train
11934,train
11935,train
11936,train
11937,train
11938,train
11939,train
11940,train
11941,train
11942,train
11943,train
11944,train
11945,train
11946,train
11947,train
11948,train
11949,train
11950,train
11951,train
11952,train
11953,train
11954,train
11955,train
11956,train
11957,train
11958,train
11959,train
11960,train
11961,train
11962,train
11963,train
11964,train
11965,train
11966,train
11967,train
11968,train
11969,train
11970,train
11971,train
11972,train
11973,train
11974,train
11975,train
11976,train
11977,train
11978,train
11979,train
11980,train
11981,train
11982,train
11983,train
11984,train
11985,train
11986,train
11987,train
11988,train
11989,train
11990,train
11991,train
11992,train
11993,train
11994,train
11995,train
11996,train
11997,train
11998,train
11999,train
12000,train
12001,train
12002,train
12003,train
12004,train
12005,train
12006,train
12007,train
12008,train
12009,train
12010,train
12011,train
12012,train
12013,train
12014,train
12015,train
12016,train
12017,train
12018,train
12019,train
12020,train
12021,train
12022,train
12023,train
12024,train
12025,train
12026,train
12027,train
12028,train
12029,train
12030,train
12031,train
12032,train
12033,train
12034,train
12035,train
12036,train
12037,train
12038,train
12039,train
12040,train
12041,train
12042,train
12043,train
12044,train
12045,train
12046,train
12047,train
12048,train
12049,train
12050,train
12051,train
12052,train
12053,train
12054,train
12055,train
12056,train
12057,train
12058,train
12059,train
12060,train
12061,train
12062,train
12063,train
12064,train
12065,train
12066,train
12067,train
12068,train
12069,train
12070,train
12071,train
12072,train
12073,train
12074,train
12075,train
12076,train
12077,train
12078,train
12079,train
12080,train
12081,train
12082,train
12083,train
12084,train
12085,train
12086,train
12087,train
12088,train
12089,train
12090,train
12091,train
12092,train
12093,train
12094,train
12095,train
12096,train
12097,train
12098,train
12099,train
12100,train
12101,train
12102,train
12103,train
12104,train
12105,train
12106,train
12107,train
12108,train
12109,train
12110,train
12111,train
12112,train
12113,train
12114,train
12115,train
12116,train
12117,train
12118,train
12119,train
12120,train
12121,train
12122,train
12123,train
12124,train
12125,train
12126,train
12127,train
12128,train
12129,train
12130,train
12131,train
12132,train
12133,train
12134,train
12135,train
12136,train
12137,train
12138,train
12139,train
12140,train
12141,train
12142,train
12143,train
12144,train
12145,train
12146,train
12147,train
12148,train
12149,train
12150,train
12151,train
12152,train
12153,train
12154,train
12155,train
12156,train
12157,train
12158,train
12159,train
12160,train
12161,train
12162,train
12163,train
12164,train
12165,train
12166,train
12167,train
12168,train
12169,train
12170,train
12171,train
12172,train
12173,train
12174,train
12175,train
12176,train
12177,train
12178,train
12179,train
12180,train
12181,train
12182,train
12183,train
12184,train
12185,train
12186,train
12187,train
12188,train
12189,train
12190,train
12191,train
12192,train
12193,train
12194,train
12195,train
12196,train
12197,train
12198,train
12199,train
12200,train
12201,train
12202,train
12203,train
12204,train
12205,train
12206,train
12207,train
12208,train
12209,train
12210,train
12211,train
12212,train
12213,train
12214,train
12215,train
12216,train
12217,train
12218,train
12219,train
12220,train
12221,train
12222,train
12223,train
12224,train
12225,train
12226,train
12227,train
12228,train
12229,train
12230,train
12231,train
12232,train
12233,train
12234,train
12235,train
12236,train
12237,train
12238,train
12239,train
12240,train
12241,train
12242,train
12243,train
12244,train
12245,train
12246,train
12247,train
12248,train
12249,train
12250,train
12251,train
12252,train
12253,train
12254,train
12255,train
12256,train
12257,train
12258,train
12259,train
12260,train
12261,train
12262,train
12263,train
12264,train
12265,train
12266,train
12267,train
12268,train
12269,train
12270,train
12271,train
12272,train
12273,train
12274,train
12275,train
12276,train
12277,train
12278,train
12279,train
12280,train
12281,train
12282,train
12283,train
12284,train
12285,train
12286,train
12287,train
12288,train
12289,train
12290,train
12291,train
12292,train
12293,train
12294,train
12295,train
12296,train
12297,train
12298,train
12299,train
12300,train
12301,train
12302,train
12303,train
12304,train
12305,train
12306,train
12307,train
12308,train
12309,train
12310,train
12311,train
12312,train
12313,train
12314,train
12315,train
12316,train
12317,train
12318,train
12319,train
12320,train
12321,train
12322,train
12323,train
12324,train
12325,train
12326,train
12327,train
12328,train
12329,train
12330,train
12331,train
12332,train
12333,train
12334,train
12335,train
12336,train
12337,train
12338,train
12339,train
12340,train
12341,train
12342,train
12343,train
12344,train
12345,train
12346,train
12347,train
12348,train
12349,train
12350,train
12351,train
12352,train
12353,train
12354,train
12355,train
12356,train
12357,train
12358,train
12359,train
12360,train
12361,train
12362,train
12363,train
12364,train
12365,train
12366,train
12367,train
12368,train
12369,train
12370,train
12371,train
12372,train
12373,train
12374,train
12375,train
12376,train
12377,train
12378,train
12379,train
12380,train
12381,train
12382,train
12383,train
12384,train
12385,train
12386,train
12387,train
12388,train
12389,train
12390,train
12391,train
12392,train
12393,train
12394,train
12395,train
12396,train
12397,train
12398,train
12399,train
12400,train
12401,train
12402,train
12403,train
12404,train
12405,train
12406,train
12407,train
12408,train
12409,train
12410,train
12411,train
12412,train
12413,train
12414,train
12415,train
12416,train
12417,train
12418,train
12419,train
12420,train
12421,train
12422,train
12423,train
12424,train
12425,train
12426,train
12427,train
12428,train
12429,train
12430,train
12431,train
12432,train
12433,train
12434,train
12435,train
12436,train
12437,train
12438,train
12439,train
12440,train
12441,train
12442,train
12443,train
12444,train
12445,train
12446,train
12447,train
12448,train
12449,train
12450,train
12451,train
12452,train
12453,train
12454,train
12455,train
12456,train
12457,train
12458,train
12459,train
12460,train
12461,train
12462,train
12463,train
12464,train
12465,train
12466,train
12467,train
12468,train
12469,train
12470,train
12471,train
12472,train
12473,train
12474,train
12475,train
12476,train
12477,train
12478,train
12479,train
12480,train
12481,train
12482,train
12483,train
12484,train
12485,train
12486,train
12487,train
12488,train
12489,train
12490,train
12491,train
12492,train
12493,train
12494,train
12495,train
12496,train
12497,train
12498,train
12499,train
12500,train
12501,train
12502,train
12503,train
12504,train
12505,train
12506,train
12507,train
12508,train
12509,train
12510,train
12511,train
12512,train
12513,train
12514,train
12515,train
12516,train
12517,train
12518,train
12519,train
12520,train
12521,train
12522,train
12523,train
12524,train
12525,train
12526,train
12527,train
12528,train
12529,train
12530,train
12531,train
12532,train
12533,train
12534,train
12535,train
12536,train
12537,train
12538,train
12539,train
12540,train
12541,train
12542,train
12543,train
12544,train
12545,train
12546,train
12547,train
12548,train
12549,train
12550,train
12551,train
12552,train
12553,train
12554,train
12555,train
12556,train
12557,train
12558,train
12559,train
12560,train
12561,train
12562,train
12563,train
12564,train
12565,train
12566,train
12567,train
12568,train
12569,train
12570,train
12571,train
12572,train
12573,train
12574,train
12575,train
12576,train
12577,train
12578,train
12579,train
12580,train
12581,train
12582,train
12583,train
12584,train
12585,train
12586,train
12587,train
12588,train
12589,train
12590,train
12591,train
12592,train
12593,train
12594,train
12595,train
12596,train
12597,train
12598,train
12599,train
12600,train
12601,train
12602,train
12603,train
12604,train
12605,train
12606,train
12607,train
12608,train
12609,train
12610,train
12611,train
12612,train
12613,train
12614,train
12615,train
12616,train
12617,train
12618,train
12619,train
12620,train
12621,train
12622,train
12623,train
12624,train
12625,train
12626,train
12627,train
12628,train
12629,train
12630,train
12631,train
12632,train
12633,train
12634,train
12635,train
12636,train
12637,train
12638,train
12639,train
12640,train
12641,train
12642,train
12643,train
12644,train
12645,train
12646,train
12647,train
12648,train
12649,train
12650,train
12651,train
12652,train
12653,train
12654,train
12655,train
12656,train
12657,train
12658,train
12659,train
12660,train
12661,train
12662,train
12663,train
12664,train
12665,train
12666,train
12667,train
12668,train
12669,train
12670,train
12671,train
12672,train
12673,train
12674,train
12675,train
12676,train
12677,train
12678,train
12679,train
12680,train
12681,train
12682,train
12683,train
12684,train
12685,train
12686,train
12687,train
12688,train
12689,train
12690,train
12691,train
12692,train
12693,train
12694,train
12695,train
12696,train
12697,train
12698,train
12699,train
12700,train
12701,train
12702,train
12703,train
12704,train
12705,train
12706,train
12707,train
12708,train
12709,train
12710,train
12711,train
12712,train
12713,train
12714,train
12715,train
12716,train
12717,train
12718,train
12719,train
12720,train
12721,train
12722,train
12723,train
12724,train
12725,train
12726,train
12727,train
12728,train
12729,train
12730,train
12731,train
12732,train
12733,train
12734,train
12735,train
12736,train
12737,train
12738,train
12739,train
12740,train
12741,train
12742,train
12743,train
12744,train
12745,train
12746,train
12747,train
12748,train
12749,train
12750,train
12751,train
12752,train
12753,train
12754,train
12755,train
12756,train
12757,train
12758,train
12759,train
12760,train
12761,train
12762,train
12763,train
12764,train
12765,train
12766,train
12767,train
12768,train
12769,train
12770,train
12771,train
12772,train
12773,train
12774,train
12775,train
12776,train
12777,train
12778,train
12779,train
12780,train
12781,train
12782,train
12783,train
12784,train
12785,train
12786,train
12787,train
12788,train
12789,train
12790,train
12791,train
12792,train
12793,train
12794,train
12795,train
12796,train
12797,train
12798,train
12799,train
12800,train
12801,train
12802,train
12803,train
12804,train
12805,train
12806,train
12807,train
12808,train
12809,train
12810,train
12811,train
12812,train
12813,train
12814,train
12815,train
12816,train
12817,train
12818,train
12819,train
12820,train
12821,train
12822,train
12823,train
12824,train
12825,train
12826,train
12827,train
12828,train
12829,train
12830,train
12831,train
12832,train
12833,train
12834,train
12835,train
12836,train
12837,train
12838,train
12839,train
12840,train
12841,train
12842,train
12843,train
12844,train
12845,train
12846,train
12847,train
12848,train
12849,train
12850,train
12851,train
12852,train
12853,train
12854,train
12855,train
12856,train
12857,train
12858,train
12859,train
12860,train
12861,train
12862,train
12863,train
12864,train
12865,train
12866,train
12867,train
12868,train
12869,train
12870,train
12871,train
12872,train
12873,train
12874,train
12875,train
12876,train
12877,train
12878,train
12879,train
12880,train
12881,train
12882,train
12883,train
12884,train
12885,train
12886,train
12887,train
12888,train
12889,train
12890,train
12891,train
12892,train
12893,train
12894,train
12895,train
12896,train
12897,train
12898,train
12899,train
12900,train
12901,train
12902,train
12903,train
12904,train
12905,train
12906,train
12907,train
12908,train
12909,train
12910,train
12911,train
12912,train
12913,train
12914,train
12915,train
12916,train
12917,train
12918,train
12919,train
12920,train
12921,train
12922,train
12923,train
12924,train
12925,train
12926,train
12927,train
12928,train
12929,train
12930,train
12931,train
12932,train
12933,train
12934,train
12935,train
12936,train
12937,train
12938,train
12939,train
12940,train
12941,train
12942,train
12943,train
12944,train
12945,train
12946,train
12947,train
12948,train
12949,train
12950,train
12951,train
12952,train
12953,train
12954,train
12955,train
12956,train
12957,train
12958,train
12959,train
12960,train
12961,train
12962,train
12963,train
12964,train
12965,train
12966,train
12967,train
12968,train
12969,train
12970,train
12971,train
12972,train
12973,train
12974,train
12975,train
12976,train
12977,train
12978,train
12979,train
12980,train
12981,train
12982,train
12983,train
12984,train
12985,train
12986,train
12987,train
12988,train
12989,train
12990,train
12991,train
12992,train
12993,train
12994,train
12995,train
12996,train
12997,train
12998,train
12999,train
13000,train
13001,train
13002,train
13003,train
13004,train
13005,train
13006,train
13007,train
13008,train
13009,train
13010,train
13011,train
13012,train
13013,train
13014,train
13015,train
13016,train
13017,train
13018,train
13019,train
13020,train
13021,train
13022,train
13023,train
13024,train
13025,train
13026,train
13027,train
13028,train
13029,train
13030,train
13031,train
13032,train
13033,train
13034,train
13035,train
13036,train
13037,train
13038,train
13039,train
13040,train
13041,train
13042,train
13043,train
13044,train
13045,train
13046,train
13047,train
13048,train
13049,train
13050,train
13051,train
13052,train
13053,train
13054,train
13055,train
13056,train
13057,train
13058,train
13059,train
13060,train
13061,train
13062,train
13063,train
13064,train
13065,train
13066,train
13067,train
13068,train
13069,train
13070,train
13071,train
13072,train
13073,train
13074,train
13075,train
13076,train
13077,train
13078,train
13079,train
13080,train
13081,train
13082,train
13083,train
13084,train
13085,train
13086,train
13087,train
13088,train
13089,train
13090,train
13091,train
13092,train
13093,train
13094,train
13095,train
13096,train
13097,train
13098,train
13099,train
13100,train
13101,train
13102,train
13103,train
13104,train
13105,train
13106,train
13107,train
13108,train
13109,train
13110,train
13111,train
13112,train
13113,train
13114,train
13115,train
13116,train
13117,train
13118,train
13119,train
13120,train
13121,train
13122,train
13123,train
13124,train
13125,train
13126,train
13127,train
13128,train
13129,train
13130,train
13131,train
13132,train
13133,train
13134,train
13135,train
13136,train
13137,train
13138,train
13139,train
13140,train
13141,train
13142,train
13143,train
13144,train
13145,train
13146,train
13147,train
13148,train
13149,train
13150,train
13151,train
13152,train
13153,train
13154,train
13155,train
13156,train
13157,train
13158,train
13159,train
13160,train
13161,train
13162,train
13163,train
13164,train
13165,train
13166,train
13167,train
13168,train
13169,train
13170,train
13171,train
13172,train
13173,train
13174,train
13175,train
13176,train
13177,train
13178,train
13179,train
13180,train
13181,train
13182,train
13183,train
13184,train
13185,train
13186,train
13187,train
13188,train
13189,train
13190,train
13191,train
13192,train
13193,train
13194,train
13195,train
13196,train
13197,train
13198,train
13199,train
13200,train
13201,train
13202,train
13203,train
13204,train
13205,train
13206,train
13207,train
13208,train
13209,train
13210,train
13211,train
13212,train
13213,train
13214,train
13215,train
13216,train
13217,train
13218,train
13219,train
13220,train
13221,train
13222,train
13223,train
13224,train
13225,train
13226,train
13227,train
13228,train
13229,train
13230,train
13231,train
13232,train
13233,train
13234,train
13235,train
13236,train
13237,train
13238,train
13239,train
13240,train
13241,train
13242,train
13243,train
13244,train
13245,train
13246,train
13247,train
13248,train
13249,train
13250,train
13251,train
13252,train
13253,train
13254,train
13255,train
13256,train
13257,train
13258,train
13259,train
13260,train
13261,train
13262,train
13263,train
13264,train
13265,train
13266,train
13267,train
13268,train
13269,train
13270,train
13271,train
13272,train
13273,train
13274,train
13275,train
13276,train
13277,train
13278,train
13279,train
13280,train
13281,train
13282,train
13283,train
13284,train
13285,train
13286,train
13287,train
13288,train
13289,train
13290,train
13291,train
13292,train
13293,train
13294,train
13295,train
13296,train
13297,train
13298,train
13299,train
13300,train
13301,train
13302,train
13303,train
13304,train
13305,train
13306,train
13307,train
13308,train
13309,train
13310,train
13311,train
13312,train
13313,train
13314,train
13315,train
13316,train
13317,train
13318,train
13319,train
13320,train
13321,train
13322,train
13323,train
13324,train
13325,train
13326,train
13327,train
13328,train
13329,train
13330,train
13331,train
13332,train
13333,train
13334,train
13335,train
13336,train
13337,train
13338,train
13339,train
13340,train
13341,train
13342,train
13343,train
13344,train
13345,train
13346,train
13347,train
13348,train
13349,train
13350,train
13351,train
13352,train
13353,train
13354,train
13355,train
13356,train
13357,train
13358,train
13359,train
13360,train
13361,train
13362,train
13363,train
13364,train
13365,train
13366,train
13367,train
13368,train
13369,train
13370,train
13371,train
13372,train
13373,train
13374,train
13375,train
13376,train
13377,train
13378,train
13379,train
13380,train
13381,train
13382,train
13383,train
13384,train
13385,train
13386,train
13387,train
13388,train
13389,train
13390,train
13391,train
13392,train
13393,train
13394,train
13395,train
13396,train
13397,train
13398,train
13399,train
13400,train
13401,train
13402,train
13403,train
13404,train
13405,train
13406,train
13407,train
13408,train
13409,train
13410,train
13411,train
13412,train
13413,train
13414,train
13415,train
13416,train
13417,train
13418,train
13419,train
13420,train
13421,train
13422,train
13423,train
13424,train
13425,train
13426,train
13427,train
13428,train
13429,train
13430,train
13431,train
13432,train
13433,train
13434,train
13435,train
13436,train
13437,train
13438,train
13439,train
13440,train
13441,train
13442,train
13443,train
13444,train
13445,train
13446,train
13447,train
13448,train
13449,train
13450,train
13451,train
13452,train
13453,train
13454,train
13455,train
13456,train
13457,train
13458,train
13459,train
13460,train
13461,train
13462,train
13463,train
13464,train
13465,train
13466,train
13467,train
13468,train
13469,train
13470,train
13471,train
13472,train
13473,train
13474,train
13475,train
13476,train
13477,train
13478,train
13479,train
13480,train
13481,train
13482,train
13483,train
13484,train
13485,train
13486,train
13487,train
13488,train
13489,train
13490,train
13491,train
13492,train
13493,train
13494,train
13495,train
13496,train
13497,train
13498,train
13499,train
13500,train
13501,train
13502,train
13503,train
13504,train
13505,train
13506,train
13507,train
13508,train
13509,train
13510,train
13511,train
13512,train
13513,train
13514,train
13515,train
13516,train
13517,train
13518,train
13519,train
13520,train
13521,train
13522,train
13523,train
13524,train
13525,train
13526,train
13527,train
13528,train
13529,train
13530,train
13531,train
13532,train
13533,train
13534,train
13535,train
13536,train
13537,train
13538,train
13539,train
13540,train
13541,train
13542,train
13543,train
13544,train
13545,train
13546,train
13547,train
13548,train
13549,train
13550,train
13551,train
13552,train
13553,train
13554,train
13555,train
13556,train
13557,train
13558,train
13559,train
13560,train
13561,train
13562,train
13563,train
13564,train
13565,train
13566,train
13567,train
13568,train
13569,train
13570,train
13571,train
13572,train
13573,train
13574,train
13575,train
13576,train
13577,train
13578,train
13579,train
13580,train
13581,train
13582,train
13583,train
13584,train
13585,train
13586,train
13587,train
13588,train
13589,train
13590,train
13591,train
13592,train
13593,train
13594,train
13595,train
13596,train
13597,train
13598,train
13599,train
13600,train
13601,train
13602,train
13603,train
13604,train
13605,train
13606,train
13607,train
13608,train
13609,train
13610,train
13611,train
13612,train
13613,train
13614,train
13615,train
13616,train
13617,train
13618,train
13619,train
13620,train
13621,train
13622,train
13623,train
13624,train
13625,train
13626,train
13627,train
13628,train
13629,train
13630,train
13631,train
13632,train
13633,train
13634,train
13635,train
13636,train
13637,train
13638,train
13639,train
13640,train
13641,train
13642,train
13643,train
13644,train
13645,train
13646,train
13647,train
13648,train
13649,train
13650,train
13651,train
13652,train
13653,train
13654,train
13655,train
13656,train
13657,train
13658,train
13659,train
13660,train
13661,train
13662,train
13663,train
13664,train
13665,train
13666,train
13667,train
13668,train
13669,train
13670,train
13671,train
13672,train
13673,train
13674,train
13675,train
13676,train
13677,train
13678,train
13679,train
13680,train
13681,train
13682,train
13683,train
13684,train
13685,train
13686,train
13687,train
13688,train
13689,train
13690,train
13691,train
13692,train
13693,train
13694,train
13695,train
13696,train
13697,train
13698,train
13699,train
13700,train
13701,train
13702,train
13703,train
13704,train
13705,train
13706,train
13707,train
13708,train
13709,train
13710,train
13711,train
13712,train
13713,train
13714,train
13715,train
13716,train
13717,train
13718,train
13719,train
13720,train
13721,train
13722,train
13723,train
13724,train
13725,train
13726,train
13727,train
13728,train
13729,train
13730,train
13731,train
13732,train
13733,train
13734,train
13735,train
13736,train
13737,train
13738,train
13739,train
13740,train
13741,train
13742,train
13743,train
13744,train
13745,train
13746,train
13747,train
13748,train
13749,train
13750,train
13751,train
13752,train
13753,train
13754,train
13755,train
13756,train
13757,train
13758,train
13759,train
13760,train
13761,train
13762,train
13763,train
13764,train
13765,train
13766,train
13767,train
13768,train
13769,train
13770,train
13771,train
13772,train
13773,train
13774,train
13775,train
13776,train
13777,train
13778,train
13779,train
13780,train
13781,train
13782,train
13783,train
13784,train
13785,train
13786,train
13787,train
13788,train
13789,train
13790,train
13791,train
13792,train
13793,train
13794,train
13795,train
13796,train
13797,train
13798,train
13799,train
13800,train
13801,train
13802,train
13803,train
13804,train
13805,train
13806,train
13807,train
13808,train
13809,train
13810,train
13811,train
13812,train
13813,train
13814,train
13815,train
13816,train
13817,train
13818,train
13819,train
13820,train
13821,train
13822,train
13823,train
13824,train
13825,train
13826,train
13827,train
13828,train
13829,train
13830,train
13831,train
13832,train
13833,train
13834,train
13835,train
13836,train
13837,train
13838,train
13839,train
13840,train
13841,train
13842,train
13843,train
13844,train
13845,train
13846,train
13847,train
13848,train
13849,train
13850,train
13851,train
13852,train
13853,train
13854,train
13855,train
13856,train
13857,train
13858,train
13859,train
13860,train
13861,train
13862,train
13863,train
13864,train
13865,train
13866,train
13867,train
13868,train
13869,train
13870,train
13871,train
13872,train
13873,train
13874,train
13875,train
13876,train
13877,train
13878,train
13879,train
13880,train
13881,train
13882,train
13883,train
13884,train
13885,train
13886,train
13887,train
13888,train
13889,train
13890,train
13891,train
13892,train
13893,train
13894,train
13895,train
13896,train
13897,train
13898,train
13899,train
13900,train
13901,train
13902,train
13903,train
13904,train
13905,train
13906,train
13907,train
13908,train
13909,train
13910,train
13911,train
13912,train
13913,train
13914,train
13915,train
13916,train
13917,train
13918,train
13919,train
13920,train
13921,train
13922,train
13923,train
13924,train
13925,train
13926,train
13927,train
13928,train
13929,train
13930,train
13931,train
13932,train
13933,train
13934,train
13935,train
13936,train
13937,train
13938,train
13939,train
13940,train
13941,train
13942,train
13943,train
13944,train
13945,train
13946,train
13947,train
13948,train
13949,train
13950,train
13951,train
13952,train
13953,train
13954,train
13955,train
13956,train
13957,train
13958,train
13959,train
13960,train
13961,train
13962,train
13963,train
13964,train
13965,train
13966,train
13967,train
13968,train
13969,train
13970,train
13971,train
13972,train
13973,train
13974,train
13975,train
13976,train
13977,train
13978,train
13979,train
13980,train
13981,train
13982,train
13983,train
13984,train
13985,train
13986,train
13987,train
13988,train
13989,train
13990,train
13991,train
13992,train
13993,train
13994,train
13995,train
13996,train
13997,train
13998,train
13999,train
14000,train
14001,train
14002,train
14003,train
14004,train
14005,train
14006,train
14007,train
14008,train
14009,train
14010,train
14011,train
14012,train
14013,train
14014,train
14015,train
14016,train
14017,train
14018,train
14019,train
14020,train
14021,train
14022,train
14023,train
14024,train
14025,train
14026,train
14027,train
14028,train
14029,train
14030,train
14031,train
14032,train
14033,train
14034,train
14035,train
14036,train
14037,train
14038,train
14039,train
14040,train
14041,train
14042,train
14043,train
14044,train
14045,train
14046,train
14047,train
14048,train
14049,train
14050,train
14051,train
14052,train
14053,train
14054,train
14055,train
14056,train
14057,train
14058,train
14059,train
14060,train
14061,train
14062,train
14063,train
14064,train
14065,train
14066,train
14067,train
14068,train
14069,train
14070,train
14071,train
14072,train
14073,train
14074,train
14075,train
14076,train
14077,train
14078,train
14079,train
14080,train
14081,train
14082,train
14083,train
14084,train
14085,train
14086,train
14087,train
14088,train
14089,train
14090,train
14091,train
14092,train
14093,train
14094,train
14095,train
14096,train
14097,train
14098,train
14099,train
14100,train
14101,train
14102,train
14103,train
14104,train
14105,train
14106,train
14107,train
14108,train
14109,train
14110,train
14111,train
14112,train
14113,train
14114,train
14115,train
14116,train
14117,train
14118,train
14119,train
14120,train
14121,train
14122,train
14123,train
14124,train
14125,train
14126,train
14127,train
14128,train
14129,train
14130,train
14131,train
14132,train
14133,train
14134,train
14135,train
14136,train
14137,train
14138,train
14139,train
14140,train
14141,train
14142,train
14143,train
14144,train
14145,train
14146,train
14147,train
14148,train
14149,train
14150,train
14151,train
14152,train
14153,train
14154,train
14155,train
14156,train
14157,train
14158,train
14159,train
14160,train
14161,train
14162,train
14163,train
14164,train
14165,train
14166,train
14167,train
14168,train
14169,train
14170,train
14171,train
14172,train
14173,train
14174,train
14175,train
14176,train
14177,train
14178,train
14179,train
14180,train
14181,train
14182,train
14183,train
14184,train
14185,train
14186,train
14187,train
14188,train
14189,train
14190,train
14191,train
14192,train
14193,train
14194,train
14195,train
14196,train
14197,train
14198,train
14199,train
14200,train
14201,train
14202,train
14203,train
14204,train
14205,train
14206,train
14207,train
14208,train
14209,train
14210,train
14211,train
14212,train
14213,train
14214,train
14215,train
14216,train
14217,train
14218,train
14219,train
14220,train
14221,train
14222,train
14223,train
14224,train
14225,train
14226,train
14227,train
14228,train
14229,train
14230,train
14231,train
14232,train
14233,train
14234,train
14235,train
14236,train
14237,train
14238,train
14239,train
14240,train
14241,train
14242,train
14243,train
14244,train
14245,train
14246,train
14247,train
14248,train
14249,train
14250,train
14251,train
14252,train
14253,train
14254,train
14255,train
14256,train
14257,train
14258,train
14259,train
14260,train
14261,train
14262,train
14263,train
14264,train
14265,train
14266,train
14267,train
14268,train
14269,train
14270,train
14271,train
14272,train
14273,train
14274,train
14275,train
14276,train
14277,train
14278,train
14279,train
14280,train
14281,train
14282,train
14283,train
14284,train
14285,train
14286,train
14287,train
14288,train
14289,train
14290,train
14291,train
14292,train
14293,train
14294,train
14295,train
14296,train
14297,train
14298,train
14299,train
14300,train
14301,train
14302,train
14303,train
14304,train
14305,train
14306,train
14307,train
14308,train
14309,train
14310,train
14311,train
14312,train
14313,train
14314,train
14315,train
14316,train
14317,train
14318,train
14319,train
14320,train
14321,train
14322,train
14323,train
14324,train
14325,train
14326,train
14327,train
14328,train
14329,train
14330,train
14331,train
14332,train
14333,train
14334,train
14335,train
14336,train
14337,train
14338,train
14339,train
14340,train
14341,train
14342,train
14343,train
14344,train
14345,train
14346,train
14347,train
14348,train
14349,train
14350,train
14351,train
14352,train
14353,train
14354,train
14355,train
14356,train
14357,train
14358,train
14359,train
14360,train
14361,train
14362,train
14363,train
14364,train
14365,train
14366,train
14367,train
14368,train
14369,train
14370,train
14371,train
14372,train
14373,train
14374,train
14375,train
14376,train
14377,train
14378,train
14379,train
14380,train
14381,train
14382,train
14383,train
14384,train
14385,train
14386,train
14387,train
14388,train
14389,train
14390,train
14391,train
14392,train
14393,train
14394,train
14395,train
14396,train
14397,train
14398,train
14399,train
14400,train
14401,train
14402,train
14403,train
14404,train
14405,train
14406,train
14407,train
14408,train
14409,train
14410,train
14411,train
14412,train
14413,train
14414,train
14415,train
14416,train
14417,train
14418,train
14419,train
14420,train
14421,train
14422,train
14423,train
14424,train
14425,train
14426,train
14427,train
14428,train
14429,train
14430,train
14431,train
14432,train
14433,train
14434,train
14435,train
14436,train
14437,train
14438,train
14439,train
14440,train
14441,train
14442,train
14443,train
14444,train
14445,train
14446,train
14447,train
14448,train
14449,train
14450,train
14451,train
14452,train
14453,train
14454,train
14455,train
14456,train
14457,train
14458,train
14459,train
14460,train
14461,train
14462,train
14463,train
14464,train
14465,train
14466,train
14467,train
14468,train
14469,train
14470,train
14471,train
14472,train
14473,train
14474,train
14475,train
14476,train
14477,train
14478,train
14479,train
14480,train
14481,train
14482,train
14483,train
14484,train
14485,train
14486,train
14487,train
14488,train
14489,train
14490,train
14491,train
14492,train
14493,train
14494,train
14495,train
14496,train
14497,train
14498,train
14499,train
14500,train
14501,train
14502,train
14503,train
14504,train
14505,train
14506,train
14507,train
14508,train
14509,train
14510,train
14511,train
14512,train
14513,train
14514,train
14515,train
14516,train
14517,train
14518,train
14519,train
14520,train
14521,train
14522,train
14523,train
14524,train
14525,train
14526,train
14527,train
14528,train
14529,train
14530,train
14531,train
14532,train
14533,train
14534,train
14535,train
14536,train
14537,train
14538,train
14539,train
14540,train
14541,train
14542,train
14543,train
14544,train
14545,train
14546,train
14547,train
14548,train
14549,train
14550,train
14551,train
14552,train
14553,train
14554,train
14555,train
14556,train
14557,train
14558,train
14559,train
14560,train
14561,train
14562,train
14563,train
14564,train
14565,train
14566,train
14567,train
14568,train
14569,train
14570,train
14571,train
14572,train
14573,train
14574,train
14575,train
14576,train
14577,train
14578,train
14579,train
14580,train
14581,train
14582,train
14583,train
14584,train
14585,train
14586,train
14587,train
14588,train
14589,train
14590,train
14591,train
14592,train
14593,train
14594,train
14595,train
14596,train
14597,train
14598,train
14599,train
14600,train
14601,train
14602,train
14603,train
14604,train
14605,train
14606,train
14607,train
14608,train
14609,train
14610,train
14611,train
14612,train
14613,train
14614,train
14615,train
14616,train
14617,train
14618,train
14619,train
14620,train
14621,train
14622,train
14623,train
14624,train
14625,train
14626,train
14627,train
14628,train
14629,train
14630,train
14631,train
14632,train
14633,train
14634,train
14635,train
14636,train
14637,train
14638,train
14639,train
14640,train
14641,train
14642,train
14643,train
14644,train
14645,train
14646,train
14647,train
14648,train
14649,train
14650,train
14651,train
14652,train
14653,train
14654,train
14655,train
14656,train
14657,train
14658,train
14659,train
14660,train
14661,train
14662,train
14663,train
14664,train
14665,train
14666,train
14667,train
14668,train
14669,train
14670,train
14671,train
14672,train
14673,train
14674,train
14675,train
14676,train
14677,train
14678,train
14679,train
14680,train
14681,train
14682,train
14683,train
14684,train
14685,train
14686,train
14687,train
14688,train
14689,train
14690,train
14691,train
14692,train
14693,train
14694,train
14695,train
14696,train
14697,train
14698,train
14699,train
14700,train
14701,train
14702,train
14703,train
14704,train
14705,train
14706,train
14707,train
14708,train
14709,train
14710,train
14711,train
14712,train
14713,train
14714,train
14715,train
14716,train
14717,train
14718,train
14719,train
14720,train
14721,train
14722,train
14723,train
14724,train
14725,train
14726,train
14727,train
14728,train
14729,train
14730,train
14731,train
14732,train
14733,train
14734,train
14735,train
14736,train
14737,train
14738,train
14739,train
14740,train
14741,train
14742,train
14743,train
14744,train
14745,train
14746,train
14747,train
14748,train
14749,train
14750,train
14751,train
14752,train
14753,train
14754,train
14755,train
14756,train
14757,train
14758,train
14759,train
14760,train
14761,train
14762,train
14763,train
14764,train
14765,train
14766,train
14767,train
14768,train
14769,train
14770,train
14771,train
14772,train
14773,train
14774,train
14775,train
14776,train
14777,train
14778,train
14779,train
14780,train
14781,train
14782,train
14783,train
14784,train
14785,train
14786,train
14787,train
14788,train
14789,train
14790,train
14791,train
14792,train
14793,train
14794,train
14795,train
14796,train
14797,train
14798,train
14799,train
14800,train
14801,train
14802,train
14803,train
14804,train
14805,train
14806,train
14807,train
14808,train
14809,train
14810,train
14811,train
14812,train
14813,train
14814,train
14815,train
14816,train
14817,train
14818,train
14819,train
14820,train
14821,train
14822,train
14823,train
14824,train
14825,train
14826,train
14827,train
14828,train
14829,train
14830,train
14831,train
14832,train
14833,train
14834,train
14835,train
14836,train
14837,train
14838,train
14839,train
14840,train
14841,train
14842,train
14843,train
14844,train
14845,train
14846,train
14847,train
14848,train
14849,train
14850,train
14851,train
14852,train
14853,train
14854,train
14855,train
14856,train
14857,train
14858,train
14859,train
14860,train
14861,train
14862,train
14863,train
14864,train
14865,train
14866,train
14867,train
14868,train
14869,train
14870,train
14871,train
14872,train
14873,train
14874,train
14875,train
14876,train
14877,train
14878,train
14879,train
14880,train
14881,train
14882,train
14883,train
14884,train
14885,train
14886,train
14887,train
14888,train
14889,train
14890,train
14891,train
14892,train
14893,train
14894,train
14895,train
14896,train
14897,train
14898,train
14899,train
14900,train
14901,train
14902,train
14903,train
14904,train
14905,train
14906,train
14907,train
14908,train
14909,train
14910,train
14911,train
14912,train
14913,train
14914,train
14915,train
14916,train
14917,train
14918,train
14919,train
14920,train
14921,train
14922,train
14923,train
14924,train
14925,train
14926,train
14927,train
14928,train
14929,train
14930,train
14931,train
14932,train
14933,train
14934,train
14935,train
14936,train
14937,train
14938,train
14939,train
14940,train
14941,train
14942,train
14943,train
14944,train
14945,train
14946,train
14947,train
14948,train
14949,train
14950,train
14951,train
14952,train
14953,train
14954,train
14955,train
14956,train
14957,train
14958,train
14959,train
14960,train
14961,train
14962,train
14963,train
14964,train
14965,train
14966,train
14967,train
14968,train
14969,train
14970,train
14971,train
14972,train
14973,train
14974,train
14975,train
14976,train
14977,train
14978,train
14979,train
14980,train
14981,train
14982,train
14983,train
14984,train
14985,train
14986,train
14987,train
14988,train
14989,train
14990,train
14991,train
14992,train
14993,train
14994,train
14995,train
14996,train
14997,train
14998,train
14999,train
15000,train
15001,train
15002,train
15003,train
15004,train
15005,train
15006,train
15007,train
15008,train
15009,train
15010,train
15011,train
15012,train
15013,train
15014,train
15015,train
15016,train
15017,train
15018,train
15019,train
15020,train
15021,train
15022,train
15023,train
15024,train
15025,train
15026,train
15027,train
15028,train
15029,train
15030,train
15031,train
15032,train
15033,train
15034,train
15035,train
15036,train
15037,train
15038,train
15039,train
15040,train
15041,train
15042,train
15043,train
15044,train
15045,train
15046,train
15047,train
15048,train
15049,train
15050,train
15051,train
15052,train
15053,train
15054,train
15055,train
15056,train
15057,train
15058,train
15059,train
15060,train
15061,train
15062,train
15063,train
15064,train
15065,train
15066,train
15067,train
15068,train
15069,train
15070,train
15071,train
15072,train
15073,train
15074,train
15075,train
15076,train
15077,train
15078,train
15079,train
15080,train
15081,train
15082,train
15083,train
15084,train
15085,train
15086,train
15087,train
15088,train
15089,train
15090,train
15091,train
15092,train
15093,train
15094,train
15095,train
15096,train
15097,train
15098,train
15099,train
15100,train
15101,train
15102,train
15103,train
15104,train
15105,train
15106,train
15107,train
15108,train
15109,train
15110,train
15111,train
15112,train
15113,train
15114,train
15115,train
15116,train
15117,train
15118,train
15119,train
15120,train
15121,train
15122,train
15123,train
15124,train
15125,train
15126,train
15127,train
15128,train
15129,train
15130,train
15131,train
15132,train
15133,train
15134,train
15135,train
15136,train
15137,train
15138,train
15139,train
15140,train
15141,train
15142,train
15143,train
15144,train
15145,train
15146,train
15147,train
15148,train
15149,train
15150,train
15151,train
15152,train
15153,train
15154,train
15155,train
15156,train
15157,train
15158,train
15159,train
15160,train
15161,train
15162,train
15163,train
15164,train
15165,train
15166,train
15167,train
15168,train
15169,train
15170,train
15171,train
15172,train
15173,train
15174,train
15175,train
15176,train
15177,train
15178,train
15179,train
15180,train
15181,train
15182,train
15183,train
15184,train
15185,train
15186,train
15187,train
15188,train
15189,train
15190,train
15191,train
15192,train
15193,train
15194,train
15195,train
15196,train
15197,train
15198,train
15199,train
15200,train
15201,train
15202,train
15203,train
15204,train
15205,train
15206,train
15207,train
15208,train
15209,train
15210,train
15211,train
15212,train
15213,train
15214,train
15215,train
15216,train
15217,train
15218,train
15219,train
15220,train
15221,train
15222,train
15223,train
15224,train
15225,train
15226,train
15227,train
15228,train
15229,train
15230,train
15231,train
15232,train
15233,train
15234,train
15235,train
15236,train
15237,train
15238,train
15239,train
15240,train
15241,train
15242,train
15243,train
15244,train
15245,train
15246,train
15247,train
15248,train
15249,train
15250,train
15251,train
15252,train
15253,train
15254,train
15255,train
15256,train
15257,train
15258,train
15259,train
15260,train
15261,train
15262,train
15263,train
15264,train
15265,train
15266,train
15267,train
15268,train
15269,train
15270,train
15271,train
15272,train
15273,train
15274,train
15275,train
15276,train
15277,train
15278,train
15279,train
15280,train
15281,train
15282,train
15283,train
15284,train
15285,train
15286,train
15287,train
15288,train
15289,train
15290,train
15291,train
15292,train
15293,train
15294,train
15295,train
15296,train
15297,train
15298,train
15299,train
15300,train
15301,train
15302,train
15303,train
15304,train
15305,train
15306,train
15307,train
15308,train
15309,train
15310,train
15311,train
15312,train
15313,train
15314,train
15315,train
15316,train
15317,train
15318,train
15319,train
15320,train
15321,train
15322,train
15323,train
15324,train
15325,train
15326,train
15327,train
15328,train
15329,train
15330,train
15331,train
15332,train
15333,train
15334,train
15335,train
15336,train
15337,train
15338,train
15339,train
15340,train
15341,train
15342,train
15343,train
15344,train
15345,train
15346,train
15347,train
15348,train
15349,train
15350,train
15351,train
15352,train
15353,train
15354,train
15355,train
15356,train
15357,train
15358,train
15359,train
15360,train
15361,train
15362,train
15363,train
15364,train
15365,train
15366,train
15367,train
15368,train
15369,train
15370,train
15371,train
15372,train
15373,train
15374,train
15375,train
15376,train
15377,train
15378,train
15379,train
15380,train
15381,train
15382,train
15383,train
15384,train
15385,train
15386,train
15387,train
15388,train
15389,train
15390,train
15391,train
15392,train
15393,train
15394,train
15395,train
15396,train
15397,train
15398,train
15399,train
15400,train
15401,train
15402,train
15403,train
15404,train
15405,train
15406,train
15407,train
15408,train
15409,train
15410,train
15411,train
15412,train
15413,train
15414,train
15415,train
15416,train
15417,train
15418,train
15419,train
15420,train
15421,train
15422,train
15423,train
15424,train
15425,train
15426,train
15427,train
15428,train
15429,train
15430,train
15431,train
15432,train
15433,train
15434,train
15435,train
15436,train
15437,train
15438,train
15439,train
15440,train
15441,train
15442,train
15443,train
15444,train
15445,train
15446,train
15447,train
15448,train
15449,train
15450,train
15451,train
15452,train
15453,train
15454,train
15455,train
15456,train
15457,train
15458,train
15459,train
15460,train
15461,train
15462,train
15463,train
15464,train
15465,train
15466,train
15467,train
15468,train
15469,train
15470,train
15471,train
15472,train
15473,train
15474,train
15475,train
15476,train
15477,train
15478,train
15479,train
15480,train
15481,train
15482,train
15483,train
15484,train
15485,train
15486,train
15487,train
15488,train
15489,train
15490,train
15491,train
15492,train
15493,train
15494,train
15495,train
15496,train
15497,train
15498,train
15499,train
15500,train
15501,train
15502,train
15503,train
15504,train
15505,train
15506,train
15507,train
15508,train
15509,train
15510,train
15511,train
15512,train
15513,train
15514,train
15515,train
15516,train
15517,train
15518,train
15519,train
15520,train
15521,train
15522,train
15523,train
15524,train
15525,train
15526,train
15527,train
15528,train
15529,train
15530,train
15531,train
15532,train
15533,train
15534,train
15535,train
15536,train
15537,train
15538,train
15539,train
15540,train
15541,train
15542,train
15543,train
15544,train
15545,train
15546,train
15547,train
15548,train
15549,train
15550,train
15551,train
15552,train
15553,train
15554,train
15555,train
15556,train
15557,train
15558,train
15559,train
15560,train
15561,train
15562,train
15563,train
15564,train
15565,train
15566,train
15567,train
15568,train
15569,train
15570,train
15571,train
15572,train
15573,train
15574,train
15575,train
15576,train
15577,train
15578,train
15579,train
15580,train
15581,train
15582,train
15583,train
15584,train
15585,train
15586,train
15587,train
15588,train
15589,train
15590,train
15591,train
15592,train
15593,train
15594,train
15595,train
15596,train
15597,train
15598,train
15599,train
15600,train
15601,train
15602,train
15603,train
15604,train
15605,train
15606,train
15607,train
15608,train
15609,train
15610,train
15611,train
15612,train
15613,train
15614,train
15615,train
15616,train
15617,train
15618,train
15619,train
15620,train
15621,train
15622,train
15623,train
15624,train
15625,train
15626,train
15627,train
15628,train
15629,train
15630,train
15631,train
15632,train
15633,train
15634,train
15635,train
15636,train
15637,train
15638,train
15639,train
15640,train
15641,train
15642,train
15643,train
15644,train
15645,train
15646,train
15647,train
15648,train
15649,train
15650,train
15651,train
15652,train
15653,train
15654,train
15655,train
15656,train
15657,train
15658,train
15659,train
15660,train
15661,train
15662,train
15663,train
15664,train
15665,train
15666,train
15667,train
15668,train
15669,train
15670,train
15671,train
15672,train
15673,train
15674,train
15675,train
15676,train
15677,train
15678,train
15679,train
15680,train
15681,train
15682,train
15683,train
15684,train
15685,train
15686,train
15687,train
15688,train
15689,train
15690,train
15691,train
15692,train
15693,train
15694,train
15695,train
15696,train
15697,train
15698,train
15699,train
15700,train
15701,train
15702,train
15703,train
15704,train
15705,train
15706,train
15707,train
15708,train
15709,train
15710,train
15711,train
15712,train
15713,train
15714,train
15715,train
15716,train
15717,train
15718,train
15719,train
15720,train
15721,train
15722,train
15723,train
15724,train
15725,train
15726,train
15727,train
15728,train
15729,train
15730,train
15731,train
15732,train
15733,train
15734,train
15735,train
15736,train
15737,train
15738,train
15739,train
15740,train
15741,train
15742,train
15743,train
15744,train
15745,train
15746,train
15747,train
15748,train
15749,train
15750,train
15751,train
15752,train
15753,train
15754,train
15755,train
15756,train
15757,train
15758,train
15759,train
15760,train
15761,train
15762,train
15763,train
15764,train
15765,train
15766,train
15767,train
15768,train
15769,train
15770,train
15771,train
15772,train
15773,train
15774,train
15775,train
15776,train
15777,train
15778,train
15779,train
15780,train
15781,train
15782,train
15783,train
15784,train
15785,train
15786,train
15787,train
15788,train
15789,train
15790,train
15791,train
15792,train
15793,train
15794,train
15795,train
15796,train
15797,train
15798,train
15799,train
15800,train
15801,train
15802,train
15803,train
15804,train
15805,train
15806,train
15807,train
15808,train
15809,train
15810,train
15811,train
15812,train
15813,train
15814,train
15815,train
15816,train
15817,train
15818,train
15819,train
15820,train
15821,train
15822,train
15823,train
15824,train
15825,train
15826,train
15827,train
15828,train
15829,train
15830,train
15831,train
15832,train
15833,train
15834,train
15835,train
15836,train
15837,train
15838,train
15839,train
15840,train
15841,train
15842,train
15843,train
15844,train
15845,train
15846,train
15847,train
15848,train
15849,train
15850,train
15851,train
15852,train
15853,train
15854,train
15855,train
15856,train
15857,train
15858,train
15859,train
15860,train
15861,train
15862,train
15863,train
15864,train
15865,train
15866,train
15867,train
15868,train
15869,train
15870,train
15871,train
15872,train
15873,train
15874,train
15875,train
15876,train
15877,train
15878,train
15879,train
15880,train
15881,train
15882,train
15883,train
15884,train
15885,train
15886,train
15887,train
15888,train
15889,train
15890,train
15891,train
15892,train
15893,train
15894,train
15895,train
15896,train
15897,train
15898,train
15899,train
15900,train
15901,train
15902,train
15903,train
15904,train
15905,train
15906,train
15907,train
15908,train
15909,train
15910,train
15911,train
15912,train
15913,train
15914,train
15915,train
15916,train
15917,train
15918,train
15919,train
15920,train
15921,train
15922,train
15923,train
15924,train
15925,train
15926,train
15927,train
15928,train
15929,train
15930,train
15931,train
15932,train
15933,train
15934,train
15935,train
15936,train
15937,train
15938,train
15939,train
15940,train
15941,train
15942,train
15943,train
15944,train
15945,train
15946,train
15947,train
15948,train
15949,train
15950,train
15951,train
15952,train
15953,train
15954,train
15955,train
15956,train
15957,train
15958,train
15959,train
15960,train
15961,train
15962,train
15963,train
15964,train
15965,train
15966,train
15967,train
15968,train
15969,train
15970,train
15971,train
15972,train
15973,train
15974,train
15975,train
15976,train
15977,train
15978,train
15979,train
15980,train
15981,train
15982,train
15983,train
15984,train
15985,train
15986,train
15987,train
15988,train
15989,train
15990,train
15991,train
15992,train
15993,train
15994,train
15995,train
15996,train
15997,train
15998,train
15999,train
16000,train
16001,train
16002,train
16003,train
16004,train
16005,train
16006,train
16007,train
16008,train
16009,train
16010,train
16011,train
16012,train
16013,train
16014,train
16015,train
16016,train
16017,train
16018,train
16019,train
16020,train
16021,train
16022,train
16023,train
16024,train
16025,train
16026,train
16027,train
16028,train
16029,train
16030,train
16031,train
16032,train
16033,train
16034,train
16035,train
16036,train
16037,train
16038,train
16039,train
16040,train
16041,train
16042,train
16043,train
16044,train
16045,train
16046,train
16047,train
16048,train
16049,train
16050,train
16051,train
16052,train
16053,train
16054,train
16055,train
16056,train
16057,train
16058,train
16059,train
16060,train
16061,train
16062,train
16063,train
16064,train
16065,train
16066,train
16067,train
16068,train
16069,train
16070,train
16071,train
16072,train
16073,train
16074,train
16075,train
16076,train
16077,train
16078,train
16079,train
16080,train
16081,train
16082,train
16083,train
16084,train
16085,train
16086,train
16087,train
16088,train
16089,train
16090,train
16091,train
16092,train
16093,train
16094,train
16095,train
16096,train
16097,train
16098,train
16099,train
16100,train
16101,train
16102,train
16103,train
16104,train
16105,train
16106,train
16107,train
16108,train
16109,train
16110,train
16111,train
16112,train
16113,train
16114,train
16115,train
16116,train
16117,train
16118,train
16119,train
16120,train
16121,train
16122,train
16123,train
16124,train
16125,train
16126,train
16127,train
16128,train
16129,train
16130,train
16131,train
16132,train
16133,train
16134,train
16135,train
16136,train
16137,train
16138,train
16139,train
16140,train
16141,train
16142,train
16143,train
16144,train
16145,train
16146,train
16147,train
16148,train
16149,train
16150,train
16151,train
16152,train
16153,train
16154,train
16155,train
16156,train
16157,train
16158,train
16159,train
16160,train
16161,train
16162,train
16163,train
16164,train
16165,train
16166,train
16167,train
16168,train
16169,train
16170,train
16171,train
16172,train
16173,train
16174,train
16175,train
16176,train
16177,train
16178,train
16179,train
16180,train
16181,train
16182,train
16183,train
16184,train
16185,train
16186,train
16187,train
16188,train
16189,train
16190,train
16191,train
16192,train
16193,train
16194,train
16195,train
16196,train
16197,train
16198,train
16199,train
16200,train
16201,train
16202,train
16203,train
16204,train
16205,train
16206,train
16207,train
16208,train
16209,train
16210,train
16211,train
16212,train
16213,train
16214,train
16215,train
16216,train
16217,train
16218,train
16219,train
16220,train
16221,train
16222,train
16223,train
16224,train
16225,train
16226,train
16227,train
16228,train
16229,train
16230,train
16231,train
16232,train
16233,train
16234,train
16235,train
16236,train
16237,train
16238,train
16239,train
16240,train
16241,train
16242,train
16243,train
16244,train
16245,train
16246,train
16247,train
16248,train
16249,train
16250,train
16251,train
16252,train
16253,train
16254,train
16255,train
16256,train
16257,train
16258,train
16259,train
16260,train
16261,train
16262,train
16263,train
16264,train
16265,train
16266,train
16267,train
16268,train
16269,train
16270,train
16271,train
16272,train
16273,train
16274,train
16275,train
16276,train
16277,train
16278,train
16279,train
16280,train
16281,train
16282,train
16283,train
16284,train
16285,train
16286,train
16287,train
16288,train
16289,train
16290,train
16291,train
16292,train
16293,train
16294,train
16295,train
16296,train
16297,train
16298,train
16299,train
16300,train
16301,train
16302,train
16303,train
16304,train
16305,train
16306,train
16307,train
16308,train
16309,train
16310,train
16311,train
16312,train
16313,train
16314,train
16315,train
16316,train
16317,train
16318,train
16319,train
16320,train
16321,train
16322,train
16323,train
16324,train
16325,train
16326,train
16327,train
16328,train
16329,train
16330,train
16331,train
16332,train
16333,train
16334,train
16335,train
16336,train
16337,train
16338,train
16339,train
16340,train
16341,train
16342,train
16343,train
16344,train
16345,train
16346,train
16347,train
16348,train
16349,train
16350,train
16351,train
16352,train
16353,train
16354,train
16355,train
16356,train
16357,train
16358,train
16359,train
16360,train
16361,train
16362,train
16363,train
16364,train
16365,train
16366,train
16367,train
16368,train
16369,train
16370,train
16371,train
16372,train
16373,train
16374,train
16375,train
16376,train
16377,train
16378,train
16379,train
16380,train
16381,train
16382,train
16383,train
16384,train
16385,train
16386,train
16387,train
16388,train
16389,train
16390,train
16391,train
16392,train
16393,train
16394,train
16395,train
16396,train
16397,train
16398,train
16399,train
16400,train
16401,train
16402,train
16403,train
16404,train
16405,train
16406,train
16407,train
16408,train
16409,train
16410,train
16411,train
16412,train
16413,train
16414,train
16415,train
16416,train
16417,train
16418,train
16419,train
16420,train
16421,train
16422,train
16423,train
16424,train
16425,train
16426,train
16427,train
16428,train
16429,train
16430,train
16431,train
16432,train
16433,train
16434,train
16435,train
16436,train
16437,train
16438,train
16439,train
16440,train
16441,train
16442,train
16443,train
16444,train
16445,train
16446,train
16447,train
16448,train
16449,train
16450,train
16451,train
16452,train
16453,train
16454,train
16455,train
16456,train
16457,train
16458,train
16459,train
16460,train
16461,train
16462,train
16463,train
16464,train
16465,train
16466,train
16467,train
16468,train
16469,train
16470,train
16471,train
16472,train
16473,train
16474,train
16475,train
16476,train
16477,train
16478,train
16479,train
16480,train
16481,train
16482,train
16483,train
16484,train
16485,train
16486,train
16487,train
16488,train
16489,train
16490,train
16491,train
16492,train
16493,train
16494,train
16495,train
16496,train
16497,train
16498,train
16499,train
16500,train
16501,train
16502,train
16503,train
16504,train
16505,train
16506,train
16507,train
16508,train
16509,train
16510,train
16511,train
16512,train
16513,train
16514,train
16515,train
16516,train
16517,train
16518,train
16519,train
16520,train
16521,train
16522,train
16523,train
16524,train
16525,train
16526,train
16527,train
16528,train
16529,train
16530,train
16531,train
16532,train
16533,train
16534,train
16535,train
16536,train
16537,train
16538,train
16539,train
16540,train
16541,train
16542,train
16543,train
16544,train
16545,train
16546,train
16547,train
16548,train
16549,train
16550,train
16551,train
16552,train
16553,train
16554,train
16555,train
16556,train
16557,train
16558,train
16559,train
16560,train
16561,train
16562,train
16563,train
16564,train
16565,train
16566,train
16567,train
16568,train
16569,train
16570,train
16571,train
16572,train
16573,train
16574,train
16575,train
16576,train
16577,train
16578,train
16579,train
16580,train
16581,train
16582,train
16583,train
16584,train
16585,train
16586,train
16587,train
16588,train
16589,train
16590,train
16591,train
16592,train
16593,train
16594,train
16595,train
16596,train
16597,train
16598,train
16599,train
16600,train
16601,train
16602,train
16603,train
16604,train
16605,train
16606,train
16607,train
16608,train
16609,train
16610,train
16611,train
16612,train
16613,train
16614,train
16615,train
16616,train
16617,train
16618,train
16619,train
16620,train
16621,train
16622,train
16623,train
16624,train
16625,train
16626,train
16627,train
16628,train
16629,train
16630,train
16631,train
16632,train
16633,train
16634,train
16635,train
16636,train
16637,train
16638,train
16639,train
16640,train
16641,train
16642,train
16643,train
16644,train
16645,train
16646,train
16647,train
16648,train
16649,train
16650,train
16651,train
16652,train
16653,train
16654,train
16655,train
16656,train
16657,train
16658,train
16659,train
16660,train
16661,train
16662,train
16663,train
16664,train
16665,train
16666,train
16667,train
16668,train
16669,train
16670,train
16671,train
16672,train
16673,train
16674,train
16675,train
16676,train
16677,train
16678,train
16679,train
16680,train
16681,train
16682,train
16683,train
16684,train
16685,train
16686,train
16687,train
16688,train
16689,train
16690,train
16691,train
16692,train
16693,train
16694,train
16695,train
16696,train
16697,train
16698,train
16699,train
16700,train
16701,train
16702,train
16703,train
16704,train
16705,train
16706,train
16707,train
16708,train
16709,train
16710,train
16711,train
16712,train
16713,train
16714,train
16715,train
16716,train
16717,train
16718,train
16719,train
16720,train
16721,train
16722,train
16723,train
16724,train
16725,train
16726,train
16727,train
16728,train
16729,train
16730,train
16731,train
16732,train
16733,train
16734,train
16735,train
16736,train
16737,train
16738,train
16739,train
16740,train
16741,train
16742,train
16743,train
16744,train
16745,train
16746,train
16747,train
16748,train
16749,train
16750,train
16751,train
16752,train
16753,train
16754,train
16755,train
16756,train
16757,train
16758,train
16759,train
16760,train
16761,train
16762,train
16763,train
16764,train
16765,train
16766,train
16767,train
16768,train
16769,train
16770,train
16771,train
16772,train
16773,train
16774,train
16775,train
16776,train
16777,train
16778,train
16779,train
16780,train
16781,train
16782,train
16783,train
16784,train
16785,train
16786,train
16787,train
16788,train
16789,train
16790,train
16791,train
16792,train
16793,train
16794,train
16795,train
16796,train
16797,train
16798,train
16799,train
16800,train
16801,train
16802,train
16803,train
16804,train
16805,train
16806,train
16807,train
16808,train
16809,train
16810,train
16811,train
16812,train
16813,train
16814,train
16815,train
16816,train
16817,train
16818,train
16819,train
16820,train
16821,train
16822,train
16823,train
16824,train
16825,train
16826,train
16827,train
16828,train
16829,train
16830,train
16831,train
16832,train
16833,train
16834,train
16835,train
16836,train
16837,train
16838,train
16839,train
16840,train
16841,train
16842,train
16843,train
16844,train
16845,train
16846,train
16847,train
16848,train
16849,train
16850,train
16851,train
16852,train
16853,train
16854,train
16855,train
16856,train
16857,train
16858,train
16859,train
16860,train
16861,train
16862,train
16863,train
16864,train
16865,train
16866,train
16867,train
16868,train
16869,train
16870,train
16871,train
16872,train
16873,train
16874,train
16875,train
16876,train
16877,train
16878,train
16879,train
16880,train
16881,train
16882,train
16883,train
16884,train
16885,train
16886,train
16887,train
16888,train
16889,train
16890,train
16891,train
16892,train
16893,train
16894,train
16895,train
16896,train
16897,train
16898,train
16899,train
16900,train
16901,train
16902,train
16903,train
16904,train
16905,train
16906,train
16907,train
16908,train
16909,train
16910,train
16911,train
16912,train
16913,train
16914,train
16915,train
16916,train
16917,train
16918,train
16919,train
16920,train
16921,train
16922,train
16923,train
16924,train
16925,train
16926,train
16927,train
16928,train
16929,train
16930,train
16931,train
16932,train
16933,train
16934,train
16935,train
16936,train
16937,train
16938,train
16939,train
16940,train
16941,train
16942,train
16943,train
16944,train
16945,train
16946,train
16947,train
16948,train
16949,train
16950,train
16951,train
16952,train
16953,train
16954,train
16955,train
16956,train
16957,train
16958,train
16959,train
16960,train
16961,train
16962,train
16963,train
16964,train
16965,train
16966,train
16967,train
16968,train
16969,train
16970,train
16971,train
16972,train
16973,train
16974,train
16975,train
16976,train
16977,train
16978,train
16979,train
16980,train
16981,train
16982,train
16983,train
16984,train
16985,train
16986,train
16987,train
16988,train
16989,train
16990,train
16991,train
16992,train
16993,train
16994,train
16995,train
16996,train
16997,train
16998,train
16999,train
17000,train
17001,train
17002,train
17003,train
17004,train
17005,train
17006,train
17007,train
17008,train
17009,train
17010,train
17011,train
17012,train
17013,train
17014,train
17015,train
17016,train
17017,train
17018,train
17019,train
17020,train
17021,train
17022,train
17023,train
17024,train
17025,train
17026,train
17027,train
17028,train
17029,train
17030,train
17031,train
17032,train
17033,train
17034,train
17035,train
17036,train
17037,train
17038,train
17039,train
17040,train
17041,train
17042,train
17043,train
17044,train
17045,train
17046,train
17047,train
17048,train
17049,train
17050,train
17051,train
17052,train
17053,train
17054,train
17055,train
17056,train
17057,train
17058,train
17059,train
17060,train
17061,train
17062,train
17063,train
17064,train
17065,train
17066,train
17067,train
17068,train
17069,train
17070,train
17071,train
17072,train
17073,train
17074,train
17075,train
17076,train
17077,train
17078,train
17079,train
17080,train
17081,train
17082,train
17083,train
17084,train
17085,train
17086,train
17087,train
17088,train
17089,train
17090,train
17091,train
17092,train
17093,train
17094,train
17095,train
17096,train
17097,train
17098,train
17099,train
17100,train
17101,train
17102,train
17103,train
17104,train
17105,train
17106,train
17107,train
17108,train
17109,train
17110,train
17111,train
17112,train
17113,train
17114,train
17115,train
17116,train
17117,train
17118,train
17119,train
17120,train
17121,train
17122,train
17123,train
17124,train
17125,train
17126,train
17127,train
17128,train
17129,train
17130,train
17131,train
17132,train
17133,train
17134,train
17135,train
17136,train
17137,train
17138,train
17139,train
17140,train
17141,train
17142,train
17143,train
17144,train
17145,train
17146,train
17147,train
17148,train
17149,train
17150,train
17151,train
17152,train
17153,train
17154,train
17155,train
17156,train
17157,train
17158,train
17159,train
17160,train
17161,train
17162,train
17163,train
17164,train
17165,train
17166,train
17167,train
17168,train
17169,train
17170,train
17171,train
17172,train
17173,train
17174,train
17175,train
17176,train
17177,train
17178,train
17179,train
17180,train
17181,train
17182,train
17183,train
17184,train
17185,train
17186,train
17187,train
17188,train
17189,train
17190,train
17191,train
17192,train
17193,train
17194,train
17195,train
17196,train
17197,train
17198,train
17199,train
17200,train
17201,train
17202,train
17203,train
17204,train
17205,train
17206,train
17207,train
17208,train
17209,train
17210,train
17211,train
17212,train
17213,train
17214,train
17215,train
17216,train
17217,train
17218,train
17219,train
17220,train
17221,train
17222,train
17223,train
17224,train
17225,train
17226,train
17227,train
17228,train
17229,train
17230,train
17231,train
17232,train
17233,train
17234,train
17235,train
17236,train
17237,train
17238,train
17239,train
17240,train
17241,train
17242,train
17243,train
17244,train
17245,train
17246,train
17247,train
17248,train
17249,train
17250,train
17251,train
17252,train
17253,train
17254,train
17255,train
17256,train
17257,train
17258,train
17259,train
17260,train
17261,train
17262,train
17263,train
17264,train
17265,train
17266,train
17267,train
17268,train
17269,train
17270,train
17271,train
17272,train
17273,train
17274,train
17275,train
17276,train
17277,train
17278,train
17279,train
17280,train
17281,train
17282,train
17283,train
17284,train
17285,train
17286,train
17287,train
17288,train
17289,train
17290,train
17291,train
17292,train
17293,train
17294,train
17295,train
17296,train
17297,train
17298,train
17299,train
17300,train
17301,train
17302,train
17303,train
17304,train
17305,train
17306,train
17307,train
17308,train
17309,train
17310,train
17311,train
17312,train
17313,train
17314,train
17315,train
17316,train
17317,train
17318,train
17319,train
17320,train
17321,train
17322,train
17323,train
17324,train
17325,train
17326,train
17327,train
17328,train
17329,train
17330,train
17331,train
17332,train
17333,train
17334,train
17335,train
17336,train
17337,train
17338,train
17339,train
17340,train
17341,train
17342,train
17343,train
17344,train
17345,train
17346,train
17347,train
17348,train
17349,train
17350,train
17351,train
17352,train
17353,train
17354,train
17355,train
17356,train
17357,train
17358,train
17359,train
17360,train
17361,train
17362,train
17363,train
17364,train
17365,train
17366,train
17367,train
17368,train
17369,train
17370,train
17371,train
17372,train
17373,train
17374,train
17375,train
17376,train
17377,train
17378,train
17379,train
17380,train
17381,train
17382,train
17383,train
17384,train
17385,train
17386,train
17387,train
17388,train
17389,train
17390,train
17391,train
17392,train
17393,train
17394,train
17395,train
17396,train
17397,train
17398,train
17399,train
17400,train
17401,train
17402,train
17403,train
17404,train
17405,train
17406,train
17407,train
17408,train
17409,train
17410,train
17411,train
17412,train
17413,train
17414,train
17415,train
17416,train
17417,train
17418,train
17419,train
17420,train
17421,train
17422,train
17423,train
17424,train
17425,train
17426,train
17427,train
17428,train
17429,train
17430,train
17431,train
17432,train
17433,train
17434,train
17435,train
17436,train
17437,train
17438,train
17439,train
17440,train
17441,train
17442,train
17443,train
17444,train
17445,train
17446,train
17447,train
17448,train
17449,train
17450,train
17451,train
17452,train
17453,train
17454,train
17455,train
17456,train
17457,train
17458,train
17459,train
17460,train
17461,train
17462,train
17463,train
17464,train
17465,train
17466,train
17467,train
17468,train
17469,train
17470,train
17471,train
17472,train
17473,train
17474,train
17475,train
17476,train
17477,train
17478,train
17479,train
17480,train
17481,train
17482,train
17483,train
17484,train
17485,train
17486,train
17487,train
17488,train
17489,train
17490,train
17491,train
17492,train
17493,train
17494,train
17495,train
17496,train
17497,train
17498,train
17499,train
17500,train
17501,train
17502,train
17503,train
17504,train
17505,train
17506,train
17507,train
17508,train
17509,train
17510,train
17511,train
17512,train
17513,train
17514,train
17515,train
17516,train
17517,train
17518,train
17519,train
17520,train
17521,train
17522,train
17523,train
17524,train
17525,train
17526,train
17527,train
17528,train
17529,train
17530,train
17531,train
17532,train
17533,train
17534,train
17535,train
17536,train
17537,train
17538,train
17539,train
17540,train
17541,train
17542,train
17543,train
17544,train
17545,train
17546,train
17547,train
17548,train
17549,train
17550,train
17551,train
17552,train
17553,train
17554,train
17555,train
17556,train
17557,train
17558,train
17559,train
17560,train
17561,train
17562,train
17563,train
17564,train
17565,train
17566,train
17567,train
17568,train
17569,train
17570,train
17571,train
17572,train
17573,train
17574,train
17575,train
17576,train
17577,train
17578,train
17579,train
17580,train
17581,train
17582,train
17583,train
17584,train
17585,train
17586,train
17587,train
17588,train
17589,train
17590,train
17591,train
17592,train
17593,train
17594,train
17595,train
17596,train
17597,train
17598,train
17599,train
17600,train
17601,train
17602,train
17603,train
17604,train
17605,train
17606,train
17607,train
17608,train
17609,train
17610,train
17611,train
17612,train
17613,train
17614,train
17615,train
17616,train
17617,train
17618,train
17619,train
17620,train
17621,train
17622,train
17623,train
17624,train
17625,train
17626,train
17627,train
17628,train
17629,train
17630,train
17631,train
17632,train
17633,train
17634,train
17635,train
17636,train
17637,train
17638,train
17639,train
17640,train
17641,train
17642,train
17643,train
17644,train
17645,train
17646,train
17647,train
17648,train
17649,train
17650,train
17651,train
17652,train
17653,train
17654,train
17655,train
17656,train
17657,train
17658,train
17659,train
17660,train
17661,train
17662,train
17663,train
17664,train
17665,train
17666,train
17667,train
17668,train
17669,train
17670,train
17671,train
17672,train
17673,train
17674,train
17675,train
17676,train
17677,train
17678,train
17679,train
17680,train
17681,train
17682,train
17683,train
17684,train
17685,train
17686,train
17687,train
17688,train
17689,train
17690,train
17691,train
17692,train
17693,train
17694,train
17695,train
17696,train
17697,train
17698,train
17699,train
17700,train
17701,train
17702,train
17703,train
17704,train
17705,train
17706,train
17707,train
17708,train
17709,train
17710,train
17711,train
17712,train
17713,train
17714,train
17715,train
17716,train
17717,train
17718,train
17719,train
17720,train
17721,train
17722,train
17723,train
17724,train
17725,train
17726,train
17727,train
17728,train
17729,train
17730,train
17731,train
17732,train
17733,train
17734,train
17735,train
17736,train
17737,train
17738,train
17739,train
17740,train
17741,train
17742,train
17743,train
17744,train
17745,train
17746,train
17747,train
17748,train
17749,train
17750,train
17751,train
17752,train
17753,train
17754,train
17755,train
17756,train
17757,train
17758,train
17759,train
17760,train
17761,train
17762,train
17763,train
17764,train
17765,train
17766,train
17767,train
17768,train
17769,train
17770,train
17771,train
17772,train
17773,train
17774,train
17775,train
17776,train
17777,train
17778,train
17779,train
17780,train
17781,train
17782,train
17783,train
17784,train
17785,train
17786,train
17787,train
17788,train
17789,train
17790,train
17791,train
17792,train
17793,train
17794,train
17795,train
17796,train
17797,train
17798,train
17799,train
17800,train
17801,train
17802,train
17803,train
17804,train
17805,train
17806,train
17807,train
17808,train
17809,train
17810,train
17811,train
17812,train
17813,train
17814,train
17815,train
17816,train
17817,train
17818,train
17819,train
17820,train
17821,train
17822,train
17823,train
17824,train
17825,train
17826,train
17827,train
17828,train
17829,train
17830,train
17831,train
17832,train
17833,train
17834,train
17835,train
17836,train
17837,train
17838,train
17839,train
17840,train
17841,train
17842,train
17843,train
17844,train
17845,train
17846,train
17847,train
17848,train
17849,train
17850,train
17851,train
17852,train
17853,train
17854,train
17855,train
17856,train
17857,train
17858,train
17859,train
17860,train
17861,train
17862,train
17863,train
17864,train
17865,train
17866,train
17867,train
17868,train
17869,train
17870,train
17871,train
17872,train
17873,train
17874,train
17875,train
17876,train
17877,train
17878,train
17879,train
17880,train
17881,train
17882,train
17883,train
17884,train
17885,train
17886,train
17887,train
17888,train
17889,train
17890,train
17891,train
17892,train
17893,train
17894,train
17895,train
17896,train
17897,train
17898,train
17899,train
17900,train
17901,train
17902,train
17903,train
17904,train
17905,train
17906,train
17907,train
17908,train
17909,train
17910,train
17911,train
17912,train
17913,train
17914,train
17915,train
17916,train
17917,train
17918,train
17919,train
17920,train
17921,train
17922,train
17923,train
17924,train
17925,train
17926,train
17927,train
17928,train
17929,train
17930,train
17931,train
17932,train
17933,train
17934,train
17935,train
17936,train
17937,train
17938,train
17939,train
17940,train
17941,train
17942,train
17943,train
17944,train
17945,train
17946,train
17947,train
17948,train
17949,train
17950,train
17951,train
17952,train
17953,train
17954,train
17955,train
17956,train
17957,train
17958,train
17959,train
17960,train
17961,train
17962,train
17963,train
17964,train
17965,train
17966,train
17967,train
17968,train
17969,train
17970,train
17971,train
17972,train
17973,train
17974,train
17975,train
17976,train
17977,train
17978,train
17979,train
17980,train
17981,train
17982,train
17983,train
17984,train
17985,train
17986,train
17987,train
17988,train
17989,train
17990,train
17991,train
17992,train
17993,train
17994,train
17995,train
17996,train
17997,train
17998,train
17999,train
18000,train
18001,train
18002,train
18003,train
18004,train
18005,train
18006,train
18007,train
18008,train
18009,train
18010,train
18011,train
18012,train
18013,train
18014,train
18015,train
18016,train
18017,train
18018,train
18019,train
18020,train
18021,train
18022,train
18023,train
18024,train
18025,train
18026,train
18027,train
18028,train
18029,train
18030,train
18031,train
18032,train
18033,train
18034,train
18035,train
18036,train
18037,train
18038,train
18039,train
18040,train
18041,train
18042,train
18043,train
18044,train
18045,train
18046,train
18047,train
18048,train
18049,train
18050,train
18051,train
18052,train
18053,train
18054,train
18055,train
18056,train
18057,train
18058,train
18059,train
18060,train
18061,train
18062,train
18063,train
18064,train
18065,train
18066,train
18067,train
18068,train
18069,train
18070,train
18071,train
18072,train
18073,train
18074,train
18075,train
18076,train
18077,train
18078,train
18079,train
18080,train
18081,train
18082,train
18083,train
18084,train
18085,train
18086,train
18087,train
18088,train
18089,train
18090,train
18091,train
18092,train
18093,train
18094,train
18095,train
18096,train
18097,train
18098,train
18099,train
18100,train
18101,train
18102,train
18103,train
18104,train
18105,train
18106,train
18107,train
18108,train
18109,train
18110,train
18111,train
18112,train
18113,train
18114,train
18115,train
18116,train
18117,train
18118,train
18119,train
18120,train
18121,train
18122,train
18123,train
18124,train
18125,train
18126,train
18127,train
18128,train
18129,train
18130,train
18131,train
18132,train
18133,train
18134,train
18135,train
18136,train
18137,train
18138,train
18139,train
18140,train
18141,train
18142,train
18143,train
18144,train
18145,train
18146,train
18147,train
18148,train
18149,train
18150,train
18151,train
18152,train
18153,train
18154,train
18155,train
18156,train
18157,train
18158,train
18159,train
18160,train
18161,train
18162,train
18163,train
18164,train
18165,train
18166,train
18167,train
18168,train
18169,train
18170,train
18171,train
18172,train
18173,train
18174,train
18175,train
18176,train
18177,train
18178,train
18179,train
18180,train
18181,train
18182,train
18183,train
18184,train
18185,train
18186,train
18187,train
18188,train
18189,train
18190,train
18191,train
18192,train
18193,train
18194,train
18195,train
18196,train
18197,train
18198,train
18199,train
18200,train
18201,train
18202,train
18203,train
18204,train
18205,train
18206,train
18207,train
18208,train
18209,train
18210,train
18211,train
18212,train
18213,train
18214,train
18215,train
18216,train
18217,train
18218,train
18219,train
18220,train
18221,train
18222,train
18223,train
18224,train
18225,train
18226,train
18227,train
18228,train
18229,train
18230,train
18231,train
18232,train
18233,train
18234,train
18235,train
18236,train
18237,train
18238,train
18239,train
18240,train
18241,train
18242,train
18243,train
18244,train
18245,train
18246,train
18247,train
18248,train
18249,train
18250,train
18251,train
18252,train
18253,train
18254,train
18255,train
18256,train
18257,train
18258,train
18259,train
18260,train
18261,train
18262,train
18263,train
18264,train
18265,train
18266,train
18267,train
18268,train
18269,train
18270,train
18271,train
18272,train
18273,train
18274,train
18275,train
18276,train
18277,train
18278,train
18279,train
18280,train
18281,train
18282,train
18283,train
18284,train
18285,train
18286,train
18287,train
18288,train
18289,train
18290,train
18291,train
18292,train
18293,train
18294,train
18295,train
18296,train
18297,train
18298,train
18299,train
18300,train
18301,train
18302,train
18303,train
18304,train
18305,train
18306,train
18307,train
18308,train
18309,train
18310,train
18311,train
18312,train
18313,train
18314,train
18315,train
18316,train
18317,train
18318,train
18319,train
18320,train
18321,train
18322,train
18323,train
18324,train
18325,train
18326,train
18327,train
18328,train
18329,train
18330,train
18331,train
18332,train
18333,train
18334,train
18335,train
18336,train
18337,train
18338,train
18339,train
18340,train
18341,train
18342,train
18343,train
18344,train
18345,train
18346,train
18347,train
18348,train
18349,train
18350,train
18351,train
18352,train
18353,train
18354,train
18355,train
18356,train
18357,train
18358,train
18359,train
18360,train
18361,train
18362,train
18363,train
18364,train
18365,train
18366,train
18367,train
18368,train
18369,train
18370,train
18371,train
18372,train
18373,train
18374,train
18375,train
18376,train
18377,train
18378,train
18379,train
18380,train
18381,train
18382,train
18383,train
18384,train
18385,train
18386,train
18387,train
18388,train
18389,train
18390,train
18391,train
18392,train
18393,train
18394,train
18395,train
18396,train
18397,train
18398,train
18399,train
18400,train
18401,train
18402,train
18403,train
18404,train
18405,train
18406,train
18407,train
18408,train
18409,train
18410,train
18411,train
18412,train
18413,train
18414,train
18415,train
18416,train
18417,train
18418,train
18419,train
18420,train
18421,train
18422,train
18423,train
18424,train
18425,train
18426,train
18427,train
18428,train
18429,train
18430,train
18431,train
18432,train
18433,train
18434,train
18435,train
18436,train
18437,train
18438,train
18439,train
18440,train
18441,train
18442,train
18443,train
18444,train
18445,train
18446,train
18447,train
18448,train
18449,train
18450,train
18451,train
18452,train
18453,train
18454,train
18455,train
18456,train
18457,train
18458,train
18459,train
18460,train
18461,train
18462,train
18463,train
18464,train
18465,train
18466,train
18467,train
18468,train
18469,train
18470,train
18471,train
18472,train
18473,train
18474,train
18475,train
18476,train
18477,train
18478,train
18479,train
18480,train
18481,train
18482,train
18483,train
18484,train
18485,train
18486,train
18487,train
18488,train
18489,train
18490,train
18491,train
18492,train
18493,train
18494,train
18495,train
18496,train
18497,train
18498,train
18499,train
18500,train
18501,train
18502,train
18503,train
18504,train
18505,train
18506,train
18507,train
18508,train
18509,train
18510,train
18511,train
18512,train
18513,train
18514,train
18515,train
18516,train
18517,train
18518,train
18519,train
18520,train
18521,train
18522,train
18523,train
18524,train
18525,train
18526,train
18527,train
18528,train
18529,train
18530,train
18531,train
18532,train
18533,train
18534,train
18535,train
18536,train
18537,train
18538,train
18539,train
18540,train
18541,train
18542,train
18543,train
18544,train
18545,train
18546,train
18547,train
18548,train
18549,train
18550,train
18551,train
18552,train
18553,train
18554,train
18555,train
18556,train
18557,train
18558,train
18559,train
18560,train
18561,train
18562,train
18563,train
18564,train
18565,train
18566,train
18567,train
18568,train
18569,train
18570,train
18571,train
18572,train
18573,train
18574,train
18575,train
18576,train
18577,train
18578,train
18579,train
18580,train
18581,train
18582,train
18583,train
18584,train
18585,train
18586,train
18587,train
18588,train
18589,train
18590,train
18591,train
18592,train
18593,train
18594,train
18595,train
18596,train
18597,train
18598,train
18599,train
18600,train
18601,train
18602,train
18603,train
18604,train
18605,train
18606,train
18607,train
18608,train
18609,train
18610,train
18611,train
18612,train
18613,train
18614,train
18615,train
18616,train
18617,train
18618,train
18619,train
18620,train
18621,train
18622,train
18623,train
18624,train
18625,train
18626,train
18627,train
18628,train
18629,train
18630,train
18631,train
18632,train
18633,train
18634,train
18635,train
18636,train
18637,train
18638,train
18639,train
18640,train
18641,train
18642,train
18643,train
18644,train
18645,train
18646,train
18647,train
18648,train
18649,train
18650,train
18651,train
18652,train
18653,train
18654,train
18655,train
18656,train
18657,train
18658,train
18659,train
18660,train
18661,train
18662,train
18663,train
18664,train
18665,train
18666,train
18667,train
18668,train
18669,train
18670,train
18671,train
18672,train
18673,train
18674,train
18675,train
18676,train
18677,train
18678,train
18679,train
18680,train
18681,train
18682,train
18683,train
18684,train
18685,train
18686,train
18687,train
18688,train
18689,train
18690,train
18691,train
18692,train
18693,train
18694,train
18695,train
18696,train
18697,train
18698,train
18699,train
18700,train
18701,train
18702,train
18703,train
18704,train
18705,train
18706,train
18707,train
18708,train
18709,train
18710,train
18711,train
18712,train
18713,train
18714,train
18715,train
18716,train
18717,train
18718,train
18719,train
18720,train
18721,train
18722,train
18723,train
18724,train
18725,train
18726,train
18727,train
18728,train
18729,train
18730,train
18731,train
18732,train
18733,train
18734,train
18735,train
18736,train
18737,train
18738,train
18739,train
18740,train
18741,train
18742,train
18743,train
18744,train
18745,train
18746,train
18747,train
18748,train
18749,train
18750,train
18751,train
18752,train
18753,train
18754,train
18755,train
18756,train
18757,train
18758,train
18759,train
18760,train
18761,train
18762,train
18763,train
18764,train
18765,train
18766,train
18767,train
18768,train
18769,train
18770,train
18771,train
18772,train
18773,train
18774,train
18775,train
18776,train
18777,train
18778,train
18779,train
18780,train
18781,train
18782,train
18783,train
18784,train
18785,train
18786,train
18787,train
18788,train
18789,train
18790,train
18791,train
18792,train
18793,train
18794,train
18795,train
18796,train
18797,train
18798,train
18799,train
18800,train
18801,train
18802,train
18803,train
18804,train
18805,train
18806,train
18807,train
18808,train
18809,train
18810,train
18811,train
18812,train
18813,train
18814,train
18815,train
18816,train
18817,train
18818,train
18819,train
18820,train
18821,train
18822,train
18823,train
18824,train
18825,train
18826,train
18827,train
18828,train
18829,train
18830,train
18831,train
18832,train
18833,train
18834,train
18835,train
18836,train
18837,train
18838,train
18839,train
18840,train
18841,train
18842,train
18843,train
18844,train
18845,train
18846,train
18847,train
18848,train
18849,train
18850,train
18851,train
18852,train
18853,train
18854,train
18855,train
18856,train
18857,train
18858,train
18859,train
18860,train
18861,train
18862,train
18863,train
18864,train
18865,train
18866,train
18867,train
18868,train
18869,train
18870,train
18871,train
18872,train
18873,train
18874,train
18875,train
18876,train
18877,train
18878,train
18879,train
18880,train
18881,train
18882,train
18883,train
18884,train
18885,train
18886,train
18887,train
18888,train
18889,train
18890,train
18891,train
18892,train
18893,train
18894,train
18895,train
18896,train
18897,train
18898,train
18899,train
18900,train
18901,train
18902,train
18903,train
18904,train
18905,train
18906,train
18907,train
18908,train
18909,train
18910,train
18911,train
18912,train
18913,train
18914,train
18915,train
18916,train
18917,train
18918,train
18919,train
18920,train
18921,train
18922,train
18923,train
18924,train
18925,train
18926,train
18927,train
18928,train
18929,train
18930,train
18931,train
18932,train
18933,train
18934,train
18935,train
18936,train
18937,train
18938,train
18939,train
18940,train
18941,train
18942,train
18943,train
18944,train
18945,train
18946,train
18947,train
18948,train
18949,train
18950,train
18951,train
18952,train
18953,train
18954,train
18955,train
18956,train
18957,train
18958,train
18959,train
18960,train
18961,train
18962,train
18963,train
18964,train
18965,train
18966,train
18967,train
18968,train
18969,train
18970,train
18971,train
18972,train
18973,train
18974,train
18975,train
18976,train
18977,train
18978,train
18979,train
18980,train
18981,train
18982,train
18983,train
18984,train
18985,train
18986,train
18987,train
18988,train
18989,train
18990,train
18991,train
18992,train
18993,train
18994,train
18995,train
18996,train
18997,train
18998,train
18999,train
19000,train
19001,train
19002,train
19003,train
19004,train
19005,train
19006,train
19007,train
19008,train
19009,train
19010,train
19011,train
19012,train
19013,train
19014,train
19015,train
19016,train
19017,train
19018,train
19019,train
19020,train
19021,train
19022,train
19023,train
19024,train
19025,train
19026,train
19027,train
19028,train
19029,train
19030,train
19031,train
19032,train
19033,train
19034,train
19035,train
19036,train
19037,train
19038,train
19039,train
19040,train
19041,train
19042,train
19043,train
19044,train
19045,train
19046,train
19047,train
19048,train
19049,train
19050,train
19051,train
19052,train
19053,train
19054,train
19055,train
19056,train
19057,train
19058,train
19059,train
19060,train
19061,train
19062,train
19063,train
19064,train
19065,train
19066,train
19067,train
19068,train
19069,train
19070,train
19071,train
19072,train
19073,train
19074,train
19075,train
19076,train
19077,train
19078,train
19079,train
19080,train
19081,train
19082,train
19083,train
19084,train
19085,train
19086,train
19087,train
19088,train
19089,train
19090,train
19091,train
19092,train
19093,train
19094,train
19095,train
19096,train
19097,train
19098,train
19099,train
19100,train
19101,train
19102,train
19103,train
19104,train
19105,train
19106,train
19107,train
19108,train
19109,train
19110,train
19111,train
19112,train
19113,train
19114,train
19115,train
19116,train
19117,train
19118,train
19119,train
19120,train
19121,train
19122,train
19123,train
19124,train
19125,train
19126,train
19127,train
19128,train
19129,train
19130,train
19131,train
19132,train
19133,train
19134,train
19135,train
19136,train
19137,train
19138,train
19139,train
19140,train
19141,train
19142,train
19143,train
19144,train
19145,train
19146,train
19147,train
19148,train
19149,train
19150,train
19151,train
19152,train
19153,train
19154,train
19155,train
19156,train
19157,train
19158,train
19159,train
19160,train
19161,train
19162,train
19163,train
19164,train
19165,train
19166,train
19167,train
19168,train
19169,train
19170,train
19171,train
19172,train
19173,train
19174,train
19175,train
19176,train
19177,train
19178,train
19179,train
19180,train
19181,train
19182,train
19183,train
19184,train
19185,train
19186,train
19187,train
19188,train
19189,train
19190,train
19191,train
19192,train
19193,train
19194,train
19195,train
19196,train
19197,train
19198,train
19199,train
19200,train
19201,train
19202,train
19203,train
19204,train
19205,train
19206,train
19207,train
19208,train
19209,train
19210,train
19211,train
19212,train
19213,train
19214,train
19215,train
19216,train
19217,train
19218,train
19219,train
19220,train
19221,train
19222,train
19223,train
19224,train
19225,train
19226,train
19227,train
19228,train
19229,train
19230,train
19231,train
19232,train
19233,train
19234,train
19235,train
19236,train
19237,train
19238,train
19239,train
19240,train
19241,train
19242,train
19243,train
19244,train
19245,train
19246,train
19247,train
19248,train
19249,train
19250,train
19251,train
19252,train
19253,train
19254,train
19255,train
19256,train
19257,train
19258,train
19259,train
19260,train
19261,train
19262,train
19263,train
19264,train
19265,train
19266,train
19267,train
19268,train
19269,train
19270,train
19271,train
19272,train
19273,train
19274,train
19275,train
19276,train
19277,train
19278,train
19279,train
19280,train
19281,train
19282,train
19283,train
19284,train
19285,train
19286,train
19287,train
19288,train
19289,train
19290,train
19291,train
19292,train
19293,train
19294,train
19295,train
19296,train
19297,train
19298,train
19299,train
19300,train
19301,train
19302,train
19303,train
19304,train
19305,train
19306,train
19307,train
19308,train
19309,train
19310,train
19311,train
19312,train
19313,train
19314,train
19315,train
19316,train
19317,train
19318,train
19319,train
19320,train
19321,train
19322,train
19323,train
19324,train
19325,train
19326,train
19327,train
19328,train
19329,train
19330,train
19331,train
19332,train
19333,train
19334,train
19335,train
19336,train
19337,train
19338,train
19339,train
19340,train
19341,train
19342,train
19343,train
19344,train
19345,train
19346,train
19347,train
19348,train
19349,train
19350,train
19351,train
19352,train
19353,train
19354,train
19355,train
19356,train
19357,train
19358,train
19359,train
19360,train
19361,train
19362,train
19363,train
19364,train
19365,train
19366,train
19367,train
19368,train
19369,train
19370,train
19371,train
19372,train
19373,train
19374,train
19375,train
19376,train
19377,train
19378,train
19379,train
19380,train
19381,train
19382,train
19383,train
19384,train
19385,train
19386,train
19387,train
19388,train
19389,train
19390,train
19391,train
19392,train
19393,train
19394,train
19395,train
19396,train
19397,train
19398,train
19399,train
19400,train
19401,train
19402,train
19403,train
19404,train
19405,train
19406,train
19407,train
19408,train
19409,train
19410,train
19411,train
19412,train
19413,train
19414,train
19415,train
19416,train
19417,train
19418,train
19419,train
19420,train
19421,train
19422,train
19423,train
19424,train
19425,train
19426,train
19427,train
19428,train
19429,train
19430,train
19431,train
19432,train
19433,train
19434,train
19435,train
19436,train
19437,train
19438,train
19439,train
19440,train
19441,train
19442,train
19443,train
19444,train
19445,train
19446,train
19447,train
19448,train
19449,train
19450,train
19451,train
19452,train
19453,train
19454,train
19455,train
19456,train
19457,train
19458,train
19459,train
19460,train
19461,train
19462,train
19463,train
19464,train
19465,train
19466,train
19467,train
19468,train
19469,train
19470,train
19471,train
19472,train
19473,train
19474,train
19475,train
19476,train
19477,train
19478,train
19479,train
19480,train
19481,train
19482,train
19483,train
19484,train
19485,train
19486,train
19487,train
19488,train
19489,train
19490,train
19491,train
19492,train
19493,train
19494,train
19495,train
19496,train
19497,train
19498,train
19499,train
19500,train
19501,train
19502,train
19503,train
19504,train
19505,train
19506,train
19507,train
19508,train
19509,train
19510,train
19511,train
19512,train
19513,train
19514,train
19515,train
19516,train
19517,train
19518,train
19519,train
19520,train
19521,train
19522,train
19523,train
19524,train
19525,train
19526,train
19527,train
19528,train
19529,train
19530,train
19531,train
19532,train
19533,train
19534,train
19535,train
19536,train
19537,train
19538,train
19539,train
19540,train
19541,train
19542,train
19543,train
19544,train
19545,train
19546,train
19547,train
19548,train
19549,train
19550,train
19551,train
19552,train
19553,train
19554,train
19555,train
19556,train
19557,train
19558,train
19559,train
19560,train
19561,train
19562,train
19563,train
19564,train
19565,train
19566,train
19567,train
19568,train
19569,train
19570,train
19571,train
19572,train
19573,train
19574,train
19575,train
19576,train
19577,train
19578,train
19579,train
19580,train
19581,train
19582,train
19583,train
19584,train
19585,train
19586,train
19587,train
19588,train
19589,train
19590,train
19591,train
19592,train
19593,train
19594,train
19595,train
19596,train
19597,train
19598,train
19599,train
19600,train
19601,train
19602,train
19603,train
19604,train
19605,train
19606,train
19607,train
19608,train
19609,train
19610,train
19611,train
19612,train
19613,train
19614,train
19615,train
19616,train
19617,train
19618,train
19619,train
19620,train
19621,train
19622,train
19623,train
19624,train
19625,train
19626,train
19627,train
19628,train
19629,train
19630,train
19631,train
19632,train
19633,train
19634,train
19635,train
19636,train
19637,train
19638,train
19639,train
19640,train
19641,train
19642,train
19643,train
19644,train
19645,train
19646,train
19647,train
19648,train
19649,train
19650,train
19651,train
19652,train
19653,train
19654,train
19655,train
19656,train
19657,train
19658,train
19659,train
19660,train
19661,train
19662,train
19663,train
19664,train
19665,train
19666,train
19667,train
19668,train
19669,train
19670,train
19671,train
19672,train
19673,train
19674,train
19675,train
19676,train
19677,train
19678,train
19679,train
19680,train
19681,train
19682,train
19683,train
19684,train
19685,train
19686,train
19687,train
19688,train
19689,train
19690,train
19691,train
19692,train
19693,train
19694,train
19695,train
19696,train
19697,train
19698,train
19699,train
19700,train
19701,train
19702,train
19703,train
19704,train
19705,train
19706,train
19707,train
19708,train
19709,train
19710,train
19711,train
19712,train
19713,train
19714,train
19715,train
19716,train
19717,train
19718,train
19719,train
19720,train
19721,train
19722,train
19723,train
19724,train
19725,train
19726,train
19727,train
19728,train
19729,train
19730,train
19731,train
19732,train
19733,train
19734,train
19735,train
19736,train
19737,train
19738,train
19739,train
19740,train
19741,train
19742,train
19743,train
19744,train
19745,train
19746,train
19747,train
19748,train
19749,train
19750,train
19751,train
19752,train
19753,train
19754,train
19755,train
19756,train
19757,train
19758,train
19759,train
19760,train
19761,train
19762,train
19763,train
19764,train
19765,train
19766,train
19767,train
19768,train
19769,train
19770,train
19771,train
19772,train
19773,train
19774,train
19775,train
19776,train
19777,train
19778,train
19779,train
19780,train
19781,train
19782,train
19783,train
19784,train
19785,train
19786,train
19787,train
19788,train
19789,train
19790,train
19791,train
19792,train
19793,train
19794,train
19795,train
19796,train
19797,train
19798,train
19799,train
19800,train
19801,train
19802,train
19803,train
19804,train
19805,train
19806,train
19807,train
19808,train
19809,train
19810,train
19811,train
19812,train
19813,train
19814,train
19815,train
19816,train
19817,train
19818,train
19819,train
19820,train
19821,train
19822,train
19823,train
19824,train
19825,train
19826,train
19827,train
19828,train
19829,train
19830,train
19831,train
19832,train
19833,train
19834,train
19835,train
19836,train
19837,train
19838,train
19839,train
19840,train
19841,train
19842,train
19843,train
19844,train
19845,train
19846,train
19847,train
19848,train
19849,train
19850,train
19851,train
19852,train
19853,train
19854,train
19855,train
19856,train
19857,train
19858,train
19859,train
19860,train
19861,train
19862,train
19863,train
19864,train
19865,train
19866,train
19867,train
19868,train
19869,train
19870,train
19871,train
19872,train
19873,train
19874,train
19875,train
19876,train
19877,train
19878,train
19879,train
19880,train
19881,train
19882,train
19883,train
19884,train
19885,train
19886,train
19887,train
19888,train
19889,train
19890,train
19891,train
19892,train
19893,train
19894,train
19895,train
19896,train
19897,train
19898,train
19899,train
19900,train
19901,train
19902,train
19903,train
19904,train
19905,train
19906,train
19907,train
19908,train
19909,train
19910,train
19911,train
19912,train
19913,train
19914,train
19915,train
19916,train
19917,train
19918,train
19919,train
19920,train
19921,train
19922,train
19923,train
19924,train
19925,train
19926,train
19927,train
19928,train
19929,train
19930,train
19931,train
19932,train
19933,train
19934,train
19935,train
19936,train
19937,train
19938,train
19939,train
19940,train
19941,train
19942,train
19943,train
19944,train
19945,train
19946,train
19947,train
19948,train
19949,train
19950,train
19951,train
19952,train
19953,train
19954,train
19955,train
19956,train
19957,train
19958,train
19959,train
19960,train
19961,train
19962,train
19963,train
19964,train
19965,train
19966,train
19967,train
19968,train
19969,train
19970,train
19971,train
19972,train
19973,train
19974,train
19975,train
19976,train
19977,train
19978,train
19979,train
19980,train
19981,train
19982,train
19983,train
19984,train
19985,train
19986,train
19987,train
19988,train
19989,train
19990,train
19991,train
19992,train
19993,train
19994,train
19995,train
19996,train
19997,train
19998,train
19999,train
20000,train
20001,train
20002,train
20003,train
20004,train
20005,train
20006,train
20007,train
20008,train
20009,train
20010,train
20011,train
20012,train
20013,train
20014,train
20015,train
20016,train
20017,train
20018,train
20019,train
20020,train
20021,train
20022,train
20023,train
20024,train
20025,train
20026,train
20027,train
20028,train
20029,train
20030,train
20031,train
20032,train
20033,train
20034,train
20035,train
20036,train
20037,train
20038,train
20039,train
20040,train
20041,train
20042,train
20043,train
20044,train
20045,train
20046,train
20047,train
20048,train
20049,train
20050,train
20051,train
20052,train
20053,train
20054,train
20055,train
20056,train
20057,train
20058,train
20059,train
20060,train
20061,train
20062,train
20063,train
20064,train
20065,train
20066,train
20067,train
20068,train
20069,train
20070,train
20071,train
20072,train
20073,train
20074,train
20075,train
20076,train
20077,train
20078,train
20079,train
20080,train
20081,train
20082,train
20083,train
20084,train
20085,train
20086,train
20087,train
20088,train
20089,train
20090,train
20091,train
20092,train
20093,train
20094,train
20095,train
20096,train
20097,train
20098,train
20099,train
20100,train
20101,train
20102,train
20103,train
20104,train
20105,train
20106,train
20107,train
20108,train
20109,train
20110,train
20111,train
20112,train
20113,train
20114,train
20115,train
20116,train
20117,train
20118,train
20119,train
20120,train
20121,train
20122,train
20123,train
20124,train
20125,train
20126,train
20127,train
20128,train
20129,train
20130,train
20131,train
20132,train
20133,train
20134,train
20135,train
20136,train
20137,train
20138,train
20139,train
20140,train
20141,train
20142,train
20143,train
20144,train
20145,train
20146,train
20147,train
20148,train
20149,train
20150,train
20151,train
20152,train
20153,train
20154,train
20155,train
20156,train
20157,train
20158,train
20159,train
20160,train
20161,train
20162,train
20163,train
20164,train
20165,train
20166,train
20167,train
20168,train
20169,train
20170,train
20171,train
20172,train
20173,train
20174,train
20175,train
20176,train
20177,train
20178,train
20179,train
20180,train
20181,train
20182,train
20183,train
20184,train
20185,train
20186,train
20187,train
20188,train
20189,train
20190,train
20191,train
20192,train
20193,train
20194,train
20195,train
20196,train
20197,train
20198,train
20199,train
20200,train
20201,train
20202,train
20203,train
20204,train
20205,train
20206,train
20207,train
20208,train
20209,train
20210,train
20211,train
20212,train
20213,train
20214,train
20215,train
20216,train
20217,train
20218,train
20219,train
20220,train
20221,train
20222,train
20223,train
20224,train
20225,train
20226,train
20227,train
20228,train
20229,train
20230,train
20231,train
20232,train
20233,train
20234,train
20235,train
20236,train
20237,train
20238,train
20239,train
20240,train
20241,train
20242,train
20243,train
20244,train
20245,train
20246,train
20247,train
20248,train
20249,train
20250,train
20251,train
20252,train
20253,train
20254,train
20255,train
20256,train
20257,train
20258,train
20259,train
20260,train
20261,train
20262,train
20263,train
20264,train
20265,train
20266,train
20267,train
20268,train
20269,train
20270,train
20271,train
20272,train
20273,train
20274,train
20275,train
20276,train
20277,train
20278,train
20279,train
20280,train
20281,train
20282,train
20283,train
20284,train
20285,train
20286,train
20287,train
20288,train
20289,train
20290,train
20291,train
20292,train
20293,train
20294,train
20295,train
20296,train
20297,train
20298,train
20299,train
20300,train
20301,train
20302,train
20303,train
20304,train
20305,train
20306,train
20307,train
20308,train
20309,train
20310,train
20311,train
20312,train
20313,train
20314,train
20315,train
20316,train
20317,train
20318,train
20319,train
20320,train
20321,train
20322,train
20323,train
20324,train
20325,train
20326,train
20327,train
20328,train
20329,train
20330,train
20331,train
20332,train
20333,train
20334,train
20335,train
20336,train
20337,train
20338,train
20339,train
20340,train
20341,train
20342,train
20343,train
20344,train
20345,train
20346,train
20347,train
20348,train
20349,train
20350,train
20351,train
20352,train
20353,train
20354,train
20355,train
20356,train
20357,train
20358,train
20359,train
20360,train
20361,train
20362,train
20363,train
20364,train
20365,train
20366,train
20367,train
20368,train
20369,train
20370,train
20371,train
20372,train
20373,train
20374,train
20375,train
20376,train
20377,train
20378,train
20379,train
20380,train
20381,train
20382,train
20383,train
20384,train
20385,train
20386,train
20387,train
20388,train
20389,train
20390,train
20391,train
20392,train
20393,train
20394,train
20395,train
20396,train
20397,train
20398,train
20399,train
20400,train
20401,train
20402,train
20403,train
20404,train
20405,train
20406,train
20407,train
20408,train
20409,train
20410,train
20411,train
20412,train
20413,train
20414,train
20415,train
20416,train
20417,train
20418,train
20419,train
20420,train
20421,train
20422,train
20423,train
20424,train
20425,train
20426,train
20427,train
20428,train
20429,train
20430,train
20431,train
20432,train
20433,train
20434,train
20435,train
20436,train
20437,train
20438,train
20439,train
20440,train
20441,train
20442,train
20443,train
20444,train
20445,train
20446,train
20447,train
20448,train
20449,train
20450,train
20451,train
20452,train
20453,train
20454,train
20455,train
20456,train
20457,train
20458,train
20459,train
20460,train
20461,train
20462,train
20463,train
20464,train
20465,train
20466,train
20467,train
20468,train
20469,train
20470,train
20471,train
20472,train
20473,train
20474,train
20475,train
20476,train
20477,train
20478,train
20479,train
20480,train
20481,train
20482,train
20483,train
20484,train
20485,train
20486,train
20487,train
20488,train
20489,train
20490,train
20491,train
20492,train
20493,train
20494,train
20495,train
20496,train
20497,train
20498,train
20499,train
20500,train
20501,train
20502,train
20503,train
20504,train
20505,train
20506,train
20507,train
20508,train
20509,train
20510,train
20511,train
20512,train
20513,train
20514,train
20515,train
20516,train
20517,train
20518,train
20519,train
20520,train
20521,train
20522,train
20523,train
20524,train
20525,train
20526,train
20527,train
20528,train
20529,train
20530,train
20531,train
20532,train
20533,train
20534,train
20535,train
20536,train
20537,train
20538,train
20539,train
20540,train
20541,train
20542,train
20543,train
20544,train
20545,train
20546,train
20547,train
20548,train
20549,train
20550,train
20551,train
20552,train
20553,train
20554,train
20555,train
20556,train
20557,train
20558,train
20559,train
20560,train
20561,train
20562,train
20563,train
20564,train
20565,train
20566,train
20567,train
20568,train
20569,train
20570,train
20571,train
20572,train
20573,train
20574,train
20575,train
20576,train
20577,train
20578,train
20579,train
20580,train
20581,train
20582,train
20583,train
20584,train
20585,train
20586,train
20587,train
20588,train
20589,train
20590,train
20591,train
20592,train
20593,train
20594,train
20595,train
20596,train
20597,train
20598,train
20599,train
20600,train
20601,train
20602,train
20603,train
20604,train
20605,train
20606,train
20607,train
20608,train
20609,train
20610,train
20611,train
20612,train
20613,train
20614,train
20615,train
20616,train
20617,train
20618,train
20619,train
20620,train
20621,train
20622,train
20623,train
20624,train
20625,train
20626,train
20627,train
20628,train
20629,train
20630,train
20631,train
20632,train
20633,train
20634,train
20635,train
20636,train
20637,train
20638,train
20639,train
20640,train
20641,train
20642,train
20643,train
20644,train
20645,train
20646,train
20647,train
20648,train
20649,train
20650,train
20651,train
20652,train
20653,train
20654,train
20655,train
20656,train
20657,train
20658,train
20659,train
20660,train
20661,train
20662,train
20663,train
20664,train
20665,train
20666,train
20667,train
20668,train
20669,train
20670,train
20671,train
20672,train
20673,train
20674,train
20675,train
20676,train
20677,train
20678,train
20679,train
20680,train
20681,train
20682,train
20683,train
20684,train
20685,train
20686,train
20687,train
20688,train
20689,train
20690,train
20691,train
20692,train
20693,train
20694,train
20695,train
20696,train
20697,train
20698,train
20699,train
20700,train
20701,train
20702,train
20703,train
20704,train
20705,train
20706,train
20707,train
20708,train
20709,train
20710,train
20711,train
20712,train
20713,train
20714,train
20715,train
20716,train
20717,train
20718,train
20719,train
20720,train
20721,train
20722,train
20723,train
20724,train
20725,train
20726,train
20727,train
20728,train
20729,train
20730,train
20731,train
20732,train
20733,train
20734,train
20735,train
20736,train
20737,train
20738,train
20739,train
20740,train
20741,train
20742,train
20743,train
20744,train
20745,train
20746,train
20747,train
20748,train
20749,train
20750,train
20751,train
20752,train
20753,train
20754,train
20755,train
20756,train
20757,train
20758,train
20759,train
20760,train
20761,train
20762,train
20763,train
20764,train
20765,train
20766,train
20767,train
20768,train
20769,train
20770,train
20771,train
20772,train
20773,train
20774,train
20775,train
20776,train
20777,train
20778,train
20779,train
20780,train
20781,train
20782,train
20783,train
20784,train
20785,train
20786,train
20787,train
20788,train
20789,train
20790,train
20791,train
20792,train
20793,train
20794,train
20795,train
20796,train
20797,train
20798,train
20799,train
20800,train
20801,train
20802,train
20803,train
20804,train
20805,train
20806,train
20807,train
20808,train
20809,train
20810,train
20811,train
20812,train
20813,train
20814,train
20815,train
20816,train
20817,train
20818,train
20819,train
20820,train
20821,train
20822,train
20823,train
20824,train
20825,train
20826,train
20827,train
20828,train
20829,train
20830,train
20831,train
20832,train
20833,train
20834,train
20835,train
20836,train
20837,train
20838,train
20839,train
20840,train
20841,train
20842,train
20843,train
20844,train
20845,train
20846,train
20847,train
20848,train
20849,train
20850,train
20851,train
20852,train
20853,train
20854,train
20855,train
20856,train
20857,train
20858,train
20859,train
20860,train
20861,train
20862,train
20863,train
20864,train
20865,train
20866,train
20867,train
20868,train
20869,train
20870,train
20871,train
20872,train
20873,train
20874,train
20875,train
20876,train
20877,train
20878,train
20879,train
20880,train
20881,train
20882,train
20883,train
20884,train
20885,train
20886,train
20887,train
20888,train
20889,train
20890,train
20891,train
20892,train
20893,train
20894,train
20895,train
20896,train
20897,train
20898,train
20899,train
20900,train
20901,train
20902,train
20903,train
20904,train
20905,train
20906,train
20907,train
20908,train
20909,train
20910,train
20911,train
20912,train
20913,train
20914,train
20915,train
20916,train
20917,train
20918,train
20919,train
20920,train
20921,train
20922,train
20923,train
20924,train
20925,train
20926,train
20927,train
20928,train
20929,train
20930,train
20931,train
20932,train
20933,train
20934,train
20935,train
20936,train
20937,train
20938,train
20939,train
20940,train
20941,train
20942,train
20943,train
20944,train
20945,train
20946,train
20947,train
20948,train
20949,train
20950,train
20951,train
20952,train
20953,train
20954,train
20955,train
20956,train
20957,train
20958,train
20959,train
20960,train
20961,train
20962,train
20963,train
20964,train
20965,train
20966,train
20967,train
20968,train
20969,train
20970,train
20971,train
20972,train
20973,train
20974,train
20975,train
20976,train
20977,train
20978,train
20979,train
20980,train
20981,train
20982,train
20983,train
20984,train
20985,train
20986,train
20987,train
20988,train
20989,train
20990,train
20991,train
20992,train
20993,train
20994,train
20995,train
20996,train
20997,train
20998,train
20999,train
21000,train
21001,train
21002,train
21003,train
21004,train
21005,train
21006,train
21007,train
21008,train
21009,train
21010,train
21011,train
21012,train
21013,train
21014,train
21015,train
21016,train
21017,train
21018,train
21019,train
21020,train
21021,train
21022,train
21023,train
21024,train
21025,train
21026,train
21027,train
21028,train
21029,train
21030,train
21031,train
21032,train
21033,train
21034,train
21035,train
21036,train
21037,train
21038,train
21039,train
21040,train
21041,train
21042,train
21043,train
21044,train
21045,train
21046,train
21047,train
21048,train
21049,train
21050,train
21051,train
21052,train
21053,train
21054,train
21055,train
21056,train
21057,train
21058,train
21059,train
21060,train
21061,train
21062,train
21063,train
21064,train
21065,train
21066,train
21067,train
21068,train
21069,train
21070,train
21071,train
21072,train
21073,train
21074,train
21075,train
21076,train
21077,train
21078,train
21079,train
21080,train
21081,train
21082,train
21083,train
21084,train
21085,train
21086,train
21087,train
21088,train
21089,train
21090,train
21091,train
21092,train
21093,train
21094,train
21095,train
21096,train
21097,train
21098,train
21099,train
21100,train
21101,train
21102,train
21103,train
21104,train
21105,train
21106,train
21107,train
21108,train
21109,train
21110,train
21111,train
21112,train
21113,train
21114,train
21115,train
21116,train
21117,train
21118,train
21119,train
21120,train
21121,train
21122,train
21123,train
21124,train
21125,train
21126,train
21127,train
21128,train
21129,train
21130,train
21131,train
21132,train
21133,train
21134,train
21135,train
21136,train
21137,train
21138,train
21139,train
21140,train
21141,train
21142,train
21143,train
21144,train
21145,train
21146,train
21147,train
21148,train
21149,train
21150,train
21151,train
21152,train
21153,train
21154,train
21155,train
21156,train
21157,train
21158,train
21159,train
21160,train
21161,train
21162,train
21163,train
21164,train
21165,train
21166,train
21167,train
21168,train
21169,train
21170,train
21171,train
21172,train
21173,train
21174,train
21175,train
21176,train
21177,train
21178,train
21179,train
21180,train
21181,train
21182,train
21183,train
21184,train
21185,train
21186,train
21187,train
21188,train
21189,train
21190,train
21191,train
21192,train
21193,train
21194,train
21195,train
21196,train
21197,train
21198,train
21199,train
21200,train
21201,train
21202,train
21203,train
21204,train
21205,train
21206,train
21207,train
21208,train
21209,train
21210,train
21211,train
21212,train
21213,train
21214,train
21215,train
21216,train
21217,train
21218,train
21219,train
21220,train
21221,train
21222,train
21223,train
21224,train
21225,train
21226,train
21227,train
21228,train
21229,train
21230,train
21231,train
21232,train
21233,train
21234,train
21235,train
21236,train
21237,train
21238,train
21239,train
21240,train
21241,train
21242,train
21243,train
21244,train
21245,train
21246,train
21247,train
21248,train
21249,train
21250,train
21251,train
21252,train
21253,train
21254,train
21255,train
21256,train
21257,train
21258,train
21259,train
21260,train
21261,train
21262,train
21263,train
21264,train
21265,train
21266,train
21267,train
21268,train
21269,train
21270,train
21271,train
21272,train
21273,train
21274,train
21275,train
21276,train
21277,train
21278,train
21279,train
21280,train
21281,train
21282,train
21283,train
21284,train
21285,train
21286,train
21287,train
21288,train
21289,train
21290,train
21291,train
21292,train
21293,train
21294,train
21295,train
21296,train
21297,train
21298,train
21299,train
21300,train
21301,train
21302,train
21303,train
21304,train
21305,train
21306,train
21307,train
21308,train
21309,train
21310,train
21311,train
21312,train
21313,train
21314,train
21315,train
21316,train
21317,train
21318,train
21319,train
21320,train
21321,train
21322,train
21323,train
21324,train
21325,train
21326,train
21327,train
21328,train
21329,train
21330,train
21331,train
21332,train
21333,train
21334,train
21335,train
21336,train
21337,train
21338,train
21339,train
21340,train
21341,train
21342,train
21343,train
21344,train
21345,train
21346,train
21347,train
21348,train
21349,train
21350,train
21351,train
21352,train
21353,train
21354,train
21355,train
21356,train
21357,train
21358,train
21359,train
21360,train
21361,train
21362,train
21363,train
21364,train
21365,train
21366,train
21367,train
21368,train
21369,train
21370,train
21371,train
21372,train
21373,train
21374,train
21375,train
21376,train
21377,train
21378,train
21379,train
21380,train
21381,train
21382,train
21383,train
21384,train
21385,train
21386,train
21387,train
21388,train
21389,train
21390,train
21391,train
21392,train
21393,train
21394,train
21395,train
21396,train
21397,train
21398,train
21399,train
21400,train
21401,train
21402,train
21403,train
21404,train
21405,train
21406,train
21407,train
21408,train
21409,train
21410,train
21411,train
21412,train
21413,train
21414,train
21415,train
21416,train
21417,train
21418,train
21419,train
21420,train
21421,train
21422,train
21423,train
21424,train
21425,train
21426,train
21427,train
21428,train
21429,train
21430,train
21431,train
21432,train
21433,train
21434,train
21435,train
21436,train
21437,train
21438,train
21439,train
21440,train
21441,train
21442,train
21443,train
21444,train
21445,train
21446,train
21447,train
21448,train
21449,train
21450,train
21451,train
21452,train
21453,train
21454,train
21455,train
21456,train
21457,train
21458,train
21459,train
21460,train
21461,train
21462,train
21463,train
21464,train
21465,train
21466,train
21467,train
21468,train
21469,train
21470,train
21471,train
21472,train
21473,train
21474,train
21475,train
21476,train
21477,train
21478,train
21479,train
21480,train
21481,train
21482,train
21483,train
21484,train
21485,train
21486,train
21487,train
21488,train
21489,train
21490,train
21491,train
21492,train
21493,train
21494,train
21495,train
21496,train
21497,train
21498,train
21499,train
21500,train
21501,train
21502,train
21503,train
21504,train
21505,train
21506,train
21507,train
21508,train
21509,train
21510,train
21511,train
21512,train
21513,train
21514,train
21515,train
21516,train
21517,train
21518,train
21519,train
21520,train
21521,train
21522,train
21523,train
21524,train
21525,train
21526,train
21527,train
21528,train
21529,train
21530,train
21531,train
21532,train
21533,train
21534,train
21535,train
21536,train
21537,train
21538,train
21539,train
21540,train
21541,train
21542,train
21543,train
21544,train
21545,train
21546,train
21547,train
21548,train
21549,train
21550,train
21551,train
21552,train
21553,train
21554,train
21555,train
21556,train
21557,train
21558,train
21559,train
21560,train
21561,train
21562,train
21563,train
21564,train
21565,train
21566,train
21567,train
21568,train
21569,train
21570,train
21571,train
21572,train
21573,train
21574,train
21575,train
21576,train
21577,train
21578,train
21579,train
21580,train
21581,train
21582,train
21583,train
21584,train
21585,train
21586,train
21587,train
21588,train
21589,train
21590,train
21591,train
21592,train
21593,train
21594,train
21595,train
21596,train
21597,train
21598,train
21599,train
21600,train
21601,train
21602,train
21603,train
21604,train
21605,train
21606,train
21607,train
21608,train
21609,train
21610,train
21611,train
21612,train
21613,train
21614,train
21615,train
21616,train
21617,train
21618,train
21619,train
21620,train
21621,train
21622,train
21623,train
21624,train
21625,train
21626,train
21627,train
21628,train
21629,train
21630,train
21631,train
21632,train
21633,train
21634,train
21635,train
21636,train
21637,train
21638,train
21639,train
21640,train
21641,train
21642,train
21643,train
21644,train
21645,train
21646,train
21647,train
21648,train
21649,train
21650,train
21651,train
21652,train
21653,train
21654,train
21655,train
21656,train
21657,train
21658,train
21659,train
21660,train
21661,train
21662,train
21663,train
21664,train
21665,train
21666,train
21667,train
21668,train
21669,train
21670,train
21671,train
21672,train
21673,train
21674,train
21675,train
21676,train
21677,train
21678,train
21679,train
21680,train
21681,train
21682,train
21683,train
21684,train
21685,train
21686,train
21687,train
21688,train
21689,train
21690,train
21691,train
21692,train
21693,train
21694,train
21695,train
21696,train
21697,train
21698,train
21699,train
21700,train
21701,train
21702,train
21703,train
21704,train
21705,train
21706,train
21707,train
21708,train
21709,train
21710,train
21711,train
21712,train
21713,train
21714,train
21715,train
21716,train
21717,train
21718,train
21719,train
21720,train
21721,train
21722,train
21723,train
21724,train
21725,train
21726,train
21727,train
21728,train
21729,train
21730,train
21731,train
21732,train
21733,train
21734,train
21735,train
21736,train
21737,train
21738,train
21739,train
21740,train
21741,train
21742,train
21743,train
21744,train
21745,train
21746,train
21747,train
21748,train
21749,train
21750,train
21751,train
21752,train
21753,train
21754,train
21755,train
21756,train
21757,train
21758,train
21759,train
21760,train
21761,train
21762,train
21763,train
21764,train
21765,train
21766,train
21767,train
21768,train
21769,train
21770,train
21771,train
21772,train
21773,train
21774,train
21775,train
21776,train
21777,train
21778,train
21779,train
21780,train
21781,train
21782,train
21783,train
21784,train
21785,train
21786,train
21787,train
21788,train
21789,train
21790,train
21791,train
21792,train
21793,train
21794,train
21795,train
21796,train
21797,train
21798,train
21799,train
21800,train
21801,train
21802,train
21803,train
21804,train
21805,train
21806,train
21807,train
21808,train
21809,train
21810,train
21811,train
21812,train
21813,train
21814,train
21815,train
21816,train
21817,train
21818,train
21819,train
21820,train
21821,train
21822,train
21823,train
21824,train
21825,train
21826,train
21827,train
21828,train
21829,train
21830,train
21831,train
21832,train
21833,train
21834,train
21835,train
21836,train
21837,train
21838,train
21839,train
21840,train
21841,train
21842,train
21843,train
21844,train
21845,train
21846,train
21847,train
21848,train
21849,train
21850,train
21851,train
21852,train
21853,train
21854,train
21855,train
21856,train
21857,train
21858,train
21859,train
21860,train
21861,train
21862,train
21863,train
21864,train
21865,train
21866,train
21867,train
21868,train
21869,train
21870,train
21871,train
21872,train
21873,train
21874,train
21875,train
21876,train
21877,train
21878,train
21879,train
21880,train
21881,train
21882,train
21883,train
21884,train
21885,train
21886,train
21887,train
21888,train
21889,train
21890,train
21891,train
21892,train
21893,train
21894,train
21895,train
21896,train
21897,train
21898,train
21899,train
21900,train
21901,train
21902,train
21903,train
21904,train
21905,train
21906,train
21907,train
21908,train
21909,train
21910,train
21911,train
21912,train
21913,train
21914,train
21915,train
21916,train
21917,train
21918,train
21919,train
21920,train
21921,train
21922,train
21923,train
21924,train
21925,train
21926,train
21927,train
21928,train
21929,train
21930,train
21931,train
21932,train
21933,train
21934,train
21935,train
21936,train
21937,train
21938,train
21939,train
21940,train
21941,train
21942,train
21943,train
21944,train
21945,train
21946,train
21947,train
21948,train
21949,train
21950,train
21951,train
21952,train
21953,train
21954,train
21955,train
21956,train
21957,train
21958,train
21959,train
21960,train
21961,train
21962,train
21963,train
21964,train
21965,train
21966,train
21967,train
21968,train
21969,train
21970,train
21971,train
21972,train
21973,train
21974,train
21975,train
21976,train
21977,train
21978,train
21979,train
21980,train
21981,train
21982,train
21983,train
21984,train
21985,train
21986,train
21987,train
21988,train
21989,train
21990,train
21991,train
21992,train
21993,train
21994,train
21995,train
21996,train
21997,train
21998,train
21999,train
22000,train
22001,train
22002,train
22003,train
22004,train
22005,train
22006,train
22007,train
22008,train
22009,train
22010,train
22011,train
22012,train
22013,train
22014,train
22015,train
22016,train
22017,train
22018,train
22019,train
22020,train
22021,train
22022,train
22023,train
22024,train
22025,train
22026,train
22027,train
22028,train
22029,train
22030,train
22031,train
22032,train
22033,train
22034,train
22035,train
22036,train
22037,train
22038,train
22039,train
22040,train
22041,train
22042,train
22043,train
22044,train
22045,train
22046,train
22047,train
22048,train
22049,train
22050,train
22051,train
22052,train
22053,train
22054,train
22055,train
22056,train
22057,train
22058,train
22059,train
22060,train
22061,train
22062,train
22063,train
22064,train
22065,train
22066,train
22067,train
22068,train
22069,train
22070,train
22071,train
22072,train
22073,train
22074,train
22075,train
22076,train
22077,train
22078,train
22079,train
22080,train
22081,train
22082,train
22083,train
22084,train
22085,train
22086,train
22087,train
22088,train
22089,train
22090,train
22091,train
22092,train
22093,train
22094,train
22095,train
22096,train
22097,train
22098,train
22099,train
22100,train
22101,train
22102,train
22103,train
22104,train
22105,train
22106,train
22107,train
22108,train
22109,train
22110,train
22111,train
22112,train
22113,train
22114,train
22115,train
22116,train
22117,train
22118,train
22119,train
22120,train
22121,train
22122,train
22123,train
22124,train
22125,train
22126,train
22127,train
22128,train
22129,train
22130,train
22131,train
22132,train
22133,train
22134,train
22135,train
22136,train
22137,train
22138,train
22139,train
22140,train
22141,train
22142,train
22143,train
22144,train
22145,train
22146,train
22147,train
22148,train
22149,train
22150,train
22151,train
22152,train
22153,train
22154,train
22155,train
22156,train
22157,train
22158,train
22159,train
22160,train
22161,train
22162,train
22163,train
22164,train
22165,train
22166,train
22167,train
22168,train
22169,train
22170,train
22171,train
22172,train
22173,train
22174,train
22175,train
22176,train
22177,train
22178,train
22179,train
22180,train
22181,train
22182,train
22183,train
22184,train
22185,train
22186,train
22187,train
22188,train
22189,train
22190,train
22191,train
22192,train
22193,train
22194,train
22195,train
22196,train
22197,train
22198,train
22199,train
22200,train
22201,train
22202,train
22203,train
22204,train
22205,train
22206,train
22207,train
22208,train
22209,train
22210,train
22211,train
22212,train
22213,train
22214,train
22215,train
22216,train
22217,train
22218,train
22219,train
22220,train
22221,train
22222,train
22223,train
22224,train
22225,train
22226,train
22227,train
22228,train
22229,train
22230,train
22231,train
22232,train
22233,train
22234,train
22235,train
22236,train
22237,train
22238,train
22239,train
22240,train
22241,train
22242,train
22243,train
22244,train
22245,train
22246,train
22247,train
22248,train
22249,train
22250,train
22251,train
22252,train
22253,train
22254,train
22255,train
22256,train
22257,train
22258,train
22259,train
22260,train
22261,train
22262,train
22263,train
22264,train
22265,train
22266,train
22267,train
22268,train
22269,train
22270,train
22271,train
22272,train
22273,train
22274,train
22275,train
22276,train
22277,train
22278,train
22279,train
22280,train
22281,train
22282,train
22283,train
22284,train
22285,train
22286,train
22287,train
22288,train
22289,train
22290,train
22291,train
22292,train
22293,train
22294,train
22295,train
22296,train
22297,train
22298,train
22299,train
22300,train
22301,train
22302,train
22303,train
22304,train
22305,train
22306,train
22307,train
22308,train
22309,train
22310,train
22311,train
22312,train
22313,train
22314,train
22315,train
22316,train
22317,train
22318,train
22319,train
22320,train
22321,train
22322,train
22323,train
22324,train
22325,train
22326,train
22327,train
22328,train
22329,train
22330,train
22331,train
22332,train
22333,train
22334,train
22335,train
22336,train
22337,train
22338,train
22339,train
22340,train
22341,train
22342,train
22343,train
22344,train
22345,train
22346,train
22347,train
22348,train
22349,train
22350,train
22351,train
22352,train
22353,train
22354,train
22355,train
22356,train
22357,train
22358,train
22359,train
22360,train
22361,train
22362,train
22363,train
22364,train
22365,train
22366,train
22367,train
22368,train
22369,train
22370,train
22371,train
22372,train
22373,train
22374,train
22375,train
22376,train
22377,train
22378,train
22379,train
22380,train
22381,train
22382,train
22383,train
22384,train
22385,train
22386,train
22387,train
22388,train
22389,train
22390,train
22391,train
22392,train
22393,train
22394,train
22395,train
22396,train
22397,train
22398,train
22399,train
22400,train
22401,train
22402,train
22403,train
22404,train
22405,train
22406,train
22407,train
22408,train
22409,train
22410,train
22411,train
22412,train
22413,train
22414,train
22415,train
22416,train
22417,train
22418,train
22419,train
22420,train
22421,train
22422,train
22423,train
22424,train
22425,train
22426,train
22427,train
22428,train
22429,train
22430,train
22431,train
22432,train
22433,train
22434,train
22435,train
22436,train
22437,train
22438,train
22439,train
22440,train
22441,train
22442,train
22443,train
22444,train
22445,train
22446,train
22447,train
22448,train
22449,train
22450,train
22451,train
22452,train
22453,train
22454,train
22455,train
22456,train
22457,train
22458,train
22459,train
22460,train
22461,train
22462,train
22463,train
22464,train
22465,train
22466,train
22467,train
22468,train
22469,train
22470,train
22471,train
22472,train
22473,train
22474,train
22475,train
22476,train
22477,train
22478,train
22479,train
22480,train
22481,train
22482,train
22483,train
22484,train
22485,train
22486,train
22487,train
22488,train
22489,train
22490,train
22491,train
22492,train
22493,train
22494,train
22495,train
22496,train
22497,train
22498,train
22499,train
22500,train
22501,train
22502,train
22503,train
22504,train
22505,train
22506,train
22507,train
22508,train
22509,train
22510,train
22511,train
22512,train
22513,train
22514,train
22515,train
22516,train
22517,train
22518,train
22519,train
22520,train
22521,train
22522,train
22523,train
22524,train
22525,train
22526,train
22527,train
22528,train
22529,train
22530,train
22531,train
22532,train
22533,train
22534,train
22535,train
22536,train
22537,train
22538,train
22539,train
22540,train
22541,train
22542,train
22543,train
22544,train
22545,train
22546,train
22547,train
22548,train
22549,train
22550,train
22551,train
22552,train
22553,train
22554,train
22555,train
22556,train
22557,train
22558,train
22559,train
22560,train
22561,train
22562,train
22563,train
22564,train
22565,train
22566,train
22567,train
22568,train
22569,train
22570,train
22571,train
22572,train
22573,train
22574,train
22575,train
22576,train
22577,train
22578,train
22579,train
22580,train
22581,train
22582,train
22583,train
22584,train
22585,train
22586,train
22587,train
22588,train
22589,train
22590,train
22591,train
22592,train
22593,train
22594,train
22595,train
22596,train
22597,train
22598,train
22599,train
22600,train
22601,train
22602,train
22603,train
22604,train
22605,train
22606,train
22607,train
22608,train
22609,train
22610,train
22611,train
22612,train
22613,train
22614,train
22615,train
22616,train
22617,train
22618,train
22619,train
22620,train
22621,train
22622,train
22623,train
22624,train
22625,train
22626,train
22627,train
22628,train
22629,train
22630,train
22631,train
22632,train
22633,train
22634,train
22635,train
22636,train
22637,train
22638,train
22639,train
22640,train
22641,train
22642,train
22643,train
22644,train
22645,train
22646,train
22647,train
22648,train
22649,train
22650,train
22651,train
22652,train
22653,train
22654,train
22655,train
22656,train
22657,train
22658,train
22659,train
22660,train
22661,train
22662,train
22663,train
22664,train
22665,train
22666,train
22667,train
22668,train
22669,train
22670,train
22671,train
22672,train
22673,train
22674,train
22675,train
22676,train
22677,train
22678,train
22679,train
22680,train
22681,train
22682,train
22683,train
22684,train
22685,train
22686,train
22687,train
22688,train
22689,train
22690,train
22691,train
22692,train
22693,train
22694,train
22695,train
22696,train
22697,train
22698,train
22699,train
22700,train
22701,train
22702,train
22703,train
22704,train
22705,train
22706,train
22707,train
22708,train
22709,train
22710,train
22711,train
22712,train
22713,train
22714,train
22715,train
22716,train
22717,train
22718,train
22719,train
22720,train
22721,train
22722,train
22723,train
22724,train
22725,train
22726,train
22727,train
22728,train
22729,train
22730,train
22731,train
22732,train
22733,train
22734,train
22735,train
22736,train
22737,train
22738,train
22739,train
22740,train
22741,train
22742,train
22743,train
22744,train
22745,train
22746,train
22747,train
22748,train
22749,train
22750,train
22751,train
22752,train
22753,train
22754,train
22755,train
22756,train
22757,train
22758,train
22759,train
22760,train
22761,train
22762,train
22763,train
22764,train
22765,train
22766,train
22767,train
22768,train
22769,train
22770,train
22771,train
22772,train
22773,train
22774,train
22775,train
22776,train
22777,train
22778,train
22779,train
22780,train
22781,train
22782,train
22783,train
22784,train
22785,train
22786,train
22787,train
22788,train
22789,train
22790,train
22791,train
22792,train
22793,train
22794,train
22795,train
22796,train
22797,train
22798,train
22799,train
22800,train
22801,train
22802,train
22803,train
22804,train
22805,train
22806,train
22807,train
22808,train
22809,train
22810,train
22811,train
22812,train
22813,train
22814,train
22815,train
22816,train
22817,train
22818,train
22819,train
22820,train
22821,train
22822,train
22823,train
22824,train
22825,train
22826,train
22827,train
22828,train
22829,train
22830,train
22831,train
22832,train
22833,train
22834,train
22835,train
22836,train
22837,train
22838,train
22839,train
22840,train
22841,train
22842,train
22843,train
22844,train
22845,train
22846,train
22847,train
22848,train
22849,train
22850,train
22851,train
22852,train
22853,train
22854,train
22855,train
22856,train
22857,train
22858,train
22859,train
22860,train
22861,train
22862,train
22863,train
22864,train
22865,train
22866,train
22867,train
22868,train
22869,train
22870,train
22871,train
22872,train
22873,train
22874,train
22875,train
22876,train
22877,train
22878,train
22879,train
22880,train
22881,train
22882,train
22883,train
22884,train
22885,train
22886,train
22887,train
22888,train
22889,train
22890,train
22891,train
22892,train
22893,train
22894,train
22895,train
22896,train
22897,train
22898,train
22899,train
22900,train
22901,train
22902,train
22903,train
22904,train
22905,train
22906,train
22907,train
22908,train
22909,train
22910,train
22911,train
22912,train
22913,train
22914,train
22915,train
22916,train
22917,train
22918,train
22919,train
22920,train
22921,train
22922,train
22923,train
22924,train
22925,train
22926,train
22927,train
22928,train
22929,train
22930,train
22931,train
22932,train
22933,train
22934,train
22935,train
22936,train
22937,train
22938,train
22939,train
22940,train
22941,train
22942,train
22943,train
22944,train
22945,train
22946,train
22947,train
22948,train
22949,train
22950,train
22951,train
22952,train
22953,train
22954,train
22955,train
22956,train
22957,train
22958,train
22959,train
22960,train
22961,train
22962,train
22963,train
22964,train
22965,train
22966,train
22967,train
22968,train
22969,train
22970,train
22971,train
22972,train
22973,train
22974,train
22975,train
22976,train
22977,train
22978,train
22979,train
22980,train
22981,train
22982,train
22983,train
22984,train
22985,train
22986,train
22987,train
22988,train
22989,train
22990,train
22991,train
22992,train
22993,train
22994,train
22995,train
22996,train
22997,train
22998,train
22999,train
23000,train
23001,train
23002,train
23003,train
23004,train
23005,train
23006,train
23007,train
23008,train
23009,train
23010,train
23011,train
23012,train
23013,train
23014,train
23015,train
23016,train
23017,train
23018,train
23019,train
23020,train
23021,train
23022,train
23023,train
23024,train
23025,train
23026,train
23027,train
23028,train
23029,train
23030,train
23031,train
23032,train
23033,train
23034,train
23035,train
23036,train
23037,train
23038,train
23039,train
23040,train
23041,train
23042,train
23043,train
23044,train
23045,train
23046,train
23047,train
23048,train
23049,train
23050,train
23051,train
23052,train
23053,train
23054,train
23055,train
23056,train
23057,train
23058,train
23059,train
23060,train
23061,train
23062,train
23063,train
23064,train
23065,train
23066,train
23067,train
23068,train
23069,train
23070,train
23071,train
23072,train
23073,train
23074,train
23075,train
23076,train
23077,train
23078,train
23079,train
23080,train
23081,train
23082,train
23083,train
23084,train
23085,train
23086,train
23087,train
23088,train
23089,train
23090,train
23091,train
23092,train
23093,train
23094,train
23095,train
23096,train
23097,train
23098,train
23099,train
23100,train
23101,train
23102,train
23103,train
23104,train
23105,train
23106,train
23107,train
23108,train
23109,train
23110,train
23111,train
23112,train
23113,train
23114,train
23115,train
23116,train
23117,train
23118,train
23119,train
23120,train
23121,train
23122,train
23123,train
23124,train
23125,train
23126,train
23127,train
23128,train
23129,train
23130,train
23131,train
23132,train
23133,train
23134,train
23135,train
23136,train
23137,train
23138,train
23139,train
23140,train
23141,train
23142,train
23143,train
23144,train
23145,train
23146,train
23147,train
23148,train
23149,train
23150,train
23151,train
23152,train
23153,train
23154,train
23155,train
23156,train
23157,train
23158,train
23159,train
23160,train
23161,train
23162,train
23163,train
23164,train
23165,train
23166,train
23167,train
23168,train
23169,train
23170,train
23171,train
23172,train
23173,train
23174,train
23175,train
23176,train
23177,train
23178,train
23179,train
23180,train
23181,train
23182,train
23183,train
23184,train
23185,train
23186,train
23187,train
23188,train
23189,train
23190,train
23191,train
23192,train
23193,train
23194,train
23195,train
23196,train
23197,train
23198,train
23199,train
23200,train
23201,train
23202,train
23203,train
23204,train
23205,train
23206,train
23207,train
23208,train
23209,train
23210,train
23211,train
23212,train
23213,train
23214,train
23215,train
23216,train
23217,train
23218,train
23219,train
23220,train
23221,train
23222,train
23223,train
23224,train
23225,train
23226,train
23227,train
23228,train
23229,train
23230,train
23231,train
23232,train
23233,train
23234,train
23235,train
23236,train
23237,train
23238,train
23239,train
23240,train
23241,train
23242,train
23243,train
23244,train
23245,train
23246,train
23247,train
23248,train
23249,train
23250,train
23251,train
23252,train
23253,train
23254,train
23255,train
23256,train
23257,train
23258,train
23259,train
23260,train
23261,train
23262,train
23263,train
23264,train
23265,train
23266,train
23267,train
23268,train
23269,train
23270,train
23271,train
23272,train
23273,train
23274,train
23275,train
23276,train
23277,train
23278,train
23279,train
23280,train
23281,train
23282,train
23283,train
23284,train
23285,train
23286,train
23287,train
23288,train
23289,train
23290,train
23291,train
23292,train
23293,train
23294,train
23295,train
23296,train
23297,train
23298,train
23299,train
23300,train
23301,train
23302,train
23303,train
23304,train
23305,train
23306,train
23307,train
23308,train
23309,train
23310,train
23311,train
23312,train
23313,train
23314,train
23315,train
23316,train
23317,train
23318,train
23319,train
23320,train
23321,train
23322,train
23323,train
23324,train
23325,train
23326,train
23327,train
23328,train
23329,train
23330,train
23331,train
23332,train
23333,train
23334,train
23335,train
23336,train
23337,train
23338,train
23339,train
23340,train
23341,train
23342,train
23343,train
23344,train
23345,train
23346,train
23347,train
23348,train
23349,train
23350,train
23351,train
23352,train
23353,train
23354,train
23355,train
23356,train
23357,train
23358,train
23359,train
23360,train
23361,train
23362,train
23363,train
23364,train
23365,train
23366,train
23367,train
23368,train
23369,train
23370,train
23371,train
23372,train
23373,train
23374,train
23375,train
23376,train
23377,train
23378,train
23379,train
23380,train
23381,train
23382,train
23383,train
23384,train
23385,train
23386,train
23387,train
23388,train
23389,train
23390,train
23391,train
23392,train
23393,train
23394,train
23395,train
23396,train
23397,train
23398,train
23399,train
23400,train
23401,train
23402,train
23403,train
23404,train
23405,train
23406,train
23407,train
23408,train
23409,train
23410,train
23411,train
23412,train
23413,train
23414,train
23415,train
23416,train
23417,train
23418,train
23419,train
23420,train
23421,train
23422,train
23423,train
23424,train
23425,train
23426,train
23427,train
23428,train
23429,train
23430,train
23431,train
23432,train
23433,train
23434,train
23435,train
23436,train
23437,train
23438,train
23439,train
23440,train
23441,train
23442,train
23443,train
23444,train
23445,train
23446,train
23447,train
23448,train
23449,train
23450,train
23451,train
23452,train
23453,train
23454,train
23455,train
23456,train
23457,train
23458,train
23459,train
23460,train
23461,train
23462,train
23463,train
23464,train
23465,train
23466,train
23467,train
23468,train
23469,train
23470,train
23471,train
23472,train
23473,train
23474,train
23475,train
23476,train
23477,train
23478,train
23479,train
23480,train
23481,train
23482,train
23483,train
23484,train
23485,train
23486,train
23487,train
23488,train
23489,train
23490,train
23491,train
23492,train
23493,train
23494,train
23495,train
23496,train
23497,train
23498,train
23499,train
23500,train
23501,train
23502,train
23503,train
23504,train
23505,train
23506,train
23507,train
23508,train
23509,train
23510,train
23511,train
23512,train
23513,train
23514,train
23515,train
23516,train
23517,train
23518,train
23519,train
23520,train
23521,train
23522,train
23523,train
23524,train
23525,train
23526,train
23527,train
23528,train
23529,train
23530,train
23531,train
23532,train
23533,train
23534,train
23535,train
23536,train
23537,train
23538,train
23539,train
23540,train
23541,train
23542,train
23543,train
23544,train
23545,train
23546,train
23547,train
23548,train
23549,train
23550,train
23551,train
23552,train
23553,train
23554,train
23555,train
23556,train
23557,train
23558,train
23559,train
23560,train
23561,train
23562,train
23563,train
23564,train
23565,train
23566,train
23567,train
23568,train
23569,train
23570,train
23571,train
23572,train
23573,train
23574,train
23575,train
23576,train
23577,train
23578,train
23579,train
23580,train
23581,train
23582,train
23583,train
23584,train
23585,train
23586,train
23587,train
23588,train
23589,train
23590,train
23591,train
23592,train
23593,train
23594,train
23595,train
23596,train
23597,train
23598,train
23599,train
23600,train
23601,train
23602,train
23603,train
23604,train
23605,train
23606,train
23607,train
23608,train
23609,train
23610,train
23611,train
23612,train
23613,train
23614,train
23615,train
23616,train
23617,train
23618,train
23619,train
23620,train
23621,train
23622,train
23623,train
23624,train
23625,train
23626,train
23627,train
23628,train
23629,train
23630,train
23631,train
23632,train
23633,train
23634,train
23635,train
23636,train
23637,train
23638,train
23639,train
23640,train
23641,train
23642,train
23643,train
23644,train
23645,train
23646,train
23647,train
23648,train
23649,train
23650,train
23651,train
23652,train
23653,train
23654,train
23655,train
23656,train
23657,train
23658,train
23659,train
23660,train
23661,train
23662,train
23663,train
23664,train
23665,train
23666,train
23667,train
23668,train
23669,train
23670,train
23671,train
23672,train
23673,train
23674,train
23675,train
23676,train
23677,train
23678,train
23679,train
23680,train
23681,train
23682,train
23683,train
23684,train
23685,train
23686,train
23687,train
23688,train
23689,train
23690,train
23691,train
23692,train
23693,train
23694,train
23695,train
23696,train
23697,train
23698,train
23699,train
23700,train
23701,train
23702,train
23703,train
23704,train
23705,train
23706,train
23707,train
23708,train
23709,train
23710,train
23711,train
23712,train
23713,train
23714,train
23715,train
23716,train
23717,train
23718,train
23719,train
23720,train
23721,train
23722,train
23723,train
23724,train
23725,train
23726,train
23727,train
23728,train
23729,train
23730,train
23731,train
23732,train
23733,train
23734,train
23735,train
23736,train
23737,train
23738,train
23739,train
23740,train
23741,train
23742,train
23743,train
23744,train
23745,train
23746,train
23747,train
23748,train
23749,train
23750,train
23751,train
23752,train
23753,train
23754,train
23755,train
23756,train
23757,train
23758,train
23759,train
23760,train
23761,train
23762,train
23763,train
23764,train
23765,train
23766,train
23767,train
23768,train
23769,train
23770,train
23771,train
23772,train
23773,train
23774,train
23775,train
23776,train
23777,train
23778,train
23779,train
23780,train
23781,train
23782,train
23783,train
23784,train
23785,train
23786,train
23787,train
23788,train
23789,train
23790,train
23791,train
23792,train
23793,train
23794,train
23795,train
23796,train
23797,train
23798,train
23799,train
23800,train
23801,train
23802,train
23803,train
23804,train
23805,train
23806,train
23807,train
23808,train
23809,train
23810,train
23811,train
23812,train
23813,train
23814,train
23815,train
23816,train
23817,train
23818,train
23819,train
23820,train
23821,train
23822,train
23823,train
23824,train
23825,train
23826,train
23827,train
23828,train
23829,train
23830,train
23831,train
23832,train
23833,train
23834,train
23835,train
23836,train
23837,train
23838,train
23839,train
23840,train
23841,train
23842,train
23843,train
23844,train
23845,train
23846,train
23847,train
23848,train
23849,train
23850,train
23851,train
23852,train
23853,train
23854,train
23855,train
23856,train
23857,train
23858,train
23859,train
23860,train
23861,train
23862,train
23863,train
23864,train
23865,train
23866,train
23867,train
23868,train
23869,train
23870,train
23871,train
23872,train
23873,train
23874,train
23875,train
23876,train
23877,train
23878,train
23879,train
23880,train
23881,train
23882,train
23883,train
23884,train
23885,train
23886,train
23887,train
23888,train
23889,train
23890,train
23891,train
23892,train
23893,train
23894,train
23895,train
23896,train
23897,train
23898,train
23899,train
23900,train
23901,train
23902,train
23903,train
23904,train
23905,train
23906,train
23907,train
23908,train
23909,train
23910,train
23911,train
23912,train
23913,train
23914,train
23915,train
23916,train
23917,train
23918,train
23919,train
23920,train
23921,train
23922,train
23923,train
23924,train
23925,train
23926,train
23927,train
23928,train
23929,train
23930,train
23931,train
23932,train
23933,train
23934,train
23935,train
23936,train
23937,train
23938,train
23939,train
23940,train
23941,train
23942,train
23943,train
23944,train
23945,train
23946,train
23947,train
23948,train
23949,train
23950,train
23951,train
23952,train
23953,train
23954,train
23955,train
23956,train
23957,train
23958,train
23959,train
23960,train
23961,train
23962,train
23963,train
23964,train
23965,train
23966,train
23967,train
23968,train
23969,train
23970,train
23971,train
23972,train
23973,train
23974,train
23975,train
23976,train
23977,train
23978,train
23979,train
23980,train
23981,train
23982,train
23983,train
23984,train
23985,train
23986,train
23987,train
23988,train
23989,train
23990,train
23991,train
23992,train
23993,train
23994,train
23995,train
23996,train
23997,train
23998,train
23999,train
24000,train
24001,train
24002,train
24003,train
24004,train
24005,train
24006,train
24007,train
24008,train
24009,train
24010,train
24011,train
24012,train
24013,train
24014,train
24015,train
24016,train
24017,train
24018,train
24019,train
24020,train
24021,train
24022,train
24023,train
24024,train
24025,train
24026,train
24027,train
24028,train
24029,train
24030,train
24031,train
24032,train
24033,train
24034,train
24035,train
24036,train
24037,train
24038,train
24039,train
24040,train
24041,train
24042,train
24043,train
24044,train
24045,train
24046,train
24047,train
24048,train
24049,train
24050,train
24051,train
24052,train
24053,train
24054,train
24055,train
24056,train
24057,train
24058,train
24059,train
24060,train
24061,train
24062,train
24063,train
24064,train
24065,train
24066,train
24067,train
24068,train
24069,train
24070,train
24071,train
24072,train
24073,train
24074,train
24075,train
24076,train
24077,train
24078,train
24079,train
24080,train
24081,train
24082,train
24083,train
24084,train
24085,train
24086,train
24087,train
24088,train
24089,train
24090,train
24091,train
24092,train
24093,train
24094,train
24095,train
24096,train
24097,train
24098,train
24099,train
24100,train
24101,train
24102,train
24103,train
24104,train
24105,train
24106,train
24107,train
24108,train
24109,train
24110,train
24111,train
24112,train
24113,train
24114,train
24115,train
24116,train
24117,train
24118,train
24119,train
24120,train
24121,train
24122,train
24123,train
24124,train
24125,train
24126,train
24127,train
24128,train
24129,train
24130,train
24131,train
24132,train
24133,train
24134,train
24135,train
24136,train
24137,train
24138,train
24139,train
24140,train
24141,train
24142,train
24143,train
24144,train
24145,train
24146,train
24147,train
24148,train
24149,train
24150,train
24151,train
24152,train
24153,train
24154,train
24155,train
24156,train
24157,train
24158,train
24159,train
24160,train
24161,train
24162,train
24163,train
24164,train
24165,train
24166,train
24167,train
24168,train
24169,train
24170,train
24171,train
24172,train
24173,train
24174,train
24175,train
24176,train
24177,train
24178,train
24179,train
24180,train
24181,train
24182,train
24183,train
24184,train
24185,train
24186,train
24187,train
24188,train
24189,train
24190,train
24191,train
24192,train
24193,train
24194,train
24195,train
24196,train
24197,train
24198,train
24199,train
24200,train
24201,train
24202,train
24203,train
24204,train
24205,train
24206,train
24207,train
24208,train
24209,train
24210,train
24211,train
24212,train
24213,train
24214,train
24215,train
24216,train
24217,train
24218,train
24219,train
24220,train
24221,train
24222,train
24223,train
24224,train
24225,train
24226,train
24227,train
24228,train
24229,train
24230,train
24231,train
24232,train
24233,train
24234,train
24235,train
24236,train
24237,train
24238,train
24239,train
24240,train
24241,train
24242,train
24243,train
24244,train
24245,train
24246,train
24247,train
24248,train
24249,train
24250,train
24251,train
24252,train
24253,train
24254,train
24255,train
24256,train
24257,train
24258,train
24259,train
24260,train
24261,train
24262,train
24263,train
24264,train
24265,train
24266,train
24267,train
24268,train
24269,train
24270,train
24271,train
24272,train
24273,train
24274,train
24275,train
24276,train
24277,train
24278,train
24279,train
24280,train
24281,train
24282,train
24283,train
24284,train
24285,train
24286,train
24287,train
24288,train
24289,train
24290,train
24291,train
24292,train
24293,train
24294,train
24295,train
24296,train
24297,train
24298,train
24299,train
24300,train
24301,train
24302,train
24303,train
24304,train
24305,train
24306,train
24307,train
24308,train
24309,train
24310,train
24311,train
24312,train
24313,train
24314,train
24315,train
24316,train
24317,train
24318,train
24319,train
24320,train
24321,train
24322,train
24323,train
24324,train
24325,train
24326,train
24327,train
24328,train
24329,train
24330,train
24331,train
24332,train
24333,train
24334,train
24335,train
24336,train
24337,train
24338,train
24339,train
24340,train
24341,train
24342,train
24343,train
24344,train
24345,train
24346,train
24347,train
24348,train
24349,train
24350,train
24351,train
24352,train
24353,train
24354,train
24355,train
24356,train
24357,train
24358,train
24359,train
24360,train
24361,train
24362,train
24363,train
24364,train
24365,train
24366,train
24367,train
24368,train
24369,train
24370,train
24371,train
24372,train
24373,train
24374,train
24375,train
24376,train
24377,train
24378,train
24379,train
24380,train
24381,train
24382,train
24383,train
24384,train
24385,train
24386,train
24387,train
24388,train
24389,train
24390,train
24391,train
24392,train
24393,train
24394,train
24395,train
24396,train
24397,train
24398,train
24399,train
24400,train
24401,train
24402,train
24403,train
24404,train
24405,train
24406,train
24407,train
24408,train
24409,train
24410,train
24411,train
24412,train
24413,train
24414,train
24415,train
24416,train
24417,train
24418,train
24419,train
24420,train
24421,train
24422,train
24423,train
24424,train
24425,train
24426,train
24427,train
24428,train
24429,train
24430,train
24431,train
24432,train
24433,train
24434,train
24435,train
24436,train
24437,train
24438,train
24439,train
24440,train
24441,train
24442,train
24443,train
24444,train
24445,train
24446,train
24447,train
24448,train
24449,train
24450,train
24451,train
24452,train
24453,train
24454,train
24455,train
24456,train
24457,train
24458,train
24459,train
24460,train
24461,train
24462,train
24463,train
24464,train
24465,train
24466,train
24467,train
24468,train
24469,train
24470,train
24471,train
24472,train
24473,train
24474,train
24475,train
24476,train
24477,train
24478,train
24479,train
24480,train
24481,train
24482,train
24483,train
24484,train
24485,train
24486,train
24487,train
24488,train
24489,train
24490,train
24491,train
24492,train
24493,train
24494,train
24495,train
24496,train
24497,train
24498,train
24499,train
24500,train
24501,train
24502,train
24503,train
24504,train
24505,train
24506,train
24507,train
24508,train
24509,train
24510,train
24511,train
24512,train
24513,train
24514,train
24515,train
24516,train
24517,train
24518,train
24519,train
24520,train
24521,train
24522,train
24523,train
24524,train
24525,train
24526,train
24527,train
24528,train
24529,train
24530,train
24531,train
24532,train
24533,train
24534,train
24535,train
24536,train
24537,train
24538,train
24539,train
24540,train
24541,train
24542,train
24543,train
24544,train
24545,train
24546,train
24547,train
24548,train
24549,train
24550,train
24551,train
24552,train
24553,train
24554,train
24555,train
24556,train
24557,train
24558,train
24559,train
24560,train
24561,train
24562,train
24563,train
24564,train
24565,train
24566,train
24567,train
24568,train
24569,train
24570,train
24571,train
24572,train
24573,train
24574,train
24575,train
24576,train
24577,train
24578,train
24579,train
24580,train
24581,train
24582,train
24583,train
24584,train
24585,train
24586,train
24587,train
24588,train
24589,train
24590,train
24591,train
24592,train
24593,train
24594,train
24595,train
24596,train
24597,train
24598,train
24599,train
24600,train
24601,train
24602,train
24603,train
24604,train
24605,train
24606,train
24607,train
24608,train
24609,train
24610,train
24611,train
24612,train
24613,train
24614,train
24615,train
24616,train
24617,train
24618,train
24619,train
24620,train
24621,train
24622,train
24623,train
24624,train
24625,train
24626,train
24627,train
24628,train
24629,train
24630,train
24631,train
24632,train
24633,train
24634,train
24635,train
24636,train
24637,train
24638,train
24639,train
24640,train
24641,train
24642,train
24643,train
24644,train
24645,train
24646,train
24647,train
24648,train
24649,train
24650,train
24651,train
24652,train
24653,train
24654,train
24655,train
24656,train
24657,train
24658,train
24659,train
24660,train
24661,train
24662,train
24663,train
24664,train
24665,train
24666,train
24667,train
24668,train
24669,train
24670,train
24671,train
24672,train
24673,train
24674,train
24675,train
24676,train
24677,train
24678,train
24679,train
24680,train
24681,train
24682,train
24683,train
24684,train
24685,train
24686,train
24687,train
24688,train
24689,train
24690,train
24691,train
24692,train
24693,train
24694,train
24695,train
24696,train
24697,train
24698,train
24699,train
24700,train
24701,train
24702,train
24703,train
24704,train
24705,train
24706,train
24707,train
24708,train
24709,train
24710,train
24711,train
24712,train
24713,train
24714,train
24715,train
24716,train
24717,train
24718,train
24719,train
24720,train
24721,train
24722,train
24723,train
24724,train
24725,train
24726,train
24727,train
24728,train
24729,train
24730,train
24731,train
24732,train
24733,train
24734,train
24735,train
24736,train
24737,train
24738,train
24739,train
24740,train
24741,train
24742,train
24743,train
24744,train
24745,train
24746,train
24747,train
24748,train
24749,train
24750,train
24751,train
24752,train
24753,train
24754,train
24755,train
24756,train
24757,train
24758,train
24759,train
24760,train
24761,train
24762,train
24763,train
24764,train
24765,train
24766,train
24767,train
24768,train
24769,train
24770,train
24771,train
24772,train
24773,train
24774,train
24775,train
24776,train
24777,train
24778,train
24779,train
24780,train
24781,train
24782,train
24783,train
24784,train
24785,train
24786,train
24787,train
24788,train
24789,train
24790,train
24791,train
24792,train
24793,train
24794,train
24795,train
24796,train
24797,train
24798,train
24799,train
24800,train
24801,train
24802,train
24803,train
24804,train
24805,train
24806,train
24807,train
24808,train
24809,train
24810,train
24811,train
24812,train
24813,train
24814,train
24815,train
24816,train
24817,train
24818,train
24819,train
24820,train
24821,train
24822,train
24823,train
24824,train
24825,train
24826,train
24827,train
24828,train
24829,train
24830,train
24831,train
24832,train
24833,train
24834,train
24835,train
24836,train
24837,train
24838,train
24839,train
24840,train
24841,train
24842,train
24843,train
24844,train
24845,train
24846,train
24847,train
24848,train
24849,train
24850,train
24851,train
24852,train
24853,train
24854,train
24855,train
24856,train
24857,train
24858,train
24859,train
24860,train
24861,train
24862,train
24863,train
24864,train
24865,train
24866,train
24867,train
24868,train
24869,train
24870,train
24871,train
24872,train
24873,train
24874,train
24875,train
24876,train
24877,train
24878,train
24879,train
24880,train
24881,train
24882,train
24883,train
24884,train
24885,train
24886,train
24887,train
24888,train
24889,train
24890,train
24891,train
24892,train
24893,train
24894,train
24895,train
24896,train
24897,train
24898,train
24899,train
24900,train
24901,train
24902,train
24903,train
24904,train
24905,train
24906,train
24907,train
24908,train
24909,train
24910,train
24911,train
24912,train
24913,train
24914,train
24915,train
24916,train
24917,train
24918,train
24919,train
24920,train
24921,train
24922,train
24923,train
24924,train
24925,train
24926,train
24927,train
24928,train
24929,train
24930,train
24931,train
24932,train
24933,train
24934,train
24935,train
24936,train
24937,train
24938,train
24939,train
24940,train
24941,train
24942,train
24943,train
24944,train
24945,train
24946,train
24947,train
24948,train
24949,train
24950,train
24951,train
24952,train
24953,train
24954,train
24955,train
24956,train
24957,train
24958,train
24959,train
24960,train
24961,train
24962,train
24963,train
24964,train
24965,train
24966,train
24967,train
24968,train
24969,train
24970,train
24971,train
24972,train
24973,train
24974,train
24975,train
24976,train
24977,train
24978,train
24979,train
24980,train
24981,train
24982,train
24983,train
24984,train
24985,train
24986,train
24987,train
24988,train
24989,train
24990,train
24991,train
24992,train
24993,train
24994,train
24995,train
24996,train
24997,train
24998,train
24999,train
25000,train
25001,train
25002,train
25003,train
25004,train
25005,train
25006,train
25007,train
25008,train
25009,train
25010,train
25011,train
25012,train
25013,train
25014,train
25015,train
25016,train
25017,train
25018,train
25019,train
25020,train
25021,train
25022,train
25023,train
25024,train
25025,train
25026,train
25027,train
25028,train
25029,train
25030,train
25031,train
25032,train
25033,train
25034,train
25035,train
25036,train
25037,train
25038,train
25039,train
25040,train
25041,train
25042,train
25043,train
25044,train
25045,train
25046,train
25047,train
25048,train
25049,train
25050,train
25051,train
25052,train
25053,train
25054,train
25055,train
25056,train
25057,train
25058,train
25059,train
25060,train
25061,train
25062,train
25063,train
25064,train
25065,train
25066,train
25067,train
25068,train
25069,train
25070,train
25071,train
25072,train
25073,train
25074,train
25075,train
25076,train
25077,train
25078,train
25079,train
25080,train
25081,train
25082,train
25083,train
25084,train
25085,train
25086,train
25087,train
25088,train
25089,train
25090,train
25091,train
25092,train
25093,train
25094,train
25095,train
25096,train
25097,train
25098,train
25099,train
25100,train
25101,train
25102,train
25103,train
25104,train
25105,train
25106,train
25107,train
25108,train
25109,train
25110,train
25111,train
25112,train
25113,train
25114,train
25115,train
25116,train
25117,train
25118,train
25119,train
25120,train
25121,train
25122,train
25123,train
25124,train
25125,train
25126,train
25127,train
25128,train
25129,train
25130,train
25131,train
25132,train
25133,train
25134,train
25135,train
25136,train
25137,train
25138,train
25139,train
25140,train
25141,train
25142,train
25143,train
25144,train
25145,train
25146,train
25147,train
25148,train
25149,train
25150,train
25151,train
25152,train
25153,train
25154,train
25155,train
25156,train
25157,train
25158,train
25159,train
25160,train
25161,train
25162,train
25163,train
25164,train
25165,train
25166,train
25167,train
25168,train
25169,train
25170,train
25171,train
25172,train
25173,train
25174,train
25175,train
25176,train
25177,train
25178,train
25179,train
25180,train
25181,train
25182,train
25183,train
25184,train
25185,train
25186,train
25187,train
25188,train
25189,train
25190,train
25191,train
25192,train
25193,train
25194,train
25195,train
25196,train
25197,train
25198,train
25199,train
25200,train
25201,train
25202,train
25203,train
25204,train
25205,train
25206,train
25207,train
25208,train
25209,train
25210,train
25211,train
25212,train
25213,train
25214,train
25215,train
25216,train
25217,train
25218,train
25219,train
25220,train
25221,train
25222,train
25223,train
25224,train
25225,train
25226,train
25227,train
25228,train
25229,train
25230,train
25231,train
25232,train
25233,train
25234,train
25235,train
25236,train
25237,train
25238,train
25239,train
25240,train
25241,train
25242,train
25243,train
25244,train
25245,train
25246,train
25247,train
25248,train
25249,train
25250,train
25251,train
25252,train
25253,train
25254,train
25255,train
25256,train
25257,train
25258,train
25259,train
25260,train
25261,train
25262,train
25263,train
25264,train
25265,train
25266,train
25267,train
25268,train
25269,train
25270,train
25271,train
25272,train
25273,train
25274,train
25275,train
25276,train
25277,train
25278,train
25279,train
25280,train
25281,train
25282,train
25283,train
25284,train
25285,train
25286,train
25287,train
25288,train
25289,train
25290,train
25291,train
25292,train
25293,train
25294,train
25295,train
25296,train
25297,train
25298,train
25299,train
25300,train
25301,train
25302,train
25303,train
25304,train
25305,train
25306,train
25307,train
25308,train
25309,train
25310,train
25311,train
25312,train
25313,train
25314,train
25315,train
25316,train
25317,train
25318,train
25319,train
25320,train
25321,train
25322,train
25323,train
25324,train
25325,train
25326,train
25327,train
25328,train
25329,train
25330,train
25331,train
25332,train
25333,train
25334,train
25335,train
25336,train
25337,train
25338,train
25339,train
25340,train
25341,train
25342,train
25343,train
25344,train
25345,train
25346,train
25347,train
25348,train
25349,train
25350,train
25351,train
25352,train
25353,train
25354,train
25355,train
25356,train
25357,train
25358,train
25359,train
25360,train
25361,train
25362,train
25363,train
25364,train
25365,train
25366,train
25367,train
25368,train
25369,train
25370,train
25371,train
25372,train
25373,train
25374,train
25375,train
25376,train
25377,train
25378,train
25379,train
25380,train
25381,train
25382,train
25383,train
25384,train
25385,train
25386,train
25387,train
25388,train
25389,train
25390,train
25391,train
25392,train
25393,train
25394,train
25395,train
25396,train
25397,train
25398,train
25399,train
25400,train
25401,train
25402,train
25403,train
25404,train
25405,train
25406,train
25407,train
25408,train
25409,train
25410,train
25411,train
25412,train
25413,train
25414,train
25415,train
25416,train
25417,train
25418,train
25419,train
25420,train
25421,train
25422,train
25423,train
25424,train
25425,train
25426,train
25427,train
25428,train
25429,train
25430,train
25431,train
25432,train
25433,train
25434,train
25435,train
25436,train
25437,train
25438,train
25439,train
25440,train
25441,train
25442,train
25443,train
25444,train
25445,train
25446,train
25447,train
25448,train
25449,train
25450,train
25451,train
25452,train
25453,train
25454,train
25455,train
25456,train
25457,train
25458,train
25459,train
25460,train
25461,train
25462,train
25463,train
25464,train
25465,train
25466,train
25467,train
25468,train
25469,train
25470,train
25471,train
25472,train
25473,train
25474,train
25475,train
25476,train
25477,train
25478,train
25479,train
25480,train
25481,train
25482,train
25483,train
25484,train
25485,train
25486,train
25487,train
25488,train
25489,train
25490,train
25491,train
25492,train
25493,train
25494,train
25495,train
25496,train
25497,train
25498,train
25499,train
25500,train
25501,train
25502,train
25503,train
25504,train
25505,train
25506,train
25507,train
25508,train
25509,train
25510,train
25511,train
25512,train
25513,train
25514,train
25515,train
25516,train
25517,train
25518,train
25519,train
25520,train
25521,train
25522,train
25523,train
25524,train
25525,train
25526,train
25527,train
25528,train
25529,train
25530,train
25531,train
25532,train
25533,train
25534,train
25535,train
25536,train
25537,train
25538,train
25539,train
25540,train
25541,train
25542,train
25543,train
25544,train
25545,train
25546,train
25547,train
25548,train
25549,train
25550,train
25551,train
25552,train
25553,train
25554,train
25555,train
25556,train
25557,train
25558,train
25559,train
25560,train
25561,train
25562,train
25563,train
25564,train
25565,train
25566,train
25567,train
25568,train
25569,train
25570,train
25571,train
25572,train
25573,train
25574,train
25575,train
25576,train
25577,train
25578,train
25579,train
25580,train
25581,train
25582,train
25583,train
25584,train
25585,train
25586,train
25587,train
25588,train
25589,train
25590,train
25591,train
25592,train
25593,train
25594,train
25595,train
25596,train
25597,train
25598,train
25599,train
25600,train
25601,train
25602,train
25603,train
25604,train
25605,train
25606,train
25607,train
25608,train
25609,train
25610,train
25611,train
25612,train
25613,train
25614,train
25615,train
25616,train
25617,train
25618,train
25619,train
25620,train
25621,train
25622,train
25623,train
25624,train
25625,train
25626,train
25627,train
25628,train
25629,train
25630,train
25631,train
25632,train
25633,train
25634,train
25635,train
25636,train
25637,train
25638,train
25639,train
25640,train
25641,train
25642,train
25643,train
25644,train
25645,train
25646,train
25647,train
25648,train
25649,train
25650,train
25651,train
25652,train
25653,train
25654,train
25655,train
25656,train
25657,train
25658,train
25659,train
25660,train
25661,train
25662,train
25663,train
25664,train
25665,train
25666,train
25667,train
25668,train
25669,train
25670,train
25671,train
25672,train
25673,train
25674,train
25675,train
25676,train
25677,train
25678,train
25679,train
25680,train
25681,train
25682,train
25683,train
25684,train
25685,train
25686,train
25687,train
25688,train
25689,train
25690,train
25691,train
25692,train
25693,train
25694,train
25695,train
25696,train
25697,train
25698,train
25699,train
25700,train
25701,train
25702,train
25703,train
25704,train
25705,train
25706,train
25707,train
25708,train
25709,train
25710,train
25711,train
25712,train
25713,train
25714,train
25715,train
25716,train
25717,train
25718,train
25719,train
25720,train
25721,train
25722,train
25723,train
25724,train
25725,train
25726,train
25727,train
25728,train
25729,train
25730,train
25731,train
25732,train
25733,train
25734,train
25735,train
25736,train
25737,train
25738,train
25739,train
25740,train
25741,train
25742,train
25743,train
25744,train
25745,train
25746,train
25747,train
25748,train
25749,train
25750,train
25751,train
25752,train
25753,train
25754,train
25755,train
25756,train
25757,train
25758,train
25759,train
25760,train
25761,train
25762,train
25763,train
25764,train
25765,train
25766,train
25767,train
25768,train
25769,train
25770,train
25771,train
25772,train
25773,train
25774,train
25775,train
25776,train
25777,train
25778,train
25779,train
25780,train
25781,train
25782,train
25783,train
25784,train
25785,train
25786,train
25787,train
25788,train
25789,train
25790,train
25791,train
25792,train
25793,train
25794,train
25795,train
25796,train
25797,train
25798,train
25799,train
25800,train
25801,train
25802,train
25803,train
25804,train
25805,train
25806,train
25807,train
25808,train
25809,train
25810,train
25811,train
25812,train
25813,train
25814,train
25815,train
25816,train
25817,train
25818,train
25819,train
25820,train
25821,train
25822,train
25823,train
25824,train
25825,train
25826,train
25827,train
25828,train
25829,train
25830,train
25831,train
25832,train
25833,train
25834,train
25835,train
25836,train
25837,train
25838,train
25839,train
25840,train
25841,train
25842,train
25843,train
25844,train
25845,train
25846,train
25847,train
25848,train
25849,train
25850,train
25851,train
25852,train
25853,train
25854,train
25855,train
25856,train
25857,train
25858,train
25859,train
25860,train
25861,train
25862,train
25863,train
25864,train
25865,train
25866,train
25867,train
25868,train
25869,train
25870,train
25871,train
25872,train
25873,train
25874,train
25875,train
25876,train
25877,train
25878,train
25879,train
25880,train
25881,train
25882,train
25883,train
25884,train
25885,train
25886,train
25887,train
25888,train
25889,train
25890,train
25891,train
25892,train
25893,train
25894,train
25895,train
25896,train
25897,train
25898,train
25899,train
25900,train
25901,train
25902,train
25903,train
25904,train
25905,train
25906,train
25907,train
25908,train
25909,train
25910,train
25911,train
25912,train
25913,train
25914,train
25915,train
25916,train
25917,train
25918,train
25919,train
25920,train
25921,train
25922,train
25923,train
25924,train
25925,train
25926,train
25927,train
25928,train
25929,train
25930,train
25931,train
25932,train
25933,train
25934,train
25935,train
25936,train
25937,train
25938,train
25939,train
25940,train
25941,train
25942,train
25943,train
25944,train
25945,train
25946,train
25947,train
25948,train
25949,train
25950,train
25951,train
25952,train
25953,train
25954,train
25955,train
25956,train
25957,train
25958,train
25959,train
25960,train
25961,train
25962,train
25963,train
25964,train
25965,train
25966,train
25967,train
25968,train
25969,train
25970,train
25971,train
25972,train
25973,train
25974,train
25975,train
25976,train
25977,train
25978,train
25979,train
25980,train
25981,train
25982,train
25983,train
25984,train
25985,train
25986,train
25987,train
25988,train
25989,train
25990,train
25991,train
25992,train
25993,train
25994,train
25995,train
25996,train
25997,train
25998,train
25999,train
26000,train
26001,train
26002,train
26003,train
26004,train
26005,train
26006,train
26007,train
26008,train
26009,train
26010,train
26011,train
26012,train
26013,train
26014,train
26015,train
26016,train
26017,train
26018,train
26019,train
26020,train
26021,train
26022,train
26023,train
26024,train
26025,train
26026,train
26027,train
26028,train
26029,train
26030,train
26031,train
26032,train
26033,train
26034,train
26035,train
26036,train
26037,train
26038,train
26039,train
26040,train
26041,train
26042,train
26043,train
26044,train
26045,train
26046,train
26047,train
26048,train
26049,train
26050,train
26051,train
26052,train
26053,train
26054,train
26055,train
26056,train
26057,train
26058,train
26059,train
26060,train
26061,train
26062,train
26063,train
26064,train
26065,train
26066,train
26067,train
26068,train
26069,train
26070,train
26071,train
26072,train
26073,train
26074,train
26075,train
26076,train
26077,train
26078,train
26079,train
26080,train
26081,train
26082,train
26083,train
26084,train
26085,train
26086,train
26087,train
26088,train
26089,train
26090,train
26091,train
26092,train
26093,train
26094,train
26095,train
26096,train
26097,train
26098,train
26099,train
26100,train
26101,train
26102,train
26103,train
26104,train
26105,train
26106,train
26107,train
26108,train
26109,train
26110,train
26111,train
26112,train
26113,train
26114,train
26115,train
26116,train
26117,train
26118,train
26119,train
26120,train
26121,train
26122,train
26123,train
26124,train
26125,train
26126,train
26127,train
26128,train
26129,train
26130,train
26131,train
26132,train
26133,train
26134,train
26135,train
26136,train
26137,train
26138,train
26139,train
26140,train
26141,train
26142,train
26143,train
26144,train
26145,train
26146,train
26147,train
26148,train
26149,train
26150,train
26151,train
26152,train
26153,train
26154,train
26155,train
26156,train
26157,train
26158,train
26159,train
26160,train
26161,train
26162,train
26163,train
26164,train
26165,train
26166,train
26167,train
26168,train
26169,train
26170,train
26171,train
26172,train
26173,train
26174,train
26175,train
26176,train
26177,train
26178,train
26179,train
26180,train
26181,train
26182,train
26183,train
26184,train
26185,train
26186,train
26187,train
26188,train
26189,train
26190,train
26191,train
26192,train
26193,train
26194,train
26195,train
26196,train
26197,train
26198,train
26199,train
26200,train
26201,train
26202,train
26203,train
26204,train
26205,train
26206,train
26207,train
26208,train
26209,train
26210,train
26211,train
26212,train
26213,train
26214,train
26215,train
26216,train
26217,train
26218,train
26219,train
26220,train
26221,train
26222,train
26223,train
26224,train
26225,train
26226,train
26227,train
26228,train
26229,train
26230,train
26231,train
26232,train
26233,train
26234,train
26235,train
26236,train
26237,train
26238,train
26239,train
26240,train
26241,train
26242,train
26243,train
26244,train
26245,train
26246,train
26247,train
26248,train
26249,train
26250,train
26251,train
26252,train
26253,train
26254,train
26255,train
26256,train
26257,train
26258,train
26259,train
26260,train
26261,train
26262,train
26263,train
26264,train
26265,train
26266,train
26267,train
26268,train
26269,train
26270,train
26271,train
26272,train
26273,train
26274,train
26275,train
26276,train
26277,train
26278,train
26279,train
26280,train
26281,train
26282,train
26283,train
26284,train
26285,train
26286,train
26287,train
26288,train
26289,train
26290,train
26291,train
26292,train
26293,train
26294,train
26295,train
26296,train
26297,train
26298,train
26299,train
26300,train
26301,train
26302,train
26303,train
26304,train
26305,train
26306,train
26307,train
26308,train
26309,train
26310,train
26311,train
26312,train
26313,train
26314,train
26315,train
26316,train
26317,train
26318,train
26319,train
26320,train
26321,train
26322,train
26323,train
26324,train
26325,train
26326,train
26327,train
26328,train
26329,train
26330,train
26331,train
26332,train
26333,train
26334,train
26335,train
26336,train
26337,train
26338,train
26339,train
26340,train
26341,train
26342,train
26343,train
26344,train
26345,train
26346,train
26347,train
26348,train
26349,train
26350,train
26351,train
26352,train
26353,train
26354,train
26355,train
26356,train
26357,train
26358,train
26359,train
26360,train
26361,train
26362,train
26363,train
26364,train
26365,train
26366,train
26367,train
26368,train
26369,train
26370,train
26371,train
26372,train
26373,train
26374,train
26375,train
26376,train
26377,train
26378,train
26379,train
26380,train
26381,train
26382,train
26383,train
26384,train
26385,train
26386,train
26387,train
26388,train
26389,train
26390,train
26391,train
26392,train
26393,train
26394,train
26395,train
26396,train
26397,train
26398,train
26399,train
26400,train
26401,train
26402,train
26403,train
26404,train
26405,train
26406,train
26407,train
26408,train
26409,train
26410,train
26411,train
26412,train
26413,train
26414,train
26415,train
26416,train
26417,train
26418,train
26419,train
26420,train
26421,train
26422,train
26423,train
26424,train
26425,train
26426,train
26427,train
26428,train
26429,train
26430,train
26431,train
26432,train
26433,train
26434,train
26435,train
26436,train
26437,train
26438,train
26439,train
26440,train
26441,train
26442,train
26443,train
26444,train
26445,train
26446,train
26447,train
26448,train
26449,train
26450,train
26451,train
26452,train
26453,train
26454,train
26455,train
26456,train
26457,train
26458,train
26459,train
26460,train
26461,train
26462,train
26463,train
26464,train
26465,train
26466,train
26467,train
26468,train
26469,train
26470,train
26471,train
26472,train
26473,train
26474,train
26475,train
26476,train
26477,train
26478,train
26479,train
26480,train
26481,train
26482,train
26483,train
26484,train
26485,train
26486,train
26487,train
26488,train
26489,train
26490,train
26491,train
26492,train
26493,train
26494,train
26495,train
26496,train
26497,train
26498,train
26499,train
26500,train
26501,train
26502,train
26503,train
26504,train
26505,train
26506,train
26507,train
26508,train
26509,train
26510,train
26511,train
26512,train
26513,train
26514,train
26515,train
26516,train
26517,train
26518,train
26519,train
26520,train
26521,train
26522,train
26523,train
26524,train
26525,train
26526,train
26527,train
26528,train
26529,train
26530,train
26531,train
26532,train
26533,train
26534,train
26535,train
26536,train
26537,train
26538,train
26539,train
26540,train
26541,train
26542,train
26543,train
26544,train
26545,train
26546,train
26547,train
26548,train
26549,train
26550,train
26551,train
26552,train
26553,train
26554,train
26555,train
26556,train
26557,train
26558,train
26559,train
26560,train
26561,train
26562,train
26563,train
26564,train
26565,train
26566,train
26567,train
26568,train
26569,train
26570,train
26571,train
26572,train
26573,train
26574,train
26575,train
26576,train
26577,train
26578,train
26579,train
26580,train
26581,train
26582,train
26583,train
26584,train
26585,train
26586,train
26587,train
26588,train
26589,train
26590,train
26591,train
26592,train
26593,train
26594,train
26595,train
26596,train
26597,train
26598,train
26599,train
26600,train
26601,train
26602,train
26603,train
26604,train
26605,train
26606,train
26607,train
26608,train
26609,train
26610,train
26611,train
26612,train
26613,train
26614,train
26615,train
26616,train
26617,train
26618,train
26619,train
26620,train
26621,train
26622,train
26623,train
26624,train
26625,train
26626,train
26627,train
26628,train
26629,train
26630,train
26631,train
26632,train
26633,train
26634,train
26635,train
26636,train
26637,train
26638,train
26639,train
26640,train
26641,train
26642,train
26643,train
26644,train
26645,train
26646,train
26647,train
26648,train
26649,train
26650,train
26651,train
26652,train
26653,train
26654,train
26655,train
26656,train
26657,train
26658,train
26659,train
26660,train
26661,train
26662,train
26663,train
26664,train
26665,train
26666,train
26667,train
26668,train
26669,train
26670,train
26671,train
26672,train
26673,train
26674,train
26675,train
26676,train
26677,train
26678,train
26679,train
26680,train
26681,train
26682,train
26683,train
26684,train
26685,train
26686,train
26687,train
26688,train
26689,train
26690,train
26691,train
26692,train
26693,train
26694,train
26695,train
26696,train
26697,train
26698,train
26699,train
26700,train
26701,train
26702,train
26703,train
26704,train
26705,train
26706,train
26707,train
26708,train
26709,train
26710,train
26711,train
26712,train
26713,train
26714,train
26715,train
26716,train
26717,train
26718,train
26719,train
26720,train
26721,train
26722,train
26723,train
26724,train
26725,train
26726,train
26727,train
26728,train
26729,train
26730,train
26731,train
26732,train
26733,train
26734,train
26735,train
26736,train
26737,train
26738,train
26739,train
26740,train
26741,train
26742,train
26743,train
26744,train
26745,train
26746,train
26747,train
26748,train
26749,train
26750,train
26751,train
26752,train
26753,train
26754,train
26755,train
26756,train
26757,train
26758,train
26759,train
26760,train
26761,train
26762,train
26763,train
26764,train
26765,train
26766,train
26767,train
26768,train
26769,train
26770,train
26771,train
26772,train
26773,train
26774,train
26775,train
26776,train
26777,train
26778,train
26779,train
26780,train
26781,train
26782,train
26783,train
26784,train
26785,train
26786,train
26787,train
26788,train
26789,train
26790,train
26791,train
26792,train
26793,train
26794,train
26795,train
26796,train
26797,train
26798,train
26799,train
26800,train
26801,train
26802,train
26803,train
26804,train
26805,train
26806,train
26807,train
26808,train
26809,train
26810,train
26811,train
26812,train
26813,train
26814,train
26815,train
26816,train
26817,train
26818,train
26819,train
26820,train
26821,train
26822,train
26823,train
26824,train
26825,train
26826,train
26827,train
26828,train
26829,train
26830,train
26831,train
26832,train
26833,train
26834,train
26835,train
26836,train
26837,train
26838,train
26839,train
26840,train
26841,train
26842,train
26843,train
26844,train
26845,train
26846,train
26847,train
26848,train
26849,train
26850,train
26851,train
26852,train
26853,train
26854,train
26855,train
26856,train
26857,train
26858,train
26859,train
26860,train
26861,train
26862,train
26863,train
26864,train
26865,train
26866,train
26867,train
26868,train
26869,train
26870,train
26871,train
26872,train
26873,train
26874,train
26875,train
26876,train
26877,train
26878,train
26879,train
26880,train
26881,train
26882,train
26883,train
26884,train
26885,train
26886,train
26887,train
26888,train
26889,train
26890,train
26891,train
26892,train
26893,train
26894,train
26895,train
26896,train
26897,train
26898,train
26899,train
26900,train
26901,train
26902,train
26903,train
26904,train
26905,train
26906,train
26907,train
26908,train
26909,train
26910,train
26911,train
26912,train
26913,train
26914,train
26915,train
26916,train
26917,train
26918,train
26919,train
26920,train
26921,train
26922,train
26923,train
26924,train
26925,train
26926,train
26927,train
26928,train
26929,train
26930,train
26931,train
26932,train
26933,train
26934,train
26935,train
26936,train
26937,train
26938,train
26939,train
26940,train
26941,train
26942,train
26943,train
26944,train
26945,train
26946,train
26947,train
26948,train
26949,train
26950,train
26951,train
26952,train
26953,train
26954,train
26955,train
26956,train
26957,train
26958,train
26959,train
26960,train
26961,train
26962,train
26963,train
26964,train
26965,train
26966,train
26967,train
26968,train
26969,train
26970,train
26971,train
26972,train
26973,train
26974,train
26975,train
26976,train
26977,train
26978,train
26979,train
26980,train
26981,train
26982,train
26983,train
26984,train
26985,train
26986,train
26987,train
26988,train
26989,train
26990,train
26991,train
26992,train
26993,train
26994,train
26995,train
26996,train
26997,train
26998,train
26999,train
27000,train
27001,train
27002,train
27003,train
27004,train
27005,train
27006,train
27007,train
27008,train
27009,train
27010,train
27011,train
27012,train
27013,train
27014,train
27015,train
27016,train
27017,train
27018,train
27019,train
27020,train
27021,train
27022,train
27023,train
27024,train
27025,train
27026,train
27027,train
27028,train
27029,train
27030,train
27031,train
27032,train
27033,train
27034,train
27035,train
27036,train
27037,train
27038,train
27039,train
27040,train
27041,train
27042,train
27043,train
27044,train
27045,train
27046,train
27047,train
27048,train
27049,train
27050,train
27051,train
27052,train
27053,train
27054,train
27055,train
27056,train
27057,train
27058,train
27059,train
27060,train
27061,train
27062,train
27063,train
27064,train
27065,train
27066,train
27067,train
27068,train
27069,train
27070,train
27071,train
27072,train
27073,train
27074,train
27075,train
27076,train
27077,train
27078,train
27079,train
27080,train
27081,train
27082,train
27083,train
27084,train
27085,train
27086,train
27087,train
27088,train
27089,train
27090,train
27091,train
27092,train
27093,train
27094,train
27095,train
27096,train
27097,train
27098,train
27099,train
27100,train
27101,train
27102,train
27103,train
27104,train
27105,train
27106,train
27107,train
27108,train
27109,train
27110,train
27111,train
27112,train
27113,train
27114,train
27115,train
27116,train
27117,train
27118,train
27119,train
27120,train
27121,train
27122,train
27123,train
27124,train
27125,train
27126,train
27127,train
27128,train
27129,train
27130,train
27131,train
27132,train
27133,train
27134,train
27135,train
27136,train
27137,train
27138,train
27139,train
27140,train
27141,train
27142,train
27143,train
27144,train
27145,train
27146,train
27147,train
27148,train
27149,train
27150,train
27151,train
27152,train
27153,train
27154,train
27155,train
27156,train
27157,train
27158,train
27159,train
27160,train
27161,train
27162,train
27163,train
27164,train
27165,train
27166,train
27167,train
27168,train
27169,train
27170,train
27171,train
27172,train
27173,train
27174,train
27175,train
27176,train
27177,train
27178,train
27179,train
27180,train
27181,train
27182,train
27183,train
27184,train
27185,train
27186,train
27187,train
27188,train
27189,train
27190,train
27191,train
27192,train
27193,train
27194,train
27195,train
27196,train
27197,train
27198,train
27199,train
27200,train
27201,train
27202,train
27203,train
27204,train
27205,train
27206,train
27207,train
27208,train
27209,train
27210,train
27211,train
27212,train
27213,train
27214,train
27215,train
27216,train
27217,train
27218,train
27219,train
27220,train
27221,train
27222,train
27223,train
27224,train
27225,train
27226,train
27227,train
27228,train
27229,train
27230,train
27231,train
27232,train
27233,train
27234,train
27235,train
27236,train
27237,train
27238,train
27239,train
27240,train
27241,train
27242,train
27243,train
27244,train
27245,train
27246,train
27247,train
27248,train
27249,train
27250,train
27251,train
27252,train
27253,train
27254,train
27255,train
27256,train
27257,train
27258,train
27259,train
27260,train
27261,train
27262,train
27263,train
27264,train
27265,train
27266,train
27267,train
27268,train
27269,train
27270,train
27271,train
27272,train
27273,train
27274,train
27275,train
27276,train
27277,train
27278,train
27279,train
27280,train
27281,train
27282,train
27283,train
27284,train
27285,train
27286,train
27287,train
27288,train
27289,train
27290,train
27291,train
27292,train
27293,train
27294,train
27295,train
27296,train
27297,train
27298,train
27299,train
27300,train
27301,train
27302,train
27303,train
27304,train
27305,train
27306,train
27307,train
27308,train
27309,train
27310,train
27311,train
27312,train
27313,train
27314,train
27315,train
27316,train
27317,train
27318,train
27319,train
27320,train
27321,train
27322,train
27323,train
27324,train
27325,train
27326,train
27327,train
27328,train
27329,train
27330,train
27331,train
27332,train
27333,train
27334,train
27335,train
27336,train
27337,train
27338,train
27339,train
27340,train
27341,train
27342,train
27343,train
27344,train
27345,train
27346,train
27347,train
27348,train
27349,train
27350,train
27351,train
27352,train
27353,train
27354,train
27355,train
27356,train
27357,train
27358,train
27359,train
27360,train
27361,train
27362,train
27363,train
27364,train
27365,train
27366,train
27367,train
27368,train
27369,train
27370,train
27371,train
27372,train
27373,train
27374,train
27375,train
27376,train
27377,train
27378,train
27379,train
27380,train
27381,train
27382,train
27383,train
27384,train
27385,train
27386,train
27387,train
27388,train
27389,train
27390,train
27391,train
27392,train
27393,train
27394,train
27395,train
27396,train
27397,train
27398,train
27399,train
27400,train
27401,train
27402,train
27403,train
27404,train
27405,train
27406,train
27407,train
27408,train
27409,train
27410,train
27411,train
27412,train
27413,train
27414,train
27415,train
27416,train
27417,train
27418,train
27419,train
27420,train
27421,train
27422,train
27423,train
27424,train
27425,train
27426,train
27427,train
27428,train
27429,train
27430,train
27431,train
27432,train
27433,train
27434,train
27435,train
27436,train
27437,train
27438,train
27439,train
27440,train
27441,train
27442,train
27443,train
27444,train
27445,train
27446,train
27447,train
27448,train
27449,train
27450,train
27451,train
27452,train
27453,train
27454,train
27455,train
27456,train
27457,train
27458,train
27459,train
27460,train
27461,train
27462,train
27463,train
27464,train
27465,train
27466,train
27467,train
27468,train
27469,train
27470,train
27471,train
27472,train
27473,train
27474,train
27475,train
27476,train
27477,train
27478,train
27479,train
27480,train
27481,train
27482,train
27483,train
27484,train
27485,train
27486,train
27487,train
27488,train
27489,train
27490,train
27491,train
27492,train
27493,train
27494,train
27495,train
27496,train
27497,train
27498,train
27499,train
27500,train
27501,train
27502,train
27503,train
27504,train
27505,train
27506,train
27507,train
27508,train
27509,train
27510,train
27511,train
27512,train
27513,train
27514,train
27515,train
27516,train
27517,train
27518,train
27519,train
27520,train
27521,train
27522,train
27523,train
27524,train
27525,train
27526,train
27527,train
27528,train
27529,train
27530,train
27531,train
27532,train
27533,train
27534,train
27535,train
27536,train
27537,train
27538,train
27539,train
27540,train
27541,train
27542,train
27543,train
27544,train
27545,train
27546,train
27547,train
27548,train
27549,train
27550,train
27551,train
27552,train
27553,train
27554,train
27555,train
27556,train
27557,train
27558,train
27559,train
27560,train
27561,train
27562,train
27563,train
27564,train
27565,train
27566,train
27567,train
27568,train
27569,train
27570,train
27571,train
27572,train
27573,train
27574,train
27575,train
27576,train
27577,train
27578,train
27579,train
27580,train
27581,train
27582,train
27583,train
27584,train
27585,train
27586,train
27587,train
27588,train
27589,train
27590,train
27591,train
27592,train
27593,train
27594,train
27595,train
27596,train
27597,train
27598,train
27599,train
27600,train
27601,train
27602,train
27603,train
27604,train
27605,train
27606,train
27607,train
27608,train
27609,train
27610,train
27611,train
27612,train
27613,train
27614,train
27615,train
27616,train
27617,train
27618,train
27619,train
27620,train
27621,train
27622,train
27623,train
27624,train
27625,train
27626,train
27627,train
27628,train
27629,train
27630,train
27631,train
27632,train
27633,train
27634,train
27635,train
27636,train
27637,train
27638,train
27639,train
27640,train
27641,train
27642,train
27643,train
27644,train
27645,train
27646,train
27647,train
27648,train
27649,train
27650,train
27651,train
27652,train
27653,train
27654,train
27655,train
27656,train
27657,train
27658,train
27659,train
27660,train
27661,train
27662,train
27663,train
27664,train
27665,train
27666,train
27667,train
27668,train
27669,train
27670,train
27671,train
27672,train
27673,train
27674,train
27675,train
27676,train
27677,train
27678,train
27679,train
27680,train
27681,train
27682,train
27683,train
27684,train
27685,train
27686,train
27687,train
27688,train
27689,train
27690,train
27691,train
27692,train
27693,train
27694,train
27695,train
27696,train
27697,train
27698,train
27699,train
27700,train
27701,train
27702,train
27703,train
27704,train
27705,train
27706,train
27707,train
27708,train
27709,train
27710,train
27711,train
27712,train
27713,train
27714,train
27715,train
27716,train
27717,train
27718,train
27719,train
27720,train
27721,train
27722,train
27723,train
27724,train
27725,train
27726,train
27727,train
27728,train
27729,train
27730,train
27731,train
27732,train
27733,train
27734,train
27735,train
27736,train
27737,train
27738,train
27739,train
27740,train
27741,train
27742,train
27743,train
27744,train
27745,train
27746,train
27747,train
27748,train
27749,train
27750,train
27751,train
27752,train
27753,train
27754,train
27755,train
27756,train
27757,train
27758,train
27759,train
27760,train
27761,train
27762,train
27763,train
27764,train
27765,train
27766,train
27767,train
27768,train
27769,train
27770,train
27771,train
27772,train
27773,train
27774,train
27775,train
27776,train
27777,train
27778,train
27779,train
27780,train
27781,train
27782,train
27783,train
27784,train
27785,train
27786,train
27787,train
27788,train
27789,train
27790,train
27791,train
27792,train
27793,train
27794,train
27795,train
27796,train
27797,train
27798,train
27799,train
27800,train
27801,train
27802,train
27803,train
27804,train
27805,train
27806,train
27807,train
27808,train
27809,train
27810,train
27811,train
27812,train
27813,train
27814,train
27815,train
27816,train
27817,train
27818,train
27819,train
27820,train
27821,train
27822,train
27823,train
27824,train
27825,train
27826,train
27827,train
27828,train
27829,train
27830,train
27831,train
27832,train
27833,train
27834,train
27835,train
27836,train
27837,train
27838,train
27839,train
27840,train
27841,train
27842,train
27843,train
27844,train
27845,train
27846,train
27847,train
27848,train
27849,train
27850,train
27851,train
27852,train
27853,train
27854,train
27855,train
27856,train
27857,train
27858,train
27859,train
27860,train
27861,train
27862,train
27863,train
27864,train
27865,train
27866,train
27867,train
27868,train
27869,train
27870,train
27871,train
27872,train
27873,train
27874,train
27875,train
27876,train
27877,train
27878,train
27879,train
27880,train
27881,train
27882,train
27883,train
27884,train
27885,train
27886,train
27887,train
27888,train
27889,train
27890,train
27891,train
27892,train
27893,train
27894,train
27895,train
27896,train
27897,train
27898,train
27899,train
27900,train
27901,train
27902,train
27903,train
27904,train
27905,train
27906,train
27907,train
27908,train
27909,train
27910,train
27911,train
27912,train
27913,train
27914,train
27915,train
27916,train
27917,train
27918,train
27919,train
27920,train
27921,train
27922,train
27923,train
27924,train
27925,train
27926,train
27927,train
27928,train
27929,train
27930,train
27931,train
27932,train
27933,train
27934,train
27935,train
27936,train
27937,train
27938,train
27939,train
27940,train
27941,train
27942,train
27943,train
27944,train
27945,train
27946,train
27947,train
27948,train
27949,train
27950,train
27951,train
27952,train
27953,train
27954,train
27955,train
27956,train
27957,train
27958,train
27959,train
27960,train
27961,train
27962,train
27963,train
27964,train
27965,train
27966,train
27967,train
27968,train
27969,train
27970,train
27971,train
27972,train
27973,train
27974,train
27975,train
27976,train
27977,train
27978,train
27979,train
27980,train
27981,train
27982,train
27983,train
27984,train
27985,train
27986,train
27987,train
27988,train
27989,train
27990,train
27991,train
27992,train
27993,train
27994,train
27995,train
27996,train
27997,train
27998,train
27999,train
28000,train
28001,train
28002,train
28003,train
28004,train
28005,train
28006,train
28007,train
28008,train
28009,train
28010,train
28011,train
28012,train
28013,train
28014,train
28015,train
28016,train
28017,train
28018,train
28019,train
28020,train
28021,train
28022,train
28023,train
28024,train
28025,train
28026,train
28027,train
28028,train
28029,train
28030,train
28031,train
28032,train
28033,train
28034,train
28035,train
28036,train
28037,train
28038,train
28039,train
28040,train
28041,train
28042,train
28043,train
28044,train
28045,train
28046,train
28047,train
28048,train
28049,train
28050,train
28051,train
28052,train
28053,train
28054,train
28055,train
28056,train
28057,train
28058,train
28059,train
28060,train
28061,train
28062,train
28063,train
28064,train
28065,train
28066,train
28067,train
28068,train
28069,train
28070,train
28071,train
28072,train
28073,train
28074,train
28075,train
28076,train
28077,train
28078,train
28079,train
28080,train
28081,train
28082,train
28083,train
28084,train
28085,train
28086,train
28087,train
28088,train
28089,train
28090,train
28091,train
28092,train
28093,train
28094,train
28095,train
28096,train
28097,train
28098,train
28099,train
28100,train
28101,train
28102,train
28103,train
28104,train
28105,train
28106,train
28107,train
28108,train
28109,train
28110,train
28111,train
28112,train
28113,train
28114,train
28115,train
28116,train
28117,train
28118,train
28119,train
28120,train
28121,train
28122,train
28123,train
28124,train
28125,train
28126,train
28127,train
28128,train
28129,train
28130,train
28131,train
28132,train
28133,train
28134,train
28135,train
28136,train
28137,train
28138,train
28139,train
28140,train
28141,train
28142,train
28143,train
28144,train
28145,train
28146,train
28147,train
28148,train
28149,train
28150,train
28151,train
28152,train
28153,train
28154,train
28155,train
28156,train
28157,train
28158,train
28159,train
28160,train
28161,train
28162,train
28163,train
28164,train
28165,train
28166,train
28167,train
28168,train
28169,train
28170,train
28171,train
28172,train
28173,train
28174,train
28175,train
28176,train
28177,train
28178,train
28179,train
28180,train
28181,train
28182,train
28183,train
28184,train
28185,train
28186,train
28187,train
28188,train
28189,train
28190,train
28191,train
28192,train
28193,train
28194,train
28195,train
28196,train
28197,train
28198,train
28199,train
28200,train
28201,train
28202,train
28203,train
28204,train
28205,train
28206,train
28207,train
28208,train
28209,train
28210,train
28211,train
28212,train
28213,train
28214,train
28215,train
28216,train
28217,train
28218,train
28219,train
28220,train
28221,train
28222,train
28223,train
28224,train
28225,train
28226,train
28227,train
28228,train
28229,train
28230,train
28231,train
28232,train
28233,train
28234,train
28235,train
28236,train
28237,train
28238,train
28239,train
28240,train
28241,train
28242,train
28243,train
28244,train
28245,train
28246,train
28247,train
28248,train
28249,train
28250,train
28251,train
28252,train
28253,train
28254,train
28255,train
28256,train
28257,train
28258,train
28259,train
28260,train
28261,train
28262,train
28263,train
28264,train
28265,train
28266,train
28267,train
28268,train
28269,train
28270,train
28271,train
28272,train
28273,train
28274,train
28275,train
28276,train
28277,train
28278,train
28279,train
28280,train
28281,train
28282,train
28283,train
28284,train
28285,train
28286,train
28287,train
28288,train
28289,train
28290,train
28291,train
28292,train
28293,train
28294,train
28295,train
28296,train
28297,train
28298,train
28299,train
28300,train
28301,train
28302,train
28303,train
28304,train
28305,train
28306,train
28307,train
28308,train
28309,train
28310,train
28311,train
28312,train
28313,train
28314,train
28315,train
28316,train
28317,train
28318,train
28319,train
28320,train
28321,train
28322,train
28323,train
28324,train
28325,train
28326,train
28327,train
28328,train
28329,train
28330,train
28331,train
28332,train
28333,train
28334,train
28335,train
28336,train
28337,train
28338,train
28339,train
28340,train
28341,train
28342,train
28343,train
28344,train
28345,train
28346,train
28347,train
28348,train
28349,train
28350,train
28351,train
28352,train
28353,train
28354,train
28355,train
28356,train
28357,train
28358,train
28359,train
28360,train
28361,train
28362,train
28363,train
28364,train
28365,train
28366,train
28367,train
28368,train
28369,train
28370,train
28371,train
28372,train
28373,train
28374,train
28375,train
28376,train
28377,train
28378,train
28379,train
28380,train
28381,train
28382,train
28383,train
28384,train
28385,train
28386,train
28387,train
28388,train
28389,train
28390,train
28391,train
28392,train
28393,train
28394,train
28395,train
28396,train
28397,train
28398,train
28399,train
28400,train
28401,train
28402,train
28403,train
28404,train
28405,train
28406,train
28407,train
28408,train
28409,train
28410,train
28411,train
28412,train
28413,train
28414,train
28415,train
28416,train
28417,train
28418,train
28419,train
28420,train
28421,train
28422,train
28423,train
28424,train
28425,train
28426,train
28427,train
28428,train
28429,train
28430,train
28431,train
28432,train
28433,train
28434,train
28435,train
28436,train
28437,train
28438,train
28439,train
28440,train
28441,train
28442,train
28443,train
28444,train
28445,train
28446,train
28447,train
28448,train
28449,train
28450,train
28451,train
28452,train
28453,train
28454,train
28455,train
28456,train
28457,train
28458,train
28459,train
28460,train
28461,train
28462,train
28463,train
28464,train
28465,train
28466,train
28467,train
28468,train
28469,train
28470,train
28471,train
28472,train
28473,train
28474,train
28475,train
28476,train
28477,train
28478,train
28479,train
28480,train
28481,train
28482,train
28483,train
28484,train
28485,train
28486,train
28487,train
28488,train
28489,train
28490,train
28491,train
28492,train
28493,train
28494,train
28495,train
28496,train
28497,train
28498,train
28499,train
28500,train
28501,train
28502,train
28503,train
28504,train
28505,train
28506,train
28507,train
28508,train
28509,train
28510,train
28511,train
28512,train
28513,train
28514,train
28515,train
28516,train
28517,train
28518,train
28519,train
28520,train
28521,train
28522,train
28523,train
28524,train
28525,train
28526,train
28527,train
28528,train
28529,train
28530,train
28531,train
28532,train
28533,train
28534,train
28535,train
28536,train
28537,train
28538,train
28539,train
28540,train
28541,train
28542,train
28543,train
28544,train
28545,train
28546,train
28547,train
28548,train
28549,train
28550,train
28551,train
28552,train
28553,train
28554,train
28555,train
28556,train
28557,train
28558,train
28559,train
28560,train
28561,train
28562,train
28563,train
28564,train
28565,train
28566,train
28567,train
28568,train
28569,train
28570,train
28571,train
28572,train
28573,train
28574,train
28575,train
28576,train
28577,train
28578,train
28579,train
28580,train
28581,train
28582,train
28583,train
28584,train
28585,train
28586,train
28587,train
28588,train
28589,train
28590,train
28591,train
28592,train
28593,train
28594,train
28595,train
28596,train
28597,train
28598,train
28599,train
28600,train
28601,train
28602,train
28603,train
28604,train
28605,train
28606,train
28607,train
28608,train
28609,train
28610,train
28611,train
28612,train
28613,train
28614,train
28615,train
28616,train
28617,train
28618,train
28619,train
28620,train
28621,train
28622,train
28623,train
28624,train
28625,train
28626,train
28627,train
28628,train
28629,train
28630,train
28631,train
28632,train
28633,train
28634,train
28635,train
28636,train
28637,train
28638,train
28639,train
28640,train
28641,train
28642,train
28643,train
28644,train
28645,train
28646,train
28647,train
28648,train
28649,train
28650,train
28651,train
28652,train
28653,train
28654,train
28655,train
28656,train
28657,train
28658,train
28659,train
28660,train
28661,train
28662,train
28663,train
28664,train
28665,train
28666,train
28667,train
28668,train
28669,train
28670,train
28671,train
28672,train
28673,train
28674,train
28675,train
28676,train
28677,train
28678,train
28679,train
28680,train
28681,train
28682,train
28683,train
28684,train
28685,train
28686,train
28687,train
28688,train
28689,train
28690,train
28691,train
28692,train
28693,train
28694,train
28695,train
28696,train
28697,train
28698,train
28699,train
28700,train
28701,train
28702,train
28703,train
28704,train
28705,train
28706,train
28707,train
28708,train
28709,train
28710,train
28711,train
28712,train
28713,train
28714,train
28715,train
28716,train
28717,train
28718,train
28719,train
28720,train
28721,train
28722,train
28723,train
28724,train
28725,train
28726,train
28727,train
28728,train
28729,train
28730,train
28731,train
28732,train
28733,train
28734,train
28735,train
28736,train
28737,train
28738,train
28739,train
28740,train
28741,train
28742,train
28743,train
28744,train
28745,train
28746,train
28747,train
28748,train
28749,train
28750,train
28751,train
28752,train
28753,train
28754,train
28755,train
28756,train
28757,train
28758,train
28759,train
28760,train
28761,train
28762,train
28763,train
28764,train
28765,train
28766,train
28767,train
28768,train
28769,train
28770,train
28771,train
28772,train
28773,train
28774,train
28775,train
28776,train
28777,train
28778,train
28779,train
28780,train
28781,train
28782,train
28783,train
28784,train
28785,train
28786,train
28787,train
28788,train
28789,train
28790,train
28791,train
28792,train
28793,train
28794,train
28795,train
28796,train
28797,train
28798,train
28799,train
28800,train
28801,train
28802,train
28803,train
28804,train
28805,train
28806,train
28807,train
28808,train
28809,train
28810,train
28811,train
28812,train
28813,train
28814,train
28815,train
28816,train
28817,train
28818,train
28819,train
28820,train
28821,train
28822,train
28823,train
28824,train
28825,train
28826,train
28827,train
28828,train
28829,train
28830,train
28831,train
28832,train
28833,train
28834,train
28835,train
28836,train
28837,train
28838,train
28839,train
28840,train
28841,train
28842,train
28843,train
28844,train
28845,train
28846,train
28847,train
28848,train
28849,train
28850,train
28851,train
28852,train
28853,train
28854,train
28855,train
28856,train
28857,train
28858,train
28859,train
28860,train
28861,train
28862,train
28863,train
28864,train
28865,train
28866,train
28867,train
28868,train
28869,train
28870,train
28871,train
28872,train
28873,train
28874,train
28875,train
28876,train
28877,train
28878,train
28879,train
28880,train
28881,train
28882,train
28883,train
28884,train
28885,train
28886,train
28887,train
28888,train
28889,train
28890,train
28891,train
28892,train
28893,train
28894,train
28895,train
28896,train
28897,train
28898,train
28899,train
28900,train
28901,train
28902,train
28903,train
28904,train
28905,train
28906,train
28907,train
28908,train
28909,train
28910,train
28911,train
28912,train
28913,train
28914,train
28915,train
28916,train
28917,train
28918,train
28919,train
28920,train
28921,train
28922,train
28923,train
28924,train
28925,train
28926,train
28927,train
28928,train
28929,train
28930,train
28931,train
28932,train
28933,train
28934,train
28935,train
28936,train
28937,train
28938,train
28939,train
28940,train
28941,train
28942,train
28943,train
28944,train
28945,train
28946,train
28947,train
28948,train
28949,train
28950,train
28951,train
28952,train
28953,train
28954,train
28955,train
28956,train
28957,train
28958,train
28959,train
28960,train
28961,train
28962,train
28963,train
28964,train
28965,train
28966,train
28967,train
28968,train
28969,train
28970,train
28971,train
28972,train
28973,train
28974,train
28975,train
28976,train
28977,train
28978,train
28979,train
28980,train
28981,train
28982,train
28983,train
28984,train
28985,train
28986,train
28987,train
28988,train
28989,train
28990,train
28991,train
28992,train
28993,train
28994,train
28995,train
28996,train
28997,train
28998,train
28999,train
29000,train
29001,train
29002,train
29003,train
29004,train
29005,train
29006,train
29007,train
29008,train
29009,train
29010,train
29011,train
29012,train
29013,train
29014,train
29015,train
29016,train
29017,train
29018,train
29019,train
29020,train
29021,train
29022,train
29023,train
29024,train
29025,train
29026,train
29027,train
29028,train
29029,train
29030,train
29031,train
29032,train
29033,train
29034,train
29035,train
29036,train
29037,train
29038,train
29039,train
29040,train
29041,train
29042,train
29043,train
29044,train
29045,train
29046,train
29047,train
29048,train
29049,train
29050,train
29051,train
29052,train
29053,train
29054,train
29055,train
29056,train
29057,train
29058,train
29059,train
29060,train
29061,train
29062,train
29063,train
29064,train
29065,train
29066,train
29067,train
29068,train
29069,train
29070,train
29071,train
29072,train
29073,train
29074,train
29075,train
29076,train
29077,train
29078,train
29079,train
29080,train
29081,train
29082,train
29083,train
29084,train
29085,train
29086,train
29087,train
29088,train
29089,train
29090,train
29091,train
29092,train
29093,train
29094,train
29095,train
29096,train
29097,train
29098,train
29099,train
29100,train
29101,train
29102,train
29103,train
29104,train
29105,train
29106,train
29107,train
29108,train
29109,train
29110,train
29111,train
29112,train
29113,train
29114,train
29115,train
29116,train
29117,train
29118,train
29119,train
29120,train
29121,train
29122,train
29123,train
29124,train
29125,train
29126,train
29127,train
29128,train
29129,train
29130,train
29131,train
29132,train
29133,train
29134,train
29135,train
29136,train
29137,train
29138,train
29139,train
29140,train
29141,train
29142,train
29143,train
29144,train
29145,train
29146,train
29147,train
29148,train
29149,train
29150,train
29151,train
29152,train
29153,train
29154,train
29155,train
29156,train
29157,train
29158,train
29159,train
29160,train
29161,train
29162,train
29163,train
29164,train
29165,train
29166,train
29167,train
29168,train
29169,train
29170,train
29171,train
29172,train
29173,train
29174,train
29175,train
29176,train
29177,train
29178,train
29179,train
29180,train
29181,train
29182,train
29183,train
29184,train
29185,train
29186,train
29187,train
29188,train
29189,train
29190,train
29191,train
29192,train
29193,train
29194,train
29195,train
29196,train
29197,train
29198,train
29199,train
29200,train
29201,train
29202,train
29203,train
29204,train
29205,train
29206,train
29207,train
29208,train
29209,train
29210,train
29211,train
29212,train
29213,train
29214,train
29215,train
29216,train
29217,train
29218,train
29219,train
29220,train
29221,train
29222,train
29223,train
29224,train
29225,train
29226,train
29227,train
29228,train
29229,train
29230,train
29231,train
29232,train
29233,train
29234,train
29235,train
29236,train
29237,train
29238,train
29239,train
29240,train
29241,train
29242,train
29243,train
29244,train
29245,train
29246,train
29247,train
29248,train
29249,train
29250,train
29251,train
29252,train
29253,train
29254,train
29255,train
29256,train
29257,train
29258,train
29259,train
29260,train
29261,train
29262,train
29263,train
29264,train
29265,train
29266,train
29267,train
29268,train
29269,train
29270,train
29271,train
29272,train
29273,train
29274,train
29275,train
29276,train
29277,train
29278,train
29279,train
29280,train
29281,train
29282,train
29283,train
29284,train
29285,train
29286,train
29287,train
29288,train
29289,train
29290,train
29291,train
29292,train
29293,train
29294,train
29295,train
29296,train
29297,train
29298,train
29299,train
29300,train
29301,train
29302,train
29303,train
29304,train
29305,train
29306,train
29307,train
29308,train
29309,train
29310,train
29311,train
29312,train
29313,train
29314,train
29315,train
29316,train
29317,train
29318,train
29319,train
29320,train
29321,train
29322,train
29323,train
29324,train
29325,train
29326,train
29327,train
29328,train
29329,train
29330,train
29331,train
29332,train
29333,train
29334,train
29335,train
29336,train
29337,train
29338,train
29339,train
29340,train
29341,train
29342,train
29343,train
29344,train
29345,train
29346,train
29347,train
29348,train
29349,train
29350,train
29351,train
29352,train
29353,train
29354,train
29355,train
29356,train
29357,train
29358,train
29359,train
29360,train
29361,train
29362,train
29363,train
29364,train
29365,train
29366,train
29367,train
29368,train
29369,train
29370,train
29371,train
29372,train
29373,train
29374,train
29375,train
29376,train
29377,train
29378,train
29379,train
29380,train
29381,train
29382,train
29383,train
29384,train
29385,train
29386,train
29387,train
29388,train
29389,train
29390,train
29391,train
29392,train
29393,train
29394,train
29395,train
29396,train
29397,train
29398,train
29399,train
29400,train
29401,train
29402,train
29403,train
29404,train
29405,train
29406,train
29407,train
29408,train
29409,train
29410,train
29411,train
29412,train
29413,train
29414,train
29415,train
29416,train
29417,train
29418,train
29419,train
29420,train
29421,train
29422,train
29423,train
29424,train
29425,train
29426,train
29427,train
29428,train
29429,train
29430,train
29431,train
29432,train
29433,train
29434,train
29435,train
29436,train
29437,train
29438,train
29439,train
29440,train
29441,train
29442,train
29443,train
29444,train
29445,train
29446,train
29447,train
29448,train
29449,train
29450,train
29451,train
29452,train
29453,train
29454,train
29455,train
29456,train
29457,train
29458,train
29459,train
29460,train
29461,train
29462,train
29463,train
29464,train
29465,train
29466,train
29467,train
29468,train
29469,train
29470,train
29471,train
29472,train
29473,train
29474,train
29475,train
29476,train
29477,train
29478,train
29479,train
29480,train
29481,train
29482,train
29483,train
29484,train
29485,train
29486,train
29487,train
29488,train
29489,train
29490,train
29491,train
29492,train
29493,train
29494,train
29495,train
29496,train
29497,train
29498,train
29499,train
29500,train
29501,train
29502,train
29503,train
29504,train
29505,train
29506,train
29507,train
29508,train
29509,train
29510,train
29511,train
29512,train
29513,train
29514,train
29515,train
29516,train
29517,train
29518,train
29519,train
29520,train
29521,train
29522,train
29523,train
29524,train
29525,train
29526,train
29527,train
29528,train
29529,train
29530,train
29531,train
29532,train
29533,train
29534,train
29535,train
29536,train
29537,train
29538,train
29539,train
29540,train
29541,train
29542,train
29543,train
29544,train
29545,train
29546,train
29547,train
29548,train
29549,train
29550,train
29551,train
29552,train
29553,train
29554,train
29555,train
29556,train
29557,train
29558,train
29559,train
29560,train
29561,train
29562,train
29563,train
29564,train
29565,train
29566,train
29567,train
29568,train
29569,train
29570,train
29571,train
29572,train
29573,train
29574,train
29575,train
29576,train
29577,train
29578,train
29579,train
29580,train
29581,train
29582,train
29583,train
29584,train
29585,train
29586,train
29587,train
29588,train
29589,train
29590,train
29591,train
29592,train
29593,train
29594,train
29595,train
29596,train
29597,train
29598,train
29599,train
29600,train
29601,train
29602,train
29603,train
29604,train
29605,train
29606,train
29607,train
29608,train
29609,train
29610,train
29611,train
29612,train
29613,train
29614,train
29615,train
29616,train
29617,train
29618,train
29619,train
29620,train
29621,train
29622,train
29623,train
29624,train
29625,train
29626,train
29627,train
29628,train
29629,train
29630,train
29631,train
29632,train
29633,train
29634,train
29635,train
29636,train
29637,train
29638,train
29639,train
29640,train
29641,train
29642,train
29643,train
29644,train
29645,train
29646,train
29647,train
29648,train
29649,train
29650,train
29651,train
29652,train
29653,train
29654,train
29655,train
29656,train
29657,train
29658,train
29659,train
29660,train
29661,train
29662,train
29663,train
29664,train
29665,train
29666,train
29667,train
29668,train
29669,train
29670,train
29671,train
29672,train
29673,train
29674,train
29675,train
29676,train
29677,train
29678,train
29679,train
29680,train
29681,train
29682,train
29683,train
29684,train
29685,train
29686,train
29687,train
29688,train
29689,train
29690,train
29691,train
29692,train
29693,train
29694,train
29695,train
29696,train
29697,train
29698,train
29699,train
29700,train
29701,train
29702,train
29703,train
29704,train
29705,train
29706,train
29707,train
29708,train
29709,train
29710,train
29711,train
29712,train
29713,train
29714,train
29715,train
29716,train
29717,train
29718,train
29719,train
29720,train
29721,train
29722,train
29723,train
29724,train
29725,train
29726,train
29727,train
29728,train
29729,train
29730,train
29731,train
29732,train
29733,train
29734,train
29735,train
29736,train
29737,train
29738,train
29739,train
29740,train
29741,train
29742,train
29743,train
29744,train
29745,train
29746,train
29747,train
29748,train
29749,train
29750,train
29751,train
29752,train
29753,train
29754,train
29755,train
29756,train
29757,train
29758,train
29759,train
29760,train
29761,train
29762,train
29763,train
29764,train
29765,train
29766,train
29767,train
29768,train
29769,train
29770,train
29771,train
29772,train
29773,train
29774,train
29775,train
29776,train
29777,train
29778,train
29779,train
29780,train
29781,train
29782,train
29783,train
29784,train
29785,train
29786,train
29787,train
29788,train
29789,train
29790,train
29791,train
29792,train
29793,train
29794,train
29795,train
29796,train
29797,train
29798,train
29799,train
29800,train
29801,train
29802,train
29803,train
29804,train
29805,train
29806,train
29807,train
29808,train
29809,train
29810,train
29811,train
29812,train
29813,train
29814,train
29815,train
29816,train
29817,train
29818,train
29819,train
29820,train
29821,train
29822,train
29823,train
29824,train
29825,train
29826,train
29827,train
29828,train
29829,train
29830,train
29831,train
29832,train
29833,train
29834,train
29835,train
29836,train
29837,train
29838,train
29839,train
29840,train
29841,train
29842,train
29843,train
29844,train
29845,train
29846,train
29847,train
29848,train
29849,train
29850,train
29851,train
29852,train
29853,train
29854,train
29855,train
29856,train
29857,train
29858,train
29859,train
29860,train
29861,train
29862,train
29863,train
29864,train
29865,train
29866,train
29867,train
29868,train
29869,train
29870,train
29871,train
29872,train
29873,train
29874,train
29875,train
29876,train
29877,train
29878,train
29879,train
29880,train
29881,train
29882,train
29883,train
29884,train
29885,train
29886,train
29887,train
29888,train
29889,train
29890,train
29891,train
29892,train
29893,train
29894,train
29895,train
29896,train
29897,train
29898,train
29899,train
29900,train
29901,train
29902,train
29903,train
29904,train
29905,train
29906,train
29907,train
29908,train
29909,train
29910,train
29911,train
29912,train
29913,train
29914,train
29915,train
29916,train
29917,train
29918,train
29919,train
29920,train
29921,train
29922,train
29923,train
29924,train
29925,train
29926,train
29927,train
29928,train
29929,train
29930,train
29931,train
29932,train
29933,train
29934,train
29935,train
29936,train
29937,train
29938,train
29939,train
29940,train
29941,train
29942,train
29943,train
29944,train
29945,train
29946,train
29947,train
29948,train
29949,train
29950,train
29951,train
29952,train
29953,train
29954,train
29955,train
29956,train
29957,train
29958,train
29959,train
29960,train
29961,train
29962,train
29963,train
29964,train
29965,train
29966,train
29967,train
29968,train
29969,train
29970,train
29971,train
29972,train
29973,train
29974,train
29975,train
29976,train
29977,train
29978,train
29979,train
29980,train
29981,train
29982,train
29983,train
29984,train
29985,train
29986,train
29987,train
29988,train
29989,train
29990,train
29991,train
29992,train
29993,train
29994,train
29995,train
29996,train
29997,train
29998,train
29999,train
30000,train
30001,train
30002,train
30003,train
30004,train
30005,train
30006,train
30007,train
30008,train
30009,train
30010,train
30011,train
30012,train
30013,train
30014,train
30015,train
30016,train
30017,train
30018,train
30019,train
30020,train
30021,train
30022,train
30023,train
30024,train
30025,train
30026,train
30027,train
30028,train
30029,train
30030,train
30031,train
30032,train
30033,train
30034,train
30035,train
30036,train
30037,train
30038,train
30039,train
30040,train
30041,train
30042,train
30043,train
30044,train
30045,train
30046,train
30047,train
30048,train
30049,train
30050,train
30051,train
30052,train
30053,train
30054,train
30055,train
30056,train
30057,train
30058,train
30059,train
30060,train
30061,train
30062,train
30063,train
30064,train
30065,train
30066,train
30067,train
30068,train
30069,train
30070,train
30071,train
30072,train
30073,train
30074,train
30075,train
30076,train
30077,train
30078,train
30079,train
30080,train
30081,train
30082,train
30083,train
30084,train
30085,train
30086,train
30087,train
30088,train
30089,train
30090,train
30091,train
30092,train
30093,train
30094,train
30095,train
30096,train
30097,train
30098,train
30099,train
30100,train
30101,train
30102,train
30103,train
30104,train
30105,train
30106,train
30107,train
30108,train
30109,train
30110,train
30111,train
30112,train
30113,train
30114,train
30115,train
30116,train
30117,train
30118,train
30119,train
30120,train
30121,train
30122,train
30123,train
30124,train
30125,train
30126,train
30127,train
30128,train
30129,train
30130,train
30131,train
30132,train
30133,train
30134,train
30135,train
30136,train
30137,train
30138,train
30139,train
30140,train
30141,train
30142,train
30143,train
30144,train
30145,train
30146,train
30147,train
30148,train
30149,train
30150,train
30151,train
30152,train
30153,train
30154,train
30155,train
30156,train
30157,train
30158,train
30159,train
30160,train
30161,train
30162,train
30163,train
30164,train
30165,train
30166,train
30167,train
30168,train
30169,train
30170,train
30171,train
30172,train
30173,train
30174,train
30175,train
30176,train
30177,train
30178,train
30179,train
30180,train
30181,train
30182,train
30183,train
30184,train
30185,train
30186,train
30187,train
30188,train
30189,train
30190,train
30191,train
30192,train
30193,train
30194,train
30195,train
30196,train
30197,train
30198,train
30199,train
30200,train
30201,train
30202,train
30203,train
30204,train
30205,train
30206,train
30207,train
30208,train
30209,train
30210,train
30211,train
30212,train
30213,train
30214,train
30215,train
30216,train
30217,train
30218,train
30219,train
30220,train
30221,train
30222,train
30223,train
30224,train
30225,train
30226,train
30227,train
30228,train
30229,train
30230,train
30231,train
30232,train
30233,train
30234,train
30235,train
30236,train
30237,train
30238,train
30239,train
30240,train
30241,train
30242,train
30243,train
30244,train
30245,train
30246,train
30247,train
30248,train
30249,train
30250,train
30251,train
30252,train
30253,train
30254,train
30255,train
30256,train
30257,train
30258,train
30259,train
30260,train
30261,train
30262,train
30263,train
30264,train
30265,train
30266,train
30267,train
30268,train
30269,train
30270,train
30271,train
30272,train
30273,train
30274,train
30275,train
30276,train
30277,train
30278,train
30279,train
30280,train
30281,train
30282,train
30283,train
30284,train
30285,train
30286,train
30287,train
30288,train
30289,train
30290,train
30291,train
30292,train
30293,train
30294,train
30295,train
30296,train
30297,train
30298,train
30299,train
30300,train
30301,train
30302,train
30303,train
30304,train
30305,train
30306,train
30307,train
30308,train
30309,train
30310,train
30311,train
30312,train
30313,train
30314,train
30315,train
30316,train
30317,train
30318,train
30319,train
30320,train
30321,train
30322,train
30323,train
30324,train
30325,train
30326,train
30327,train
30328,train
30329,train
30330,train
30331,train
30332,train
30333,train
30334,train
30335,train
30336,train
30337,train
30338,train
30339,train
30340,train
30341,train
30342,train
30343,train
30344,train
30345,train
30346,train
30347,train
30348,train
30349,train
30350,train
30351,train
30352,train
30353,train
30354,train
30355,train
30356,train
30357,train
30358,train
30359,train
30360,train
30361,train
30362,train
30363,train
30364,train
30365,train
30366,train
30367,train
30368,train
30369,train
30370,train
30371,train
30372,train
30373,train
30374,train
30375,train
30376,train
30377,train
30378,train
30379,train
30380,train
30381,train
30382,train
30383,train
30384,train
30385,train
30386,train
30387,train
30388,train
30389,train
30390,train
30391,train
30392,train
30393,train
30394,train
30395,train
30396,train
30397,train
30398,train
30399,train
30400,train
30401,train
30402,train
30403,train
30404,train
30405,train
30406,train
30407,train
30408,train
30409,train
30410,train
30411,train
30412,train
30413,train
30414,train
30415,train
30416,train
30417,train
30418,train
30419,train
30420,train
30421,train
30422,train
30423,train
30424,train
30425,train
30426,train
30427,train
30428,train
30429,train
30430,train
30431,train
30432,train
30433,train
30434,train
30435,train
30436,train
30437,train
30438,train
30439,train
30440,train
30441,train
30442,train
30443,train
30444,train
30445,train
30446,train
30447,train
30448,train
30449,train
30450,train
30451,train
30452,train
30453,train
30454,train
30455,train
30456,train
30457,train
30458,train
30459,train
30460,train
30461,train
30462,train
30463,train
30464,train
30465,train
30466,train
30467,train
30468,train
30469,train
30470,train
30471,train
30472,train
30473,train
30474,train
30475,train
30476,train
30477,train
30478,train
30479,train
30480,train
30481,train
30482,train
30483,train
30484,train
30485,train
30486,train
30487,train
30488,train
30489,train
30490,train
30491,train
30492,train
30493,train
30494,train
30495,train
30496,train
30497,train
30498,train
30499,train
30500,train
30501,train
30502,train
30503,train
30504,train
30505,train
30506,train
30507,train
30508,train
30509,train
30510,train
30511,train
30512,train
30513,train
30514,train
30515,train
30516,train
30517,train
30518,train
30519,train
30520,train
30521,train
30522,train
30523,train
30524,train
30525,train
30526,train
30527,train
30528,train
30529,train
30530,train
30531,train
30532,train
30533,train
30534,train
30535,train
30536,train
30537,train
30538,train
30539,train
30540,train
30541,train
30542,train
30543,train
30544,train
30545,train
30546,train
30547,train
30548,train
30549,train
30550,train
30551,train
30552,train
30553,train
30554,train
30555,train
30556,train
30557,train
30558,train
30559,train
30560,train
30561,train
30562,train
30563,train
30564,train
30565,train
30566,train
30567,train
30568,train
30569,train
30570,train
30571,train
30572,train
30573,train
30574,train
30575,train
30576,train
30577,train
30578,train
30579,train
30580,train
30581,train
30582,train
30583,train
30584,train
30585,train
30586,train
30587,train
30588,train
30589,train
30590,train
30591,train
30592,train
30593,train
30594,train
30595,train
30596,train
30597,train
30598,train
30599,train
30600,train
30601,train
30602,train
30603,train
30604,train
30605,train
30606,train
30607,train
30608,train
30609,train
30610,train
30611,train
30612,train
30613,train
30614,train
30615,train
30616,train
30617,train
30618,train
30619,train
30620,train
30621,train
30622,train
30623,train
30624,train
30625,train
30626,train
30627,train
30628,train
30629,train
30630,train
30631,train
30632,train
30633,train
30634,train
30635,train
30636,train
30637,train
30638,train
30639,train
30640,train
30641,train
30642,train
30643,train
30644,train
30645,train
30646,train
30647,train
30648,train
30649,train
30650,train
30651,train
30652,train
30653,train
30654,train
30655,train
30656,train
30657,train
30658,train
30659,train
30660,train
30661,train
30662,train
30663,train
30664,train
30665,train
30666,train
30667,train
30668,train
30669,train
30670,train
30671,train
30672,train
30673,train
30674,train
30675,train
30676,train
30677,train
30678,train
30679,train
30680,train
30681,train
30682,train
30683,train
30684,train
30685,train
30686,train
30687,train
30688,train
30689,train
30690,train
30691,train
30692,train
30693,train
30694,train
30695,train
30696,train
30697,train
30698,train
30699,train
30700,train
30701,train
30702,train
30703,train
30704,train
30705,train
30706,train
30707,train
30708,train
30709,train
30710,train
30711,train
30712,train
30713,train
30714,train
30715,train
30716,train
30717,train
30718,train
30719,train
30720,train
30721,train
30722,train
30723,train
30724,train
30725,train
30726,train
30727,train
30728,train
30729,train
30730,train
30731,train
30732,train
30733,train
30734,train
30735,train
30736,train
30737,train
30738,train
30739,train
30740,train
30741,train
30742,train
30743,train
30744,train
30745,train
30746,train
30747,train
30748,train
30749,train
30750,train
30751,train
30752,train
30753,train
30754,train
30755,train
30756,train
30757,train
30758,train
30759,train
30760,train
30761,train
30762,train
30763,train
30764,train
30765,train
30766,train
30767,train
30768,train
30769,train
30770,train
30771,train
30772,train
30773,train
30774,train
30775,train
30776,train
30777,train
30778,train
30779,train
30780,train
30781,train
30782,train
30783,train
30784,train
30785,train
30786,train
30787,train
30788,train
30789,train
30790,train
30791,train
30792,train
30793,train
30794,train
30795,train
30796,train
30797,train
30798,train
30799,train
30800,train
30801,train
30802,train
30803,train
30804,train
30805,train
30806,train
30807,train
30808,train
30809,train
30810,train
30811,train
30812,train
30813,train
30814,train
30815,train
30816,train
30817,train
30818,train
30819,train
30820,train
30821,train
30822,train
30823,train
30824,train
30825,train
30826,train
30827,train
30828,train
30829,train
30830,train
30831,train
30832,train
30833,train
30834,train
30835,train
30836,train
30837,train
30838,train
30839,train
30840,train
30841,train
30842,train
30843,train
30844,train
30845,train
30846,train
30847,train
30848,train
30849,train
30850,train
30851,train
30852,train
30853,train
30854,train
30855,train
30856,train
30857,train
30858,train
30859,train
30860,train
30861,train
30862,train
30863,train
30864,train
30865,train
30866,train
30867,train
30868,train
30869,train
30870,train
30871,train
30872,train
30873,train
30874,train
30875,train
30876,train
30877,train
30878,train
30879,train
30880,train
30881,train
30882,train
30883,train
30884,train
30885,train
30886,train
30887,train
30888,train
30889,train
30890,train
30891,train
30892,train
30893,train
30894,train
30895,train
30896,train
30897,train
30898,train
30899,train
30900,train
30901,train
30902,train
30903,train
30904,train
30905,train
30906,train
30907,train
30908,train
30909,train
30910,train
30911,train
30912,train
30913,train
30914,train
30915,train
30916,train
30917,train
30918,train
30919,train
30920,train
30921,train
30922,train
30923,train
30924,train
30925,train
30926,train
30927,train
30928,train
30929,train
30930,train
30931,train
30932,train
30933,train
30934,train
30935,train
30936,train
30937,train
30938,train
30939,train
30940,train
30941,train
30942,train
30943,train
30944,train
30945,train
30946,train
30947,train
30948,train
30949,train
30950,train
30951,train
30952,train
30953,train
30954,train
30955,train
30956,train
30957,train
30958,train
30959,train
30960,train
30961,train
30962,train
30963,train
30964,train
30965,train
30966,train
30967,train
30968,train
30969,train
30970,train
30971,train
30972,train
30973,train
30974,train
30975,train
30976,train
30977,train
30978,train
30979,train
30980,train
30981,train
30982,train
30983,train
30984,train
30985,train
30986,train
30987,train
30988,train
30989,train
30990,train
30991,train
30992,train
30993,train
30994,train
30995,train
30996,train
30997,train
30998,train
30999,train
31000,train
31001,train
31002,train
31003,train
31004,train
31005,train
31006,train
31007,train
31008,train
31009,train
31010,train
31011,train
31012,train
31013,train
31014,train
31015,train
31016,train
31017,train
31018,train
31019,train
31020,train
31021,train
31022,train
31023,train
31024,train
31025,train
31026,train
31027,train
31028,train
31029,train
31030,train
31031,train
31032,train
31033,train
31034,train
31035,train
31036,train
31037,train
31038,train
31039,train
31040,train
31041,train
31042,train
31043,train
31044,train
31045,train
31046,train
31047,train
31048,train
31049,train
31050,train
31051,train
31052,train
31053,train
31054,train
31055,train
31056,train
31057,train
31058,train
31059,train
31060,train
31061,train
31062,train
31063,train
31064,train
31065,train
31066,train
31067,train
31068,train
31069,train
31070,train
31071,train
31072,train
31073,train
31074,train
31075,train
31076,train
31077,train
31078,train
31079,train
31080,train
31081,train
31082,train
31083,train
31084,train
31085,train
31086,train
31087,train
31088,train
31089,train
31090,train
31091,train
31092,train
31093,train
31094,train
31095,train
31096,train
31097,train
31098,train
31099,train
31100,train
31101,train
31102,train
31103,train
31104,train
31105,train
31106,train
31107,train
31108,train
31109,train
31110,train
31111,train
31112,train
31113,train
31114,train
31115,train
31116,train
31117,train
31118,train
31119,train
31120,train
31121,train
31122,train
31123,train
31124,train
31125,train
31126,train
31127,train
31128,train
31129,train
31130,train
31131,train
31132,train
31133,train
31134,train
31135,train
31136,train
31137,train
31138,train
31139,train
31140,train
31141,train
31142,train
31143,train
31144,train
31145,train
31146,train
31147,train
31148,train
31149,train
31150,train
31151,train
31152,train
31153,train
31154,train
31155,train
31156,train
31157,train
31158,train
31159,train
31160,train
31161,train
31162,train
31163,train
31164,train
31165,train
31166,train
31167,train
31168,train
31169,train
31170,train
31171,train
31172,train
31173,train
31174,train
31175,train
31176,train
31177,train
31178,train
31179,train
31180,train
31181,train
31182,train
31183,train
31184,train
31185,train
31186,train
31187,train
31188,train
31189,train
31190,train
31191,train
31192,train
31193,train
31194,train
31195,train
31196,train
31197,train
31198,train
31199,train
31200,train
31201,train
31202,train
31203,train
31204,train
31205,train
31206,train
31207,train
31208,train
31209,train
31210,train
31211,train
31212,train
31213,train
31214,train
31215,train
31216,train
31217,train
31218,train
31219,train
31220,train
31221,train
31222,train
31223,train
31224,train
31225,train
31226,train
31227,train
31228,train
31229,train
31230,train
31231,train
31232,train
31233,train
31234,train
31235,train
31236,train
31237,train
31238,train
31239,train
31240,train
31241,train
31242,train
31243,train
31244,train
31245,train
31246,train
31247,train
31248,train
31249,train
31250,train
31251,train
31252,train
31253,train
31254,train
31255,train
31256,train
31257,train
31258,train
31259,train
31260,train
31261,train
31262,train
31263,train
31264,train
31265,train
31266,train
31267,train
31268,train
31269,train
31270,train
31271,train
31272,train
31273,train
31274,train
31275,train
31276,train
31277,train
31278,train
31279,train
31280,train
31281,train
31282,train
31283,train
31284,train
31285,train
31286,train
31287,train
31288,train
31289,train
31290,train
31291,train
31292,train
31293,train
31294,train
31295,train
31296,train
31297,train
31298,train
31299,train
31300,train
31301,train
31302,train
31303,train
31304,train
31305,train
31306,train
31307,train
31308,train
31309,train
31310,train
31311,train
31312,train
31313,train
31314,train
31315,train
31316,train
31317,train
31318,train
31319,train
31320,train
31321,train
31322,train
31323,train
31324,train
31325,train
31326,train
31327,train
31328,train
31329,train
31330,train
31331,train
31332,train
31333,train
31334,train
31335,train
31336,train
31337,train
31338,train
31339,train
31340,train
31341,train
31342,train
31343,train
31344,train
31345,train
31346,train
31347,train
31348,train
31349,train
31350,train
31351,train
31352,train
31353,train
31354,train
31355,train
31356,train
31357,train
31358,train
31359,train
31360,train
31361,train
31362,train
31363,train
31364,train
31365,train
31366,train
31367,train
31368,train
31369,train
31370,train
31371,train
31372,train
31373,train
31374,train
31375,train
31376,train
31377,train
31378,train
31379,train
31380,train
31381,train
31382,train
31383,train
31384,train
31385,train
31386,train
31387,train
31388,train
31389,train
31390,train
31391,train
31392,train
31393,train
31394,train
31395,train
31396,train
31397,train
31398,train
31399,train
31400,train
31401,train
31402,train
31403,train
31404,train
31405,train
31406,train
31407,train
31408,train
31409,train
31410,train
31411,train
31412,train
31413,train
31414,train
31415,train
31416,train
31417,train
31418,train
31419,train
31420,train
31421,train
31422,train
31423,train
31424,train
31425,train
31426,train
31427,train
31428,train
31429,train
31430,train
31431,train
31432,train
31433,train
31434,train
31435,train
31436,train
31437,train
31438,train
31439,train
31440,train
31441,train
31442,train
31443,train
31444,train
31445,train
31446,train
31447,train
31448,train
31449,train
31450,train
31451,train
31452,train
31453,train
31454,train
31455,train
31456,train
31457,train
31458,train
31459,train
31460,train
31461,train
31462,train
31463,train
31464,train
31465,train
31466,train
31467,train
31468,train
31469,train
31470,train
31471,train
31472,train
31473,train
31474,train
31475,train
31476,train
31477,train
31478,train
31479,train
31480,train
31481,train
31482,train
31483,train
31484,train
31485,train
31486,train
31487,train
31488,train
31489,train
31490,train
31491,train
31492,train
31493,train
31494,train
31495,train
31496,train
31497,train
31498,train
31499,train
31500,train
31501,train
31502,train
31503,train
31504,train
31505,train
31506,train
31507,train
31508,train
31509,train
31510,train
31511,train
31512,train
31513,train
31514,train
31515,train
31516,train
31517,train
31518,train
31519,train
31520,train
31521,train
31522,train
31523,train
31524,train
31525,train
31526,train
31527,train
31528,train
31529,train
31530,train
31531,train
31532,train
31533,train
31534,train
31535,train
31536,train
31537,train
31538,train
31539,train
31540,train
31541,train
31542,train
31543,train
31544,train
31545,train
31546,train
31547,train
31548,train
31549,train
31550,train
31551,train
31552,train
31553,train
31554,train
31555,train
31556,train
31557,train
31558,train
31559,train
31560,train
31561,train
31562,train
31563,train
31564,train
31565,train
31566,train
31567,train
31568,train
31569,train
31570,train
31571,train
31572,train
31573,train
31574,train
31575,train
31576,train
31577,train
31578,train
31579,train
31580,train
31581,train
31582,train
31583,train
31584,train
31585,train
31586,train
31587,train
31588,train
31589,train
31590,train
31591,train
31592,train
31593,train
31594,train
31595,train
31596,train
31597,train
31598,train
31599,train
31600,train
31601,train
31602,train
31603,train
31604,train
31605,train
31606,train
31607,train
31608,train
31609,train
31610,train
31611,train
31612,train
31613,train
31614,train
31615,train
31616,train
31617,train
31618,train
31619,train
31620,train
31621,train
31622,train
31623,train
31624,train
31625,train
31626,train
31627,train
31628,train
31629,train
31630,train
31631,train
31632,train
31633,train
31634,train
31635,train
31636,train
31637,train
31638,train
31639,train
31640,train
31641,train
31642,train
31643,train
31644,train
31645,train
31646,train
31647,train
31648,train
31649,train
31650,train
31651,train
31652,train
31653,train
31654,train
31655,train
31656,train
31657,train
31658,train
31659,train
31660,train
31661,train
31662,train
31663,train
31664,train
31665,train
31666,train
31667,train
31668,train
31669,train
31670,train
31671,train
31672,train
31673,train
31674,train
31675,train
31676,train
31677,train
31678,train
31679,train
31680,train
31681,train
31682,train
31683,train
31684,train
31685,train
31686,train
31687,train
31688,train
31689,train
31690,train
31691,train
31692,train
31693,train
31694,train
31695,train
31696,train
31697,train
31698,train
31699,train
31700,train
31701,train
31702,train
31703,train
31704,train
31705,train
31706,train
31707,train
31708,train
31709,train
31710,train
31711,train
31712,train
31713,train
31714,train
31715,train
31716,train
31717,train
31718,train
31719,train
31720,train
31721,train
31722,train
31723,train
31724,train
31725,train
31726,train
31727,train
31728,train
31729,train
31730,train
31731,train
31732,train
31733,train
31734,train
31735,train
31736,train
31737,train
31738,train
31739,train
31740,train
31741,train
31742,train
31743,train
31744,train
31745,train
31746,train
31747,train
31748,train
31749,train
31750,train
31751,train
31752,train
31753,train
31754,train
31755,train
31756,train
31757,train
31758,train
31759,train
31760,train
31761,train
31762,train
31763,train
31764,train
31765,train
31766,train
31767,train
31768,train
31769,train
31770,train
31771,train
31772,train
31773,train
31774,train
31775,train
31776,train
31777,train
31778,train
31779,train
31780,train
31781,train
31782,train
31783,train
31784,train
31785,train
31786,train
31787,train
31788,train
31789,train
31790,train
31791,train
31792,train
31793,train
31794,train
31795,train
31796,train
31797,train
31798,train
31799,train
31800,train
31801,train
31802,train
31803,train
31804,train
31805,train
31806,train
31807,train
31808,train
31809,train
31810,train
31811,train
31812,train
31813,train
31814,train
31815,train
31816,train
31817,train
31818,train
31819,train
31820,train
31821,train
31822,train
31823,train
31824,train
31825,train
31826,train
31827,train
31828,train
31829,train
31830,train
31831,train
31832,train
31833,train
31834,train
31835,train
31836,train
31837,train
31838,train
31839,train
31840,train
31841,train
31842,train
31843,train
31844,train
31845,train
31846,train
31847,train
31848,train
31849,train
31850,train
31851,train
31852,train
31853,train
31854,train
31855,train
31856,train
31857,train
31858,train
31859,train
31860,train
31861,train
31862,train
31863,train
31864,train
31865,train
31866,train
31867,train
31868,train
31869,train
31870,train
31871,train
31872,train
31873,train
31874,train
31875,train
31876,train
31877,train
31878,train
31879,train
31880,train
31881,train
31882,train
31883,train
31884,train
31885,train
31886,train
31887,train
31888,train
31889,train
31890,train
31891,train
31892,train
31893,train
31894,train
31895,train
31896,train
31897,train
31898,train
31899,train
31900,train
31901,train
31902,train
31903,train
31904,train
31905,train
31906,train
31907,train
31908,train
31909,train
31910,train
31911,train
31912,train
31913,train
31914,train
31915,train
31916,train
31917,train
31918,train
31919,train
31920,train
31921,train
31922,train
31923,train
31924,train
31925,train
31926,train
31927,train
31928,train
31929,train
31930,train
31931,train
31932,train
31933,train
31934,train
31935,train
31936,train
31937,train
31938,train
31939,train
31940,train
31941,train
31942,train
31943,train
31944,train
31945,train
31946,train
31947,train
31948,train
31949,train
31950,train
31951,train
31952,train
31953,train
31954,train
31955,train
31956,train
31957,train
31958,train
31959,train
31960,train
31961,train
31962,train
31963,train
31964,train
31965,train
31966,train
31967,train
31968,train
31969,train
31970,train
31971,train
31972,train
31973,train
31974,train
31975,train
31976,train
31977,train
31978,train
31979,train
31980,train
31981,train
31982,train
31983,train
31984,train
31985,train
31986,train
31987,train
31988,train
31989,train
31990,train
31991,train
31992,train
31993,train
31994,train
31995,train
31996,train
31997,train
31998,train
31999,train
32000,train
32001,train
32002,train
32003,train
32004,train
32005,train
32006,train
32007,train
32008,train
32009,train
32010,train
32011,train
32012,train
32013,train
32014,train
32015,train
32016,train
32017,train
32018,train
32019,train
32020,train
32021,train
32022,train
32023,train
32024,train
32025,train
32026,train
32027,train
32028,train
32029,train
32030,train
32031,train
32032,train
32033,train
32034,train
32035,train
32036,train
32037,train
32038,train
32039,train
32040,train
32041,train
32042,train
32043,train
32044,train
32045,train
32046,train
32047,train
32048,train
32049,train
32050,train
32051,train
32052,train
32053,train
32054,train
32055,train
32056,train
32057,train
32058,train
32059,train
32060,train
32061,train
32062,train
32063,train
32064,train
32065,train
32066,train
32067,train
32068,train
32069,train
32070,train
32071,train
32072,train
32073,train
32074,train
32075,train
32076,train
32077,train
32078,train
32079,train
32080,train
32081,train
32082,train
32083,train
32084,train
32085,train
32086,train
32087,train
32088,train
32089,train
32090,train
32091,train
32092,train
32093,train
32094,train
32095,train
32096,train
32097,train
32098,train
32099,train
32100,train
32101,train
32102,train
32103,train
32104,train
32105,train
32106,train
32107,train
32108,train
32109,train
32110,train
32111,train
32112,train
32113,train
32114,train
32115,train
32116,train
32117,train
32118,train
32119,train
32120,train
32121,train
32122,train
32123,train
32124,train
32125,train
32126,train
32127,train
32128,train
32129,train
32130,train
32131,train
32132,train
32133,train
32134,train
32135,train
32136,train
32137,train
32138,train
32139,train
32140,train
32141,train
32142,train
32143,train
32144,train
32145,train
32146,train
32147,train
32148,train
32149,train
32150,train
32151,train
32152,train
32153,train
32154,train
32155,train
32156,train
32157,train
32158,train
32159,train
32160,train
32161,train
32162,train
32163,train
32164,train
32165,train
32166,train
32167,train
32168,train
32169,train
32170,train
32171,train
32172,train
32173,train
32174,train
32175,train
32176,train
32177,train
32178,train
32179,train
32180,train
32181,train
32182,train
32183,train
32184,train
32185,train
32186,train
32187,train
32188,train
32189,train
32190,train
32191,train
32192,train
32193,train
32194,train
32195,train
32196,train
32197,train
32198,train
32199,train
32200,train
32201,train
32202,train
32203,train
32204,train
32205,train
32206,train
32207,train
32208,train
32209,train
32210,train
32211,train
32212,train
32213,train
32214,train
32215,train
32216,train
32217,train
32218,train
32219,train
32220,train
32221,train
32222,train
32223,train
32224,train
32225,train
32226,train
32227,train
32228,train
32229,train
32230,train
32231,train
32232,train
32233,train
32234,train
32235,train
32236,train
32237,train
32238,train
32239,train
32240,train
32241,train
32242,train
32243,train
32244,train
32245,train
32246,train
32247,train
32248,train
32249,train
32250,train
32251,train
32252,train
32253,train
32254,train
32255,train
32256,train
32257,train
32258,train
32259,train
32260,train
32261,train
32262,train
32263,train
32264,train
32265,train
32266,train
32267,train
32268,train
32269,train
32270,train
32271,train
32272,train
32273,train
32274,train
32275,train
32276,train
32277,train
32278,train
32279,train
32280,train
32281,train
32282,train
32283,train
32284,train
32285,train
32286,train
32287,train
32288,train
32289,train
32290,train
32291,train
32292,train
32293,train
32294,train
32295,train
32296,train
32297,train
32298,train
32299,train
32300,train
32301,train
32302,train
32303,train
32304,train
32305,train
32306,train
32307,train
32308,train
32309,train
32310,train
32311,train
32312,train
32313,train
32314,train
32315,train
32316,train
32317,train
32318,train
32319,train
32320,train
32321,train
32322,train
32323,train
32324,train
32325,train
32326,train
32327,train
32328,train
32329,train
32330,train
32331,train
32332,train
32333,train
32334,train
32335,train
32336,train
32337,train
32338,train
32339,train
32340,train
32341,train
32342,train
32343,train
32344,train
32345,train
32346,train
32347,train
32348,train
32349,train
32350,train
32351,train
32352,train
32353,train
32354,train
32355,train
32356,train
32357,train
32358,train
32359,train
32360,train
32361,train
32362,train
32363,train
32364,train
32365,train
32366,train
32367,train
32368,train
32369,train
32370,train
32371,train
32372,train
32373,train
32374,train
32375,train
32376,train
32377,train
32378,train
32379,train
32380,train
32381,train
32382,train
32383,train
32384,train
32385,train
32386,train
32387,train
32388,train
32389,train
32390,train
32391,train
32392,train
32393,train
32394,train
32395,train
32396,train
32397,train
32398,train
32399,train
32400,train
32401,train
32402,train
32403,train
32404,train
32405,train
32406,train
32407,train
32408,train
32409,train
32410,train
32411,train
32412,train
32413,train
32414,train
32415,train
32416,train
32417,train
32418,train
32419,train
32420,train
32421,train
32422,train
32423,train
32424,train
32425,train
32426,train
32427,train
32428,train
32429,train
32430,train
32431,train
32432,train
32433,train
32434,train
32435,train
32436,train
32437,train
32438,train
32439,train
32440,train
32441,train
32442,train
32443,train
32444,train
32445,train
32446,train
32447,train
32448,train
32449,train
32450,train
32451,train
32452,train
32453,train
32454,train
32455,train
32456,train
32457,train
32458,train
32459,train
32460,train
32461,train
32462,train
32463,train
32464,train
32465,train
32466,train
32467,train
32468,train
32469,train
32470,train
32471,train
32472,train
32473,train
32474,train
32475,train
32476,train
32477,train
32478,train
32479,train
32480,train
32481,train
32482,train
32483,train
32484,train
32485,train
32486,train
32487,train
32488,train
32489,train
32490,train
32491,train
32492,train
32493,train
32494,train
32495,train
32496,train
32497,train
32498,train
32499,train
32500,train
32501,train
32502,train
32503,train
32504,train
32505,train
32506,train
32507,train
32508,train
32509,train
32510,train
32511,train
32512,train
32513,train
32514,train
32515,train
32516,train
32517,train
32518,train
32519,train
32520,train
32521,train
32522,train
32523,train
32524,train
32525,train
32526,train
32527,train
32528,train
32529,train
32530,train
32531,train
32532,train
32533,train
32534,train
32535,train
32536,train
32537,train
32538,train
32539,train
32540,train
32541,train
32542,train
32543,train
32544,train
32545,train
32546,train
32547,train
32548,train
32549,train
32550,train
32551,train
32552,train
32553,train
32554,train
32555,train
32556,train
32557,train
32558,train
32559,train
32560,train
32561,train
32562,train
32563,train
32564,train
32565,train
32566,train
32567,train
32568,train
32569,train
32570,train
32571,train
32572,train
32573,train
32574,train
32575,train
32576,train
32577,train
32578,train
32579,train
32580,train
32581,train
32582,train
32583,train
32584,train
32585,train
32586,train
32587,train
32588,train
32589,train
32590,train
32591,train
32592,train
32593,train
32594,train
32595,train
32596,train
32597,train
32598,train
32599,train
32600,train
32601,train
32602,train
32603,train
32604,train
32605,train
32606,train
32607,train
32608,train
32609,train
32610,train
32611,train
32612,train
32613,train
32614,train
32615,train
32616,train
32617,train
32618,train
32619,train
32620,train
32621,train
32622,train
32623,train
32624,train
32625,train
32626,train
32627,train
32628,train
32629,train
32630,train
32631,train
32632,train
32633,train
32634,train
32635,train
32636,train
32637,train
32638,train
32639,train
32640,train
32641,train
32642,train
32643,train
32644,train
32645,train
32646,train
32647,train
32648,train
32649,train
32650,train
32651,train
32652,train
32653,train
32654,train
32655,train
32656,train
32657,train
32658,train
32659,train
32660,train
32661,train
32662,train
32663,train
32664,train
32665,train
32666,train
32667,train
32668,train
32669,train
32670,train
32671,train
32672,train
32673,train
32674,train
32675,train
32676,train
32677,train
32678,train
32679,train
32680,train
32681,train
32682,train
32683,train
32684,train
32685,train
32686,train
32687,train
32688,train
32689,train
32690,train
32691,train
32692,train
32693,train
32694,train
32695,train
32696,train
32697,train
32698,train
32699,train
32700,train
32701,train
32702,train
32703,train
32704,train
32705,train
32706,train
32707,train
32708,train
32709,train
32710,train
32711,train
32712,train
32713,train
32714,train
32715,train
32716,train
32717,train
32718,train
32719,train
32720,train
32721,train
32722,train
32723,train
32724,train
32725,train
32726,train
32727,train
32728,train
32729,train
32730,train
32731,train
32732,train
32733,train
32734,train
32735,train
32736,train
32737,train
32738,train
32739,train
32740,train
32741,train
32742,train
32743,train
32744,train
32745,train
32746,train
32747,train
32748,train
32749,train
32750,train
32751,train
32752,train
32753,train
32754,train
32755,train
32756,train
32757,train
32758,train
32759,train
32760,train
32761,train
32762,train
32763,train
32764,train
32765,train
32766,train
32767,train
32768,train
32769,train
32770,train
32771,train
32772,train
32773,train
32774,train
32775,train
32776,train
32777,train
32778,train
32779,train
32780,train
32781,train
32782,train
32783,train
32784,train
32785,train
32786,train
32787,train
32788,train
32789,train
32790,train
32791,train
32792,train
32793,train
32794,train
32795,train
32796,train
32797,train
32798,train
32799,train
32800,train
32801,train
32802,train
32803,train
32804,train
32805,train
32806,train
32807,train
32808,train
32809,train
32810,train
32811,train
32812,train
32813,train
32814,train
32815,train
32816,train
32817,train
32818,train
32819,train
32820,train
32821,train
32822,train
32823,train
32824,train
32825,train
32826,train
32827,train
32828,train
32829,train
32830,train
32831,train
32832,train
32833,train
32834,train
32835,train
32836,train
32837,train
32838,train
32839,train
32840,train
32841,train
32842,train
32843,train
32844,train
32845,train
32846,train
32847,train
32848,train
32849,train
32850,train
32851,train
32852,train
32853,train
32854,train
32855,train
32856,train
32857,train
32858,train
32859,train
32860,train
32861,train
32862,train
32863,train
32864,train
32865,train
32866,train
32867,train
32868,train
32869,train
32870,train
32871,train
32872,train
32873,train
32874,train
32875,train
32876,train
32877,train
32878,train
32879,train
32880,train
32881,train
32882,train
32883,train
32884,train
32885,train
32886,train
32887,train
32888,train
32889,train
32890,train
32891,train
32892,train
32893,train
32894,train
32895,train
32896,train
32897,train
32898,train
32899,train
32900,train
32901,train
32902,train
32903,train
32904,train
32905,train
32906,train
32907,train
32908,train
32909,train
32910,train
32911,train
32912,train
32913,train
32914,train
32915,train
32916,train
32917,train
32918,train
32919,train
32920,train
32921,train
32922,train
32923,train
32924,train
32925,train
32926,train
32927,train
32928,train
32929,train
32930,train
32931,train
32932,train
32933,train
32934,train
32935,train
32936,train
32937,train
32938,train
32939,train
32940,train
32941,train
32942,train
32943,train
32944,train
32945,train
32946,train
32947,train
32948,train
32949,train
32950,train
32951,train
32952,train
32953,train
32954,train
32955,train
32956,train
32957,train
32958,train
32959,train
32960,train
32961,train
32962,train
32963,train
32964,train
32965,train
32966,train
32967,train
32968,train
32969,train
32970,train
32971,train
32972,train
32973,train
32974,train
32975,train
32976,train
32977,train
32978,train
32979,train
32980,train
32981,train
32982,train
32983,train
32984,train
32985,train
32986,train
32987,train
32988,train
32989,train
32990,train
32991,train
32992,train
32993,train
32994,train
32995,train
32996,train
32997,train
32998,train
32999,train
33000,train
33001,train
33002,train
33003,train
33004,train
33005,train
33006,train
33007,train
33008,train
33009,train
33010,train
33011,train
33012,train
33013,train
33014,train
33015,train
33016,train
33017,train
33018,train
33019,train
33020,train
33021,train
33022,train
33023,train
33024,train
33025,train
33026,train
33027,train
33028,train
33029,train
33030,train
33031,train
33032,train
33033,train
33034,train
33035,train
33036,train
33037,train
33038,train
33039,train
33040,train
33041,train
33042,train
33043,train
33044,train
33045,train
33046,train
33047,train
33048,train
33049,train
33050,train
33051,train
33052,train
33053,train
33054,train
33055,train
33056,train
33057,train
33058,train
33059,train
33060,train
33061,train
33062,train
33063,train
33064,train
33065,train
33066,train
33067,train
33068,train
33069,train
33070,train
33071,train
33072,train
33073,train
33074,train
33075,train
33076,train
33077,train
33078,train
33079,train
33080,train
33081,train
33082,train
33083,train
33084,train
33085,train
33086,train
33087,train
33088,train
33089,train
33090,train
33091,train
33092,train
33093,train
33094,train
33095,train
33096,train
33097,train
33098,train
33099,train
33100,train
33101,train
33102,train
33103,train
33104,train
33105,train
33106,train
33107,train
33108,train
33109,train
33110,train
33111,train
33112,train
33113,train
33114,train
33115,train
33116,train
33117,train
33118,train
33119,train
33120,train
33121,train
33122,train
33123,train
33124,train
33125,train
33126,train
33127,train
33128,train
33129,train
33130,train
33131,train
33132,train
33133,train
33134,train
33135,train
33136,train
33137,train
33138,train
33139,train
33140,train
33141,train
33142,train
33143,train
33144,train
33145,train
33146,train
33147,train
33148,train
33149,train
33150,train
33151,train
33152,train
33153,train
33154,train
33155,train
33156,train
33157,train
33158,train
33159,train
33160,train
33161,train
33162,train
33163,train
33164,train
33165,train
33166,validation
33167,validation
33168,validation
33169,validation
33170,validation
33171,validation
33172,validation
33173,validation
33174,validation
33175,validation
33176,validation
33177,validation
33178,validation
33179,validation
33180,validation
33181,validation
33182,validation
33183,validation
33184,validation
33185,validation
33186,validation
33187,validation
33188,validation
33189,validation
33190,validation
33191,validation
33192,validation
33193,validation
33194,validation
33195,validation
33196,validation
33197,validation
33198,validation
33199,validation
33200,validation
33201,validation
33202,validation
33203,validation
33204,validation
33205,validation
33206,validation
33207,validation
33208,validation
33209,validation
33210,validation
33211,validation
33212,validation
33213,validation
33214,validation
33215,validation
33216,validation
33217,validation
33218,validation
33219,validation
33220,validation
33221,validation
33222,validation
33223,validation
33224,validation
33225,validation
33226,validation
33227,validation
33228,validation
33229,validation
33230,validation
33231,validation
33232,validation
33233,validation
33234,validation
33235,validation
33236,validation
33237,validation
33238,validation
33239,validation
33240,validation
33241,validation
33242,validation
33243,validation
33244,validation
33245,validation
33246,validation
33247,validation
33248,validation
33249,validation
33250,validation
33251,validation
33252,validation
33253,validation
33254,validation
33255,validation
33256,validation
33257,validation
33258,validation
33259,validation
33260,validation
33261,validation
33262,validation
33263,validation
33264,validation
33265,validation
33266,validation
33267,validation
33268,validation
33269,validation
33270,validation
33271,validation
33272,validation
33273,validation
33274,validation
33275,validation
33276,validation
33277,validation
33278,validation
33279,validation
33280,validation
33281,validation
33282,validation
33283,validation
33284,validation
33285,validation
33286,validation
33287,validation
33288,validation
33289,validation
33290,validation
33291,validation
33292,validation
33293,validation
33294,validation
33295,validation
33296,validation
33297,validation
33298,validation
33299,validation
33300,validation
33301,validation
33302,validation
33303,validation
33304,validation
33305,validation
33306,validation
33307,validation
33308,validation
33309,validation
33310,validation
33311,validation
33312,validation
33313,validation
33314,validation
33315,validation
33316,validation
33317,validation
33318,validation
33319,validation
33320,validation
33321,validation
33322,validation
33323,validation
33324,validation
33325,validation
33326,validation
33327,validation
33328,validation
33329,validation
33330,validation
33331,validation
33332,validation
33333,validation
33334,validation
33335,validation
33336,validation
33337,validation
33338,validation
33339,validation
33340,validation
33341,validation
33342,validation
33343,validation
33344,validation
33345,validation
33346,validation
33347,validation
33348,validation
33349,validation
33350,validation
33351,validation
33352,validation
33353,validation
33354,validation
33355,validation
33356,validation
33357,validation
33358,validation
33359,validation
33360,validation
33361,validation
33362,validation
33363,validation
33364,validation
33365,validation
33366,validation
33367,validation
33368,validation
33369,validation
33370,validation
33371,validation
33372,validation
33373,validation
33374,validation
33375,validation
33376,validation
33377,validation
33378,validation
33379,validation
33380,validation
33381,validation
33382,validation
33383,validation
33384,validation
33385,validation
33386,validation
33387,validation
33388,validation
33389,validation
33390,validation
33391,validation
33392,validation
33393,validation
33394,validation
33395,validation
33396,validation
33397,validation
33398,validation
33399,validation
33400,validation
33401,validation
33402,validation
33403,validation
33404,validation
33405,validation
33406,validation
33407,validation
33408,validation
33409,validation
33410,validation
33411,validation
33412,validation
33413,validation
33414,validation
33415,validation
33416,validation
33417,validation
33418,validation
33419,validation
33420,validation
33421,validation
33422,validation
33423,validation
33424,validation
33425,validation
33426,validation
33427,validation
33428,validation
33429,validation
33430,validation
33431,validation
33432,validation
33433,validation
33434,validation
33435,validation
33436,validation
33437,validation
33438,validation
33439,validation
33440,validation
33441,validation
33442,validation
33443,validation
33444,validation
33445,validation
33446,validation
33447,validation
33448,validation
33449,validation
33450,validation
33451,validation
33452,validation
33453,validation
33454,validation
33455,validation
33456,validation
33457,validation
33458,validation
33459,validation
33460,validation
33461,validation
33462,validation
33463,validation
33464,validation
33465,validation
33466,validation
33467,validation
33468,validation
33469,validation
33470,validation
33471,validation
33472,validation
33473,validation
33474,validation
33475,validation
33476,validation
33477,validation
33478,validation
33479,validation
33480,validation
33481,validation
33482,validation
33483,validation
33484,validation
33485,validation
33486,validation
33487,validation
33488,validation
33489,validation
33490,validation
33491,validation
33492,validation
33493,validation
33494,validation
33495,validation
33496,validation
33497,validation
33498,validation
33499,validation
33500,validation
33501,validation
33502,validation
33503,validation
33504,validation
33505,validation
33506,validation
33507,validation
33508,validation
33509,validation
33510,validation
33511,validation
33512,validation
33513,validation
33514,validation
33515,validation
33516,validation
33517,validation
33518,validation
33519,validation
33520,validation
33521,validation
33522,validation
33523,validation
33524,validation
33525,validation
33526,validation
33527,validation
33528,validation
33529,validation
33530,validation
33531,validation
33532,validation
33533,validation
33534,validation
33535,validation
33536,validation
33537,validation
33538,validation
33539,validation
33540,validation
33541,validation
33542,validation
33543,validation
33544,validation
33545,validation
33546,validation
33547,validation
33548,validation
33549,validation
33550,validation
33551,validation
33552,validation
33553,validation
33554,validation
33555,validation
33556,validation
33557,validation
33558,validation
33559,validation
33560,validation
33561,validation
33562,validation
33563,validation
33564,validation
33565,validation
33566,validation
33567,validation
33568,validation
33569,validation
33570,validation
33571,validation
33572,validation
33573,validation
33574,validation
33575,validation
33576,validation
33577,validation
33578,validation
33579,validation
33580,validation
33581,validation
33582,validation
33583,validation
33584,validation
33585,validation
33586,validation
33587,validation
33588,validation
33589,validation
33590,validation
33591,validation
33592,validation
33593,validation
33594,validation
33595,validation
33596,validation
33597,validation
33598,validation
33599,validation
33600,validation
33601,validation
33602,validation
33603,validation
33604,validation
33605,validation
33606,validation
33607,validation
33608,validation
33609,validation
33610,validation
33611,validation
33612,validation
33613,validation
33614,validation
33615,validation
33616,validation
33617,validation
33618,validation
33619,validation
33620,validation
33621,validation
33622,validation
33623,validation
33624,validation
33625,validation
33626,validation
33627,validation
33628,validation
33629,validation
33630,validation
33631,validation
33632,validation
33633,validation
33634,validation
33635,validation
33636,validation
33637,validation
33638,validation
33639,validation
33640,validation
33641,validation
33642,validation
33643,validation
33644,validation
33645,validation
33646,validation
33647,validation
33648,validation
33649,validation
33650,validation
33651,validation
33652,validation
33653,validation
33654,validation
33655,validation
33656,validation
33657,validation
33658,validation
33659,validation
33660,validation
33661,validation
33662,validation
33663,validation
33664,validation
33665,validation
33666,validation
33667,validation
33668,validation
33669,validation
33670,validation
33671,validation
33672,validation
33673,validation
33674,validation
33675,validation
33676,validation
33677,validation
33678,validation
33679,validation
33680,validation
33681,validation
33682,validation
33683,validation
33684,validation
33685,validation
33686,validation
33687,validation
33688,validation
33689,validation
33690,validation
33691,validation
33692,validation
33693,validation
33694,validation
33695,validation
33696,validation
33697,validation
33698,validation
33699,validation
33700,validation
33701,validation
33702,validation
33703,validation
33704,validation
33705,validation
33706,validation
33707,validation
33708,validation
33709,validation
33710,validation
33711,validation
33712,validation
33713,validation
33714,validation
33715,validation
33716,validation
33717,validation
33718,validation
33719,validation
33720,validation
33721,validation
33722,validation
33723,validation
33724,validation
33725,validation
33726,validation
33727,validation
33728,validation
33729,validation
33730,validation
33731,validation
33732,validation
33733,validation
33734,validation
33735,validation
33736,validation
33737,validation
33738,validation
33739,validation
33740,validation
33741,validation
33742,validation
33743,validation
33744,validation
33745,validation
33746,validation
33747,validation
33748,validation
33749,validation
33750,validation
33751,validation
33752,validation
33753,validation
33754,validation
33755,validation
33756,validation
33757,validation
33758,validation
33759,validation
33760,validation
33761,validation
33762,validation
33763,validation
33764,validation
33765,validation
33766,validation
33767,validation
33768,validation
33769,validation
33770,validation
33771,validation
33772,validation
33773,validation
33774,validation
33775,validation
33776,validation
33777,validation
33778,validation
33779,validation
33780,validation
33781,validation
33782,validation
33783,validation
33784,validation
33785,validation
33786,validation
33787,validation
33788,validation
33789,validation
33790,validation
33791,validation
33792,validation
33793,validation
33794,validation
33795,validation
33796,validation
33797,validation
33798,validation
33799,validation
33800,validation
33801,validation
33802,validation
33803,validation
33804,validation
33805,validation
33806,validation
33807,validation
33808,validation
33809,validation
33810,validation
33811,validation
33812,validation
33813,validation
33814,validation
33815,validation
33816,validation
33817,validation
33818,validation
33819,validation
33820,validation
33821,validation
33822,validation
33823,validation
33824,validation
33825,validation
33826,validation
33827,validation
33828,validation
33829,validation
33830,validation
33831,validation
33832,validation
33833,validation
33834,validation
33835,validation
33836,validation
33837,validation
33838,validation
33839,validation
33840,validation
33841,validation
33842,validation
33843,validation
33844,validation
33845,validation
33846,validation
33847,validation
33848,validation
33849,validation
33850,validation
33851,validation
33852,validation
33853,validation
33854,validation
33855,validation
33856,validation
33857,validation
33858,validation
33859,validation
33860,validation
33861,validation
33862,validation
33863,validation
33864,validation
33865,validation
33866,validation
33867,validation
33868,validation
33869,validation
33870,validation
33871,validation
33872,validation
33873,validation
33874,validation
33875,validation
33876,validation
33877,validation
33878,validation
33879,validation
33880,validation
33881,validation
33882,validation
33883,validation
33884,validation
33885,validation
33886,validation
33887,validation
33888,validation
33889,validation
33890,validation
33891,validation
33892,validation
33893,validation
33894,validation
33895,validation
33896,validation
33897,validation
33898,validation
33899,validation
33900,validation
33901,validation
33902,validation
33903,validation
33904,validation
33905,validation
33906,validation
33907,validation
33908,validation
33909,validation
33910,validation
33911,validation
33912,validation
33913,validation
33914,validation
33915,validation
33916,validation
33917,validation
33918,validation
33919,validation
33920,validation
33921,validation
33922,validation
33923,validation
33924,validation
33925,validation
33926,validation
33927,validation
33928,validation
33929,validation
33930,validation
33931,validation
33932,validation
33933,validation
33934,validation
33935,validation
33936,validation
33937,validation
33938,validation
33939,validation
33940,validation
33941,validation
33942,validation
33943,validation
33944,validation
33945,validation
33946,validation
33947,validation
33948,validation
33949,validation
33950,validation
33951,validation
33952,validation
33953,validation
33954,validation
33955,validation
33956,validation
33957,validation
33958,validation
33959,validation
33960,validation
33961,validation
33962,validation
33963,validation
33964,validation
33965,validation
33966,validation
33967,validation
33968,validation
33969,validation
33970,validation
33971,validation
33972,validation
33973,validation
33974,validation
33975,validation
33976,validation
33977,validation
33978,validation
33979,validation
33980,validation
33981,validation
33982,validation
33983,validation
33984,validation
33985,validation
33986,validation
33987,validation
33988,validation
33989,validation
33990,validation
33991,validation
33992,validation
33993,validation
33994,validation
33995,validation
33996,validation
33997,validation
33998,validation
33999,validation
34000,validation
34001,validation
34002,validation
34003,validation
34004,validation
34005,validation
34006,validation
34007,validation
34008,validation
34009,validation
34010,validation
34011,validation
34012,validation
34013,validation
34014,validation
34015,validation
34016,validation
34017,validation
34018,validation
34019,validation
34020,validation
34021,validation
34022,validation
34023,validation
34024,validation
34025,validation
34026,validation
34027,validation
34028,validation
34029,validation
34030,validation
34031,validation
34032,validation
34033,validation
34034,validation
34035,validation
34036,validation
34037,validation
34038,validation
34039,validation
34040,validation
34041,validation
34042,validation
34043,validation
34044,validation
34045,validation
34046,validation
34047,validation
34048,validation
34049,validation
34050,validation
34051,validation
34052,validation
34053,validation
34054,validation
34055,validation
34056,validation
34057,validation
34058,validation
34059,validation
34060,validation
34061,validation
34062,validation
34063,validation
34064,validation
34065,validation
34066,validation
34067,validation
34068,validation
34069,validation
34070,validation
34071,validation
34072,validation
34073,validation
34074,validation
34075,validation
34076,validation
34077,validation
34078,validation
34079,validation
34080,validation
34081,validation
34082,validation
34083,validation
34084,validation
34085,validation
34086,validation
34087,validation
34088,validation
34089,validation
34090,validation
34091,validation
34092,validation
34093,validation
34094,validation
34095,validation
34096,validation
34097,validation
34098,validation
34099,validation
34100,validation
34101,validation
34102,validation
34103,validation
34104,validation
34105,validation
34106,validation
34107,validation
34108,validation
34109,validation
34110,validation
34111,validation
34112,validation
34113,validation
34114,validation
34115,validation
34116,validation
34117,validation
34118,validation
34119,validation
34120,validation
34121,validation
34122,validation
34123,validation
34124,validation
34125,validation
34126,validation
34127,validation
34128,validation
34129,validation
34130,validation
34131,validation
34132,validation
34133,validation
34134,validation
34135,validation
34136,validation
34137,validation
34138,validation
34139,validation
34140,validation
34141,validation
34142,validation
34143,validation
34144,validation
34145,validation
34146,validation
34147,validation
34148,validation
34149,validation
34150,validation
34151,validation
34152,validation
34153,validation
34154,validation
34155,validation
34156,validation
34157,validation
34158,validation
34159,validation
34160,validation
34161,validation
34162,validation
34163,validation
34164,validation
34165,validation
34166,validation
34167,validation
34168,validation
34169,validation
34170,validation
34171,validation
34172,validation
34173,validation
34174,validation
34175,validation
34176,validation
34177,validation
34178,validation
34179,validation
34180,validation
34181,validation
34182,validation
34183,validation
34184,validation
34185,validation
34186,validation
34187,validation
34188,validation
34189,validation
34190,validation
34191,validation
34192,validation
34193,validation
34194,validation
34195,validation
34196,validation
34197,validation
34198,validation
34199,validation
34200,validation
34201,validation
34202,validation
34203,validation
34204,validation
34205,validation
34206,validation
34207,validation
34208,validation
34209,validation
34210,validation
34211,validation
34212,validation
34213,validation
34214,validation
34215,validation
34216,validation
34217,validation
34218,validation
34219,validation
34220,validation
34221,validation
34222,validation
34223,validation
34224,validation
34225,validation
34226,validation
34227,validation
34228,validation
34229,validation
34230,validation
34231,validation
34232,validation
34233,validation
34234,validation
34235,validation
34236,validation
34237,validation
34238,validation
34239,validation
34240,validation
34241,validation
34242,validation
34243,validation
34244,validation
34245,validation
34246,validation
34247,validation
34248,validation
34249,validation
34250,validation
34251,validation
34252,validation
34253,validation
34254,validation
34255,validation
34256,validation
34257,validation
34258,validation
34259,validation
34260,validation
34261,validation
34262,validation
34263,validation
34264,validation
34265,validation
34266,validation
34267,validation
34268,validation
34269,validation
34270,validation
34271,validation
34272,validation
34273,validation
34274,validation
34275,validation
34276,validation
34277,validation
34278,validation
34279,validation
34280,validation
34281,validation
34282,validation
34283,validation
34284,validation
34285,validation
34286,validation
34287,validation
34288,validation
34289,validation
34290,validation
34291,validation
34292,validation
34293,validation
34294,validation
34295,validation
34296,validation
34297,validation
34298,validation
34299,validation
34300,validation
34301,validation
34302,validation
34303,validation
34304,validation
34305,validation
34306,validation
34307,validation
34308,validation
34309,validation
34310,validation
34311,validation
34312,validation
34313,validation
34314,validation
34315,validation
34316,validation
34317,validation
34318,validation
34319,validation
34320,validation
34321,validation
34322,validation
34323,validation
34324,validation
34325,validation
34326,validation
34327,validation
34328,validation
34329,validation
34330,validation
34331,validation
34332,validation
34333,validation
34334,validation
34335,validation
34336,validation
34337,validation
34338,validation
34339,validation
34340,validation
34341,validation
34342,validation
34343,validation
34344,validation
34345,validation
34346,validation
34347,validation
34348,validation
34349,validation
34350,validation
34351,validation
34352,validation
34353,validation
34354,validation
34355,validation
34356,validation
34357,validation
34358,validation
34359,validation
34360,validation
34361,validation
34362,validation
34363,validation
34364,validation
34365,validation
34366,validation
34367,validation
34368,validation
34369,validation
34370,validation
34371,validation
34372,validation
34373,validation
34374,validation
34375,validation
34376,validation
34377,validation
34378,validation
34379,validation
34380,validation
34381,validation
34382,validation
34383,validation
34384,validation
34385,validation
34386,validation
34387,validation
34388,validation
34389,validation
34390,validation
34391,validation
34392,validation
34393,validation
34394,validation
34395,validation
34396,validation
34397,validation
34398,validation
34399,validation
34400,validation
34401,validation
34402,validation
34403,validation
34404,validation
34405,validation
34406,validation
34407,validation
34408,validation
34409,validation
34410,validation
34411,validation
34412,validation
34413,validation
34414,validation
34415,validation
34416,validation
34417,validation
34418,validation
34419,validation
34420,validation
34421,validation
34422,validation
34423,validation
34424,validation
34425,validation
34426,validation
34427,validation
34428,validation
34429,validation
34430,validation
34431,validation
34432,validation
34433,validation
34434,validation
34435,validation
34436,validation
34437,validation
34438,validation
34439,validation
34440,validation
34441,validation
34442,validation
34443,validation
34444,validation
34445,validation
34446,validation
34447,validation
34448,validation
34449,validation
34450,validation
34451,validation
34452,validation
34453,validation
34454,validation
34455,validation
34456,validation
34457,validation
34458,validation
34459,validation
34460,validation
34461,validation
34462,validation
34463,validation
34464,validation
34465,validation
34466,validation
34467,validation
34468,validation
34469,validation
34470,validation
34471,validation
34472,validation
34473,validation
34474,validation
34475,validation
34476,validation
34477,validation
34478,validation
34479,validation
34480,validation
34481,validation
34482,validation
34483,validation
34484,validation
34485,validation
34486,validation
34487,validation
34488,validation
34489,validation
34490,validation
34491,validation
34492,validation
34493,validation
34494,validation
34495,validation
34496,validation
34497,validation
34498,validation
34499,validation
34500,validation
34501,validation
34502,validation
34503,validation
34504,validation
34505,validation
34506,validation
34507,validation
34508,validation
34509,validation
34510,validation
34511,validation
34512,validation
34513,validation
34514,validation
34515,validation
34516,validation
34517,validation
34518,validation
34519,validation
34520,validation
34521,validation
34522,validation
34523,validation
34524,validation
34525,validation
34526,validation
34527,validation
34528,validation
34529,validation
34530,validation
34531,validation
34532,validation
34533,validation
34534,validation
34535,validation
34536,validation
34537,validation
34538,validation
34539,validation
34540,validation
34541,validation
34542,validation
34543,validation
34544,validation
34545,validation
34546,validation
34547,validation
34548,validation
34549,validation
34550,validation
34551,validation
34552,validation
34553,validation
34554,validation
34555,validation
34556,validation
34557,validation
34558,validation
34559,validation
34560,validation
34561,validation
34562,validation
34563,validation
34564,validation
34565,validation
34566,validation
34567,validation
34568,validation
34569,validation
34570,validation
34571,validation
34572,validation
34573,validation
34574,validation
34575,validation
34576,validation
34577,validation
34578,validation
34579,validation
34580,validation
34581,validation
34582,validation
34583,validation
34584,validation
34585,validation
34586,validation
34587,validation
34588,validation
34589,validation
34590,validation
34591,validation
34592,validation
34593,validation
34594,validation
34595,validation
34596,validation
34597,validation
34598,validation
34599,validation
34600,validation
34601,validation
34602,validation
34603,validation
34604,validation
34605,validation
34606,validation
34607,validation
34608,validation
34609,validation
34610,validation
34611,validation
34612,validation
34613,validation
34614,validation
34615,validation
34616,validation
34617,validation
34618,validation
34619,validation
34620,validation
34621,validation
34622,validation
34623,validation
34624,validation
34625,validation
34626,validation
34627,validation
34628,validation
34629,validation
34630,validation
34631,validation
34632,validation
34633,validation
34634,validation
34635,validation
34636,validation
34637,validation
34638,validation
34639,validation
34640,validation
34641,validation
34642,validation
34643,validation
34644,validation
34645,validation
34646,validation
34647,validation
34648,validation
34649,validation
34650,validation
34651,validation
34652,validation
34653,validation
34654,validation
34655,validation
34656,validation
34657,validation
34658,validation
34659,validation
34660,validation
34661,validation
34662,validation
34663,validation
34664,validation
34665,validation
34666,validation
34667,validation
34668,validation
34669,validation
34670,validation
34671,validation
34672,validation
34673,validation
34674,validation
34675,validation
34676,validation
34677,validation
34678,validation
34679,validation
34680,validation
34681,validation
34682,validation
34683,validation
34684,validation
34685,validation
34686,validation
34687,validation
34688,validation
34689,validation
34690,validation
34691,validation
34692,validation
34693,validation
34694,validation
34695,validation
34696,validation
34697,validation
34698,validation
34699,validation
34700,validation
34701,validation
34702,validation
34703,validation
34704,validation
34705,validation
34706,validation
34707,validation
34708,validation
34709,validation
34710,validation
34711,validation
34712,validation
34713,validation
34714,validation
34715,validation
34716,validation
34717,validation
34718,validation
34719,validation
34720,validation
34721,validation
34722,validation
34723,validation
34724,validation
34725,validation
34726,validation
34727,validation
34728,validation
34729,validation
34730,validation
34731,validation
34732,validation
34733,validation
34734,validation
34735,validation
34736,validation
34737,validation
34738,validation
34739,validation
34740,validation
34741,validation
34742,validation
34743,validation
34744,validation
34745,validation
34746,validation
34747,validation
34748,validation
34749,validation
34750,validation
34751,validation
34752,validation
34753,validation
34754,validation
34755,validation
34756,validation
34757,validation
34758,validation
34759,validation
34760,validation
34761,validation
34762,validation
34763,validation
34764,validation
34765,validation
34766,validation
34767,validation
34768,validation
34769,validation
34770,validation
34771,validation
34772,validation
34773,validation
34774,validation
34775,validation
34776,validation
34777,validation
34778,validation
34779,validation
34780,validation
34781,validation
34782,validation
34783,validation
34784,validation
34785,validation
34786,validation
34787,validation
34788,validation
34789,validation
34790,validation
34791,validation
34792,validation
34793,validation
34794,validation
34795,validation
34796,validation
34797,validation
34798,validation
34799,validation
34800,validation
34801,validation
34802,validation
34803,validation
34804,validation
34805,validation
34806,validation
34807,validation
34808,validation
34809,validation
34810,validation
34811,validation
34812,validation
34813,validation
34814,validation
34815,validation
34816,validation
34817,validation
34818,validation
34819,validation
34820,validation
34821,validation
34822,validation
34823,validation
34824,validation
34825,validation
34826,validation
34827,validation
34828,validation
34829,validation
34830,validation
34831,validation
34832,validation
34833,validation
34834,validation
34835,validation
34836,validation
34837,validation
34838,validation
34839,validation
34840,validation
34841,validation
34842,validation
34843,validation
34844,validation
34845,validation
34846,validation
34847,validation
34848,validation
34849,validation
34850,validation
34851,validation
34852,validation
34853,validation
34854,validation
34855,validation
34856,validation
34857,validation
34858,validation
34859,validation
34860,validation
34861,validation
34862,validation
34863,validation
34864,validation
34865,validation
34866,validation
34867,validation
34868,validation
34869,validation
34870,validation
34871,validation
34872,validation
34873,validation
34874,validation
34875,validation
34876,validation
34877,validation
34878,validation
34879,validation
34880,validation
34881,validation
34882,validation
34883,validation
34884,validation
34885,validation
34886,validation
34887,validation
34888,validation
34889,validation
34890,validation
34891,validation
34892,validation
34893,validation
34894,validation
34895,validation
34896,validation
34897,validation
34898,validation
34899,validation
34900,validation
34901,validation
34902,validation
34903,validation
34904,validation
34905,validation
34906,validation
34907,validation
34908,validation
34909,validation
34910,validation
34911,validation
34912,validation
34913,validation
34914,validation
34915,validation
34916,validation
34917,validation
34918,validation
34919,validation
34920,validation
34921,validation
34922,validation
34923,validation
34924,validation
34925,validation
34926,validation
34927,validation
34928,validation
34929,validation
34930,validation
34931,validation
34932,validation
34933,validation
34934,validation
34935,validation
34936,validation
34937,validation
34938,validation
34939,validation
34940,validation
34941,validation
34942,validation
34943,validation
34944,validation
34945,validation
34946,validation
34947,validation
34948,validation
34949,validation
34950,validation
34951,validation
34952,validation
34953,validation
34954,validation
34955,validation
34956,validation
34957,validation
34958,validation
34959,validation
34960,validation
34961,validation
34962,validation
34963,validation
34964,validation
34965,validation
34966,validation
34967,validation
34968,validation
34969,validation
34970,validation
34971,validation
34972,validation
34973,validation
34974,validation
34975,validation
34976,validation
34977,validation
34978,validation
34979,validation
34980,validation
34981,validation
34982,validation
34983,validation
34984,validation
34985,validation
34986,validation
34987,validation
34988,validation
34989,validation
34990,validation
34991,validation
34992,validation
34993,validation
34994,validation
34995,validation
34996,validation
34997,validation
34998,validation
34999,validation
35000,validation
35001,validation
35002,validation
35003,validation
35004,validation
35005,validation
35006,validation
35007,validation
35008,validation
35009,validation
35010,validation
35011,validation
35012,validation
35013,validation
35014,validation
35015,validation
35016,validation
35017,validation
35018,validation
35019,validation
35020,validation
35021,validation
35022,validation
35023,validation
35024,validation
35025,validation
35026,validation
35027,validation
35028,validation
35029,validation
35030,validation
35031,validation
35032,validation
35033,validation
35034,validation
35035,validation
35036,validation
35037,validation
35038,validation
35039,validation
35040,validation
35041,validation
35042,validation
35043,validation
35044,validation
35045,validation
35046,validation
35047,validation
35048,validation
35049,validation
35050,validation
35051,validation
35052,validation
35053,validation
35054,validation
35055,validation
35056,validation
35057,validation
35058,validation
35059,validation
35060,validation
35061,validation
35062,validation
35063,validation
35064,validation
35065,validation
35066,validation
35067,validation
35068,validation
35069,validation
35070,validation
35071,validation
35072,validation
35073,validation
35074,validation
35075,validation
35076,validation
35077,validation
35078,validation
35079,validation
35080,validation
35081,validation
35082,validation
35083,validation
35084,validation
35085,validation
35086,validation
35087,validation
35088,validation
35089,validation
35090,validation
35091,validation
35092,validation
35093,validation
35094,validation
35095,validation
35096,validation
35097,validation
35098,validation
35099,validation
35100,validation
35101,validation
35102,validation
35103,validation
35104,validation
35105,validation
35106,validation
35107,validation
35108,validation
35109,validation
35110,validation
35111,validation
35112,validation
35113,validation
35114,validation
35115,validation
35116,validation
35117,validation
35118,validation
35119,validation
35120,validation
35121,validation
35122,validation
35123,validation
35124,validation
35125,validation
35126,validation
35127,validation
35128,validation
35129,validation
35130,validation
35131,validation
35132,validation
35133,validation
35134,validation
35135,validation
35136,validation
35137,validation
35138,validation
35139,validation
35140,validation
35141,validation
35142,validation
35143,validation
35144,validation
35145,validation
35146,validation
35147,validation
35148,validation
35149,validation
35150,validation
35151,validation
35152,validation
35153,validation
35154,validation
35155,validation
35156,validation
35157,validation
35158,validation
35159,validation
35160,validation
35161,validation
35162,validation
35163,validation
35164,validation
35165,validation
35166,validation
35167,validation
35168,validation
35169,validation
35170,validation
35171,validation
35172,validation
35173,validation
35174,validation
35175,validation
35176,validation
35177,validation
35178,validation
35179,validation
35180,validation
35181,validation
35182,validation
35183,validation
35184,validation
35185,validation
35186,validation
35187,validation
35188,validation
35189,validation
35190,validation
35191,validation
35192,validation
35193,validation
35194,validation
35195,validation
35196,validation
35197,validation
35198,validation
35199,validation
35200,validation
35201,validation
35202,validation
35203,validation
35204,validation
35205,validation
35206,validation
35207,validation
35208,validation
35209,validation
35210,validation
35211,validation
35212,validation
35213,validation
35214,validation
35215,validation
35216,validation
35217,validation
35218,validation
35219,validation
35220,validation
35221,validation
35222,validation
35223,validation
35224,validation
35225,validation
35226,validation
35227,validation
35228,validation
35229,validation
35230,validation
35231,validation
35232,validation
35233,validation
35234,validation
35235,validation
35236,validation
35237,validation
35238,validation
35239,validation
35240,validation
35241,validation
35242,validation
35243,validation
35244,validation
35245,validation
35246,validation
35247,validation
35248,validation
35249,validation
35250,validation
35251,validation
35252,validation
35253,validation
35254,validation
35255,validation
35256,validation
35257,validation
35258,validation
35259,validation
35260,validation
35261,validation
35262,validation
35263,validation
35264,validation
35265,validation
35266,validation
35267,validation
35268,validation
35269,validation
35270,validation
35271,validation
35272,validation
35273,validation
35274,validation
35275,validation
35276,validation
35277,validation
35278,validation
35279,validation
35280,validation
35281,validation
35282,validation
35283,validation
35284,validation
35285,validation
35286,validation
35287,validation
35288,validation
35289,validation
35290,validation
35291,validation
35292,validation
35293,validation
35294,validation
35295,validation
35296,validation
35297,validation
35298,validation
35299,validation
35300,validation
35301,validation
35302,validation
35303,validation
35304,validation
35305,validation
35306,validation
35307,validation
35308,validation
35309,validation
35310,validation
35311,validation
35312,validation
35313,validation
35314,validation
35315,validation
35316,validation
35317,validation
35318,validation
35319,validation
35320,validation
35321,validation
35322,validation
35323,validation
35324,validation
35325,validation
35326,validation
35327,validation
35328,validation
35329,validation
35330,validation
35331,validation
35332,validation
35333,validation
35334,validation
35335,validation
35336,validation
35337,validation
35338,validation
35339,validation
35340,validation
35341,validation
35342,validation
35343,validation
35344,validation
35345,validation
35346,validation
35347,validation
35348,validation
35349,validation
35350,validation
35351,validation
35352,validation
35353,validation
35354,validation
35355,validation
35356,validation
35357,validation
35358,validation
35359,validation
35360,validation
35361,validation
35362,validation
35363,validation
35364,validation
35365,validation
35366,validation
35367,validation
35368,validation
35369,validation
35370,validation
35371,validation
35372,validation
35373,validation
35374,validation
35375,validation
35376,validation
35377,validation
35378,validation
35379,validation
35380,validation
35381,validation
35382,validation
35383,validation
35384,validation
35385,validation
35386,validation
35387,validation
35388,validation
35389,validation
35390,validation
35391,validation
35392,validation
35393,validation
35394,validation
35395,validation
35396,validation
35397,validation
35398,validation
35399,validation
35400,validation
35401,validation
35402,validation
35403,validation
35404,validation
35405,validation
35406,validation
35407,validation
35408,validation
35409,validation
35410,validation
35411,validation
35412,validation
35413,validation
35414,validation
35415,validation
35416,validation
35417,validation
35418,validation
35419,validation
35420,validation
35421,validation
35422,validation
35423,validation
35424,validation
35425,validation
35426,validation
35427,validation
35428,validation
35429,validation
35430,validation
35431,validation
35432,validation
35433,validation
35434,validation
35435,validation
35436,validation
35437,validation
35438,validation
35439,validation
35440,validation
35441,validation
35442,validation
35443,validation
35444,validation
35445,validation
35446,validation
35447,validation
35448,validation
35449,validation
35450,validation
35451,validation
35452,validation
35453,validation
35454,validation
35455,validation
35456,validation
35457,validation
35458,validation
35459,validation
35460,validation
35461,validation
35462,validation
35463,validation
35464,validation
35465,validation
35466,validation
35467,validation
35468,validation
35469,validation
35470,validation
35471,validation
35472,validation
35473,validation
35474,validation
35475,validation
35476,validation
35477,validation
35478,validation
35479,validation
35480,validation
35481,validation
35482,validation
35483,validation
35484,validation
35485,validation
35486,validation
35487,validation
35488,validation
35489,validation
35490,validation
35491,validation
35492,validation
35493,validation
35494,validation
35495,validation
35496,validation
35497,validation
35498,validation
35499,validation
35500,validation
35501,validation
35502,validation
35503,validation
35504,validation
35505,validation
35506,validation
35507,validation
35508,validation
35509,validation
35510,validation
35511,validation
35512,validation
35513,validation
35514,validation
35515,validation
35516,validation
35517,validation
35518,validation
35519,validation
35520,validation
35521,validation
35522,validation
35523,validation
35524,validation
35525,validation
35526,validation
35527,validation
35528,validation
35529,validation
35530,validation
35531,validation
35532,validation
35533,validation
35534,validation
35535,validation
35536,validation
35537,validation
35538,validation
35539,validation
35540,validation
35541,validation
35542,validation
35543,validation
35544,validation
35545,validation
35546,validation
35547,validation
35548,validation
35549,validation
35550,validation
35551,validation
35552,validation
35553,validation
35554,validation
35555,validation
35556,validation
35557,validation
35558,validation
35559,validation
35560,validation
35561,validation
35562,validation
35563,validation
35564,validation
35565,validation
35566,validation
35567,validation
35568,validation
35569,validation
35570,validation
35571,validation
35572,validation
35573,validation
35574,validation
35575,validation
35576,validation
35577,validation
35578,validation
35579,validation
35580,validation
35581,validation
35582,validation
35583,validation
35584,validation
35585,validation
35586,validation
35587,validation
35588,validation
35589,validation
35590,validation
35591,validation
35592,validation
35593,validation
35594,validation
35595,validation
35596,validation
35597,validation
35598,validation
35599,validation
35600,validation
35601,validation
35602,validation
35603,validation
35604,validation
35605,validation
35606,validation
35607,validation
35608,validation
35609,validation
35610,validation
35611,validation
35612,validation
35613,validation
35614,validation
35615,validation
35616,validation
35617,validation
35618,validation
35619,validation
35620,validation
35621,validation
35622,validation
35623,validation
35624,validation
35625,validation
35626,validation
35627,validation
35628,validation
35629,validation
35630,validation
35631,validation
35632,validation
35633,validation
35634,validation
35635,validation
35636,validation
35637,validation
35638,validation
35639,validation
35640,validation
35641,validation
35642,validation
35643,validation
35644,validation
35645,validation
35646,validation
35647,validation
35648,validation
35649,validation
35650,validation
35651,validation
35652,validation
35653,validation
35654,validation
35655,validation
35656,validation
35657,validation
35658,validation
35659,validation
35660,validation
35661,validation
35662,validation
35663,validation
35664,validation
35665,validation
35666,validation
35667,validation
35668,validation
35669,validation
35670,validation
35671,validation
35672,validation
35673,validation
35674,validation
35675,validation
35676,validation
35677,validation
35678,validation
35679,validation
35680,validation
35681,validation
35682,validation
35683,validation
35684,validation
35685,validation
35686,validation
35687,validation
35688,validation
35689,validation
35690,validation
35691,validation
35692,validation
35693,validation
35694,validation
35695,validation
35696,validation
35697,validation
35698,validation
35699,validation
35700,validation
35701,validation
35702,validation
35703,validation
35704,validation
35705,validation
35706,validation
35707,validation
35708,validation
35709,validation
35710,validation
35711,validation
35712,validation
35713,validation
35714,validation
35715,validation
35716,validation
35717,validation
35718,validation
35719,validation
35720,validation
35721,validation
35722,validation
35723,validation
35724,validation
35725,validation
35726,validation
35727,validation
35728,validation
35729,validation
35730,validation
35731,validation
35732,validation
35733,validation
35734,validation
35735,validation
35736,validation
35737,validation
35738,validation
35739,validation
35740,validation
35741,validation
35742,validation
35743,validation
35744,validation
35745,validation
35746,validation
35747,validation
35748,validation
35749,validation
35750,validation
35751,validation
35752,validation
35753,validation
35754,validation
35755,validation
35756,validation
35757,validation
35758,validation
35759,validation
35760,validation
35761,validation
35762,validation
35763,validation
35764,validation
35765,validation
35766,validation
35767,validation
35768,validation
35769,validation
35770,validation
35771,validation
35772,validation
35773,validation
35774,validation
35775,validation
35776,validation
35777,validation
35778,validation
35779,validation
35780,validation
35781,validation
35782,validation
35783,validation
35784,validation
35785,validation
35786,validation
35787,validation
35788,validation
35789,validation
35790,validation
35791,validation
35792,validation
35793,validation
35794,validation
35795,validation
35796,validation
35797,validation
35798,validation
35799,validation
35800,validation
35801,validation
35802,validation
35803,validation
35804,validation
35805,validation
35806,validation
35807,validation
35808,validation
35809,validation
35810,validation
35811,validation
35812,validation
35813,validation
35814,validation
35815,validation
35816,validation
35817,validation
35818,validation
35819,validation
35820,validation
35821,validation
35822,validation
35823,validation
35824,validation
35825,validation
35826,validation
35827,validation
35828,validation
35829,validation
35830,validation
35831,validation
35832,validation
35833,validation
35834,validation
35835,validation
35836,validation
35837,validation
35838,validation
35839,validation
35840,validation
35841,validation
35842,validation
35843,validation
35844,validation
35845,validation
35846,validation
35847,validation
35848,validation
35849,validation
35850,validation
35851,validation
35852,validation
35853,validation
35854,validation
35855,validation
35856,validation
35857,validation
35858,validation
35859,validation
35860,validation
35861,validation
35862,validation
35863,validation
35864,validation
35865,validation
35866,validation
35867,validation
35868,validation
35869,validation
35870,validation
35871,validation
35872,validation
35873,validation
35874,validation
35875,validation
35876,validation
35877,validation
35878,validation
35879,validation
35880,validation
35881,validation
35882,validation
35883,validation
35884,validation
35885,validation
35886,validation
35887,validation
35888,validation
35889,validation
35890,validation
35891,validation
35892,validation
35893,validation
35894,validation
35895,validation
35896,validation
35897,validation
35898,validation
35899,validation
35900,validation
35901,validation
35902,validation
35903,validation
35904,validation
35905,validation
35906,validation
35907,validation
35908,validation
35909,validation
35910,validation
35911,validation
35912,validation
35913,validation
35914,validation
35915,validation
35916,validation
35917,validation
35918,validation
35919,validation
35920,validation
35921,validation
35922,validation
35923,validation
35924,validation
35925,validation
35926,validation
35927,validation
35928,validation
35929,validation
35930,validation
35931,validation
35932,validation
35933,validation
35934,validation
35935,validation
35936,validation
35937,validation
35938,validation
35939,validation
35940,validation
35941,validation
35942,validation
35943,validation
35944,validation
35945,validation
35946,validation
35947,validation
35948,validation
35949,validation
35950,validation
35951,validation
35952,validation
35953,validation
35954,validation
35955,validation
35956,validation
35957,validation
35958,validation
35959,validation
35960,validation
35961,validation
35962,validation
35963,validation
35964,validation
35965,validation
35966,validation
35967,validation
35968,validation
35969,validation
35970,validation
35971,validation
35972,validation
35973,validation
35974,validation
35975,validation
35976,validation
35977,validation
35978,validation
35979,validation
35980,validation
35981,validation
35982,validation
35983,validation
35984,validation
35985,validation
35986,validation
35987,validation
35988,validation
35989,validation
35990,validation
35991,validation
35992,validation
35993,validation
35994,validation
35995,validation
35996,validation
35997,validation
35998,validation
35999,validation
36000,validation
36001,validation
36002,validation
36003,validation
36004,validation
36005,validation
36006,validation
36007,validation
36008,validation
36009,validation
36010,validation
36011,validation
36012,validation
36013,validation
36014,validation
36015,validation
36016,validation
36017,validation
36018,validation
36019,validation
36020,validation
36021,validation
36022,validation
36023,validation
36024,validation
36025,validation
36026,validation
36027,validation
36028,validation
36029,validation
36030,validation
36031,validation
36032,validation
36033,validation
36034,validation
36035,validation
36036,validation
36037,validation
36038,validation
36039,validation
36040,validation
36041,validation
36042,validation
36043,validation
36044,validation
36045,validation
36046,validation
36047,validation
36048,validation
36049,validation
36050,validation
36051,validation
36052,validation
36053,validation
36054,validation
36055,validation
36056,validation
36057,validation
36058,validation
36059,validation
36060,validation
36061,validation
36062,validation
36063,validation
36064,validation
36065,validation
36066,validation
36067,validation
36068,validation
36069,validation
36070,validation
36071,validation
36072,validation
36073,validation
36074,validation
36075,validation
36076,validation
36077,validation
36078,validation
36079,validation
36080,validation
36081,validation
36082,validation
36083,validation
36084,validation
36085,validation
36086,validation
36087,validation
36088,validation
36089,validation
36090,validation
36091,validation
36092,validation
36093,validation
36094,validation
36095,validation
36096,validation
36097,validation
36098,validation
36099,validation
36100,validation
36101,validation
36102,validation
36103,validation
36104,validation
36105,validation
36106,validation
36107,validation
36108,validation
36109,validation
36110,validation
36111,validation
36112,validation
36113,validation
36114,validation
36115,validation
36116,validation
36117,validation
36118,validation
36119,validation
36120,validation
36121,validation
36122,validation
36123,validation
36124,validation
36125,validation
36126,validation
36127,validation
36128,validation
36129,validation
36130,validation
36131,validation
36132,validation
36133,validation
36134,validation
36135,validation
36136,validation
36137,validation
36138,validation
36139,validation
36140,validation
36141,validation
36142,validation
36143,validation
36144,validation
36145,validation
36146,validation
36147,validation
36148,validation
36149,validation
36150,validation
36151,validation
36152,validation
36153,validation
36154,validation
36155,validation
36156,validation
36157,validation
36158,validation
36159,validation
36160,validation
36161,validation
36162,validation
36163,validation
36164,validation
36165,validation
36166,validation
36167,validation
36168,validation
36169,validation
36170,validation
36171,validation
36172,validation
36173,validation
36174,validation
36175,validation
36176,validation
36177,validation
36178,validation
36179,validation
36180,validation
36181,validation
36182,validation
36183,validation
36184,validation
36185,validation
36186,validation
36187,validation
36188,validation
36189,validation
36190,validation
36191,validation
36192,validation
36193,validation
36194,validation
36195,validation
36196,validation
36197,validation
36198,validation
36199,validation
36200,validation
36201,validation
36202,validation
36203,validation
36204,validation
36205,validation
36206,validation
36207,validation
36208,validation
36209,validation
36210,validation
36211,validation
36212,validation
36213,validation
36214,validation
36215,validation
36216,validation
36217,validation
36218,validation
36219,validation
36220,validation
36221,validation
36222,validation
36223,validation
36224,validation
36225,validation
36226,validation
36227,validation
36228,validation
36229,validation
36230,validation
36231,validation
36232,validation
36233,validation
36234,validation
36235,validation
36236,validation
36237,validation
36238,validation
36239,validation
36240,validation
36241,validation
36242,validation
36243,validation
36244,validation
36245,validation
36246,validation
36247,validation
36248,validation
36249,validation
36250,validation
36251,validation
36252,validation
36253,validation
36254,validation
36255,validation
36256,validation
36257,validation
36258,validation
36259,validation
36260,validation
36261,validation
36262,validation
36263,validation
36264,validation
36265,validation
36266,validation
36267,validation
36268,validation
36269,validation
36270,validation
36271,validation
36272,validation
36273,validation
36274,validation
36275,validation
36276,validation
36277,validation
36278,validation
36279,validation
36280,validation
36281,validation
36282,validation
36283,validation
36284,validation
36285,validation
36286,validation
36287,validation
36288,validation
36289,validation
36290,validation
36291,validation
36292,validation
36293,validation
36294,validation
36295,validation
36296,validation
36297,validation
36298,validation
36299,validation
36300,validation
36301,validation
36302,validation
36303,validation
36304,validation
36305,validation
36306,validation
36307,validation
36308,validation
36309,validation
36310,validation
36311,validation
36312,validation
36313,validation
36314,validation
36315,validation
36316,validation
36317,validation
36318,validation
36319,validation
36320,validation
36321,validation
36322,validation
36323,validation
36324,validation
36325,validation
36326,validation
36327,validation
36328,validation
36329,validation
36330,validation
36331,validation
36332,validation
36333,validation
36334,validation
36335,validation
36336,validation
36337,validation
36338,validation
36339,validation
36340,validation
36341,validation
36342,validation
36343,validation
36344,validation
36345,validation
36346,validation
36347,validation
36348,validation
36349,validation
36350,validation
36351,validation
36352,validation
36353,validation
36354,validation
36355,validation
36356,validation
36357,validation
36358,validation
36359,validation
36360,validation
36361,validation
36362,validation
36363,validation
36364,validation
36365,validation
36366,validation
36367,validation
36368,validation
36369,validation
36370,validation
36371,validation
36372,validation
36373,validation
36374,validation
36375,validation
36376,validation
36377,validation
36378,validation
36379,validation
36380,validation
36381,validation
36382,validation
36383,validation
36384,validation
36385,validation
36386,validation
36387,validation
36388,validation
36389,validation
36390,validation
36391,validation
36392,validation
36393,validation
36394,validation
36395,validation
36396,validation
36397,validation
36398,validation
36399,validation
36400,validation
36401,validation
36402,validation
36403,validation
36404,validation
36405,validation
36406,validation
36407,validation
36408,validation
36409,validation
36410,validation
36411,validation
36412,validation
36413,validation
36414,validation
36415,validation
36416,validation
36417,validation
36418,validation
36419,validation
36420,validation
36421,validation
36422,validation
36423,validation
36424,validation
36425,validation
36426,validation
36427,validation
36428,validation
36429,validation
36430,validation
36431,validation
36432,validation
36433,validation
36434,validation
36435,validation
36436,validation
36437,validation
36438,validation
36439,validation
36440,validation
36441,validation
36442,validation
36443,validation
36444,validation
36445,validation
36446,validation
36447,validation
36448,validation
36449,validation
36450,validation
36451,validation
36452,validation
36453,validation
36454,validation
36455,validation
36456,validation
36457,validation
36458,validation
36459,validation
36460,validation
36461,validation
36462,validation
36463,validation
36464,validation
36465,validation
36466,validation
36467,validation
36468,validation
36469,validation
36470,validation
36471,validation
36472,validation
36473,validation
36474,validation
36475,validation
36476,validation
36477,validation
36478,validation
36479,validation
36480,validation
36481,validation
36482,validation
36483,validation
36484,validation
36485,validation
36486,validation
36487,validation
36488,validation
36489,validation
36490,validation
36491,validation
36492,validation
36493,validation
36494,validation
36495,validation
36496,validation
36497,validation
36498,validation
36499,validation
36500,validation
36501,validation
36502,validation
36503,validation
36504,validation
36505,validation
36506,validation
36507,validation
36508,validation
36509,validation
36510,validation
36511,validation
36512,validation
36513,validation
36514,validation
36515,validation
36516,validation
36517,validation
36518,validation
36519,validation
36520,validation
36521,validation
36522,validation
36523,validation
36524,validation
36525,validation
36526,validation
36527,validation
36528,validation
36529,validation
36530,validation
36531,validation
36532,validation
36533,validation
36534,validation
36535,validation
36536,validation
36537,validation
36538,validation
36539,validation
36540,validation
36541,validation
36542,validation
36543,validation
36544,validation
36545,validation
36546,validation
36547,validation
36548,validation
36549,validation
36550,validation
36551,validation
36552,validation
36553,validation
36554,validation
36555,validation
36556,validation
36557,validation
36558,validation
36559,validation
36560,validation
36561,validation
36562,validation
36563,validation
36564,validation
36565,validation
36566,validation
36567,validation
36568,validation
36569,validation
36570,validation
36571,validation
36572,validation
36573,validation
36574,validation
36575,validation
36576,validation
36577,validation
36578,validation
36579,validation
36580,validation
36581,validation
36582,validation
36583,validation
36584,validation
36585,validation
36586,validation
36587,validation
36588,validation
36589,validation
36590,validation
36591,validation
36592,validation
36593,validation
36594,validation
36595,validation
36596,validation
36597,validation
36598,validation
36599,validation
36600,validation
36601,validation
36602,validation
36603,validation
36604,validation
36605,validation
36606,validation
36607,validation
36608,validation
36609,validation
36610,validation
36611,validation
36612,validation
36613,validation
36614,validation
36615,validation
36616,validation
36617,validation
36618,validation
36619,validation
36620,validation
36621,validation
36622,validation
36623,validation
36624,validation
36625,validation
36626,validation
36627,validation
36628,validation
36629,validation
36630,validation
36631,validation
36632,validation
36633,validation
36634,validation
36635,validation
36636,validation
36637,validation
36638,validation
36639,validation
36640,validation
36641,validation
36642,validation
36643,validation
36644,validation
36645,validation
36646,validation
36647,validation
36648,validation
36649,validation
36650,validation
36651,validation
36652,validation
36653,validation
36654,validation
36655,validation
36656,validation
36657,validation
36658,validation
36659,validation
36660,validation
36661,validation
36662,validation
36663,validation
36664,validation
36665,validation
36666,validation
36667,validation
36668,validation
36669,validation
36670,validation
36671,validation
36672,validation
36673,validation
36674,validation
36675,validation
36676,validation
36677,validation
36678,validation
36679,validation
36680,validation
36681,validation
36682,validation
36683,validation
36684,validation
36685,validation
36686,validation
36687,validation
36688,validation
36689,validation
36690,validation
36691,validation
36692,validation
36693,validation
36694,validation
36695,validation
36696,validation
36697,validation
36698,validation
36699,validation
36700,validation
36701,validation
36702,validation
36703,validation
36704,validation
36705,validation
36706,validation
36707,validation
36708,validation
36709,validation
36710,validation
36711,validation
36712,validation
36713,validation
36714,validation
36715,validation
36716,validation
36717,validation
36718,validation
36719,validation
36720,validation
36721,validation
36722,validation
36723,validation
36724,validation
36725,validation
36726,validation
36727,validation
36728,validation
36729,validation
36730,validation
36731,validation
36732,validation
36733,validation
36734,validation
36735,validation
36736,validation
36737,validation
36738,validation
36739,validation
36740,validation
36741,validation
36742,validation
36743,validation
36744,validation
36745,validation
36746,validation
36747,validation
36748,validation
36749,validation
36750,validation
36751,validation
36752,validation
36753,validation
36754,validation
36755,validation
36756,validation
36757,validation
36758,validation
36759,validation
36760,validation
36761,validation
36762,validation
36763,validation
36764,validation
36765,validation
36766,validation
36767,validation
36768,validation
36769,validation
36770,validation
36771,validation
36772,validation
36773,validation
36774,validation
36775,validation
36776,validation
36777,validation
36778,validation
36779,validation
36780,validation
36781,validation
36782,validation
36783,validation
36784,validation
36785,validation
36786,validation
36787,validation
36788,validation
36789,validation
36790,validation
36791,validation
36792,validation
36793,validation
36794,validation
36795,validation
36796,validation
36797,validation
36798,validation
36799,validation
36800,validation
36801,validation
36802,validation
36803,validation
36804,validation
36805,validation
36806,validation
36807,validation
36808,validation
36809,validation
36810,validation
36811,validation
36812,validation
36813,validation
36814,validation
36815,validation
36816,validation
36817,validation
36818,validation
36819,validation
36820,validation
36821,validation
36822,validation
36823,validation
36824,validation
36825,validation
36826,validation
36827,validation
36828,validation
36829,validation
36830,validation
36831,validation
36832,validation
36833,validation
36834,validation
36835,validation
36836,validation
36837,validation
36838,validation
36839,validation
36840,validation
36841,validation
36842,validation
36843,validation
36844,validation
36845,validation
36846,validation
36847,validation
36848,validation
36849,validation
36850,validation
36851,validation
36852,validation
36853,validation
36854,validation
36855,validation
36856,validation
36857,validation
36858,validation
36859,validation
36860,validation
36861,validation
36862,validation
36863,validation
36864,validation
36865,validation
36866,validation
36867,validation
36868,validation
36869,validation
36870,validation
36871,validation
36872,validation
36873,validation
36874,validation
36875,validation
36876,validation
36877,validation
36878,validation
36879,validation
36880,validation
36881,validation
36882,validation
36883,validation
36884,validation
36885,validation
36886,validation
36887,validation
36888,validation
36889,validation
36890,validation
36891,validation
36892,validation
36893,validation
36894,validation
36895,validation
36896,validation
36897,validation
36898,validation
36899,validation
36900,validation
36901,validation
36902,validation
36903,validation
36904,validation
36905,validation
36906,validation
36907,validation
36908,validation
36909,validation
36910,validation
36911,validation
36912,validation
36913,validation
36914,validation
36915,validation
36916,validation
36917,validation
36918,validation
36919,validation
36920,validation
36921,validation
36922,validation
36923,validation
36924,validation
36925,validation
36926,validation
36927,validation
36928,validation
36929,validation
36930,validation
36931,validation
36932,validation
36933,validation
36934,validation
36935,validation
36936,validation
36937,validation
36938,validation
36939,validation
36940,validation
36941,validation
36942,validation
36943,validation
36944,validation
36945,validation
36946,validation
36947,validation
36948,validation
36949,validation
36950,validation
36951,validation
36952,validation
36953,validation
36954,validation
36955,validation
36956,validation
36957,validation
36958,validation
36959,validation
36960,validation
36961,validation
36962,validation
36963,validation
36964,validation
36965,validation
36966,validation
36967,validation
36968,validation
36969,validation
36970,validation
36971,validation
36972,validation
36973,validation
36974,validation
36975,validation
36976,validation
36977,validation
36978,validation
36979,validation
36980,validation
36981,validation
36982,validation
36983,validation
36984,validation
36985,validation
36986,validation
36987,validation
36988,validation
36989,validation
36990,validation
36991,validation
36992,validation
36993,validation
36994,validation
36995,validation
36996,validation
36997,validation
36998,validation
36999,validation
37000,validation
37001,validation
37002,validation
37003,validation
37004,validation
37005,validation
37006,validation
37007,validation
37008,validation
37009,validation
37010,validation
37011,validation
37012,validation
37013,validation
37014,validation
37015,validation
37016,validation
37017,validation
37018,validation
37019,validation
37020,validation
37021,validation
37022,validation
37023,validation
37024,validation
37025,validation
37026,validation
37027,validation
37028,validation
37029,validation
37030,validation
37031,validation
37032,validation
37033,validation
37034,validation
37035,validation
37036,validation
37037,validation
37038,validation
37039,validation
37040,validation
37041,validation
37042,validation
37043,validation
37044,validation
37045,validation
37046,validation
37047,validation
37048,validation
37049,validation
37050,validation
37051,validation
37052,validation
37053,validation
37054,validation
37055,validation
37056,validation
37057,validation
37058,validation
37059,validation
37060,validation
37061,validation
37062,validation
37063,validation
37064,validation
37065,validation
37066,validation
37067,validation
37068,validation
37069,validation
37070,validation
37071,validation
37072,validation
37073,validation
37074,validation
37075,validation
37076,validation
37077,validation
37078,validation
37079,validation
37080,validation
37081,validation
37082,validation
37083,validation
37084,validation
37085,validation
37086,validation
37087,validation
37088,validation
37089,validation
37090,validation
37091,validation
37092,validation
37093,validation
37094,validation
37095,validation
37096,validation
37097,validation
37098,validation
37099,validation
37100,validation
37101,validation
37102,validation
37103,validation
37104,validation
37105,validation
37106,validation
37107,validation
37108,validation
37109,validation
37110,validation
37111,validation
37112,validation
37113,validation
37114,validation
37115,validation
37116,validation
37117,validation
37118,validation
37119,validation
37120,validation
37121,validation
37122,validation
37123,validation
37124,validation
37125,validation
37126,validation
37127,validation
37128,validation
37129,validation
37130,validation
37131,validation
37132,validation
37133,validation
37134,validation
37135,validation
37136,validation
37137,validation
37138,validation
37139,validation
37140,validation
37141,validation
37142,validation
37143,validation
37144,validation
37145,validation
37146,validation
37147,validation
37148,validation
37149,validation
37150,validation
37151,validation
37152,validation
37153,validation
37154,validation
37155,validation
37156,validation
37157,validation
37158,validation
37159,validation
37160,validation
37161,validation
37162,validation
37163,validation
37164,validation
37165,validation
37166,validation
37167,validation
37168,validation
37169,validation
37170,validation
37171,validation
37172,validation
37173,validation
37174,validation
37175,validation
37176,validation
37177,validation
37178,validation
37179,validation
37180,validation
37181,validation
37182,validation
37183,validation
37184,validation
37185,validation
37186,validation
37187,validation
37188,validation
37189,validation
37190,validation
37191,validation
37192,validation
37193,validation
37194,validation
37195,validation
37196,validation
37197,validation
37198,validation
37199,validation
37200,validation
37201,validation
37202,validation
37203,validation
37204,validation
37205,validation
37206,validation
37207,validation
37208,validation
37209,validation
37210,validation
37211,validation
37212,validation
37213,validation
37214,validation
37215,validation
37216,validation
37217,validation
37218,validation
37219,validation
37220,validation
37221,validation
37222,validation
37223,validation
37224,validation
37225,validation
37226,validation
37227,validation
37228,validation
37229,validation
37230,validation
37231,validation
37232,validation
37233,validation
37234,validation
37235,validation
37236,validation
37237,validation
37238,validation
37239,validation
37240,validation
37241,validation
37242,validation
37243,validation
37244,validation
37245,validation
37246,validation
37247,validation
37248,validation
37249,validation
37250,validation
37251,validation
37252,validation
37253,validation
37254,validation
37255,validation
37256,validation
37257,validation
37258,validation
37259,validation
37260,validation
37261,validation
37262,validation
37263,validation
37264,validation
37265,validation
37266,validation
37267,validation
37268,validation
37269,validation
37270,validation
37271,validation
37272,validation
37273,validation
37274,validation
37275,validation
37276,validation
37277,validation
37278,validation
37279,validation
37280,validation
37281,validation
37282,validation
37283,validation
37284,validation
37285,validation
37286,validation
37287,validation
37288,validation
37289,validation
37290,validation
37291,validation
37292,validation
37293,validation
37294,validation
37295,validation
37296,validation
37297,validation
37298,validation
37299,validation
37300,validation
37301,validation
37302,validation
37303,validation
37304,validation
37305,validation
37306,validation
37307,validation
37308,validation
37309,validation
37310,validation
37311,validation
37312,validation
37313,validation
37314,validation
37315,validation
37316,validation
37317,validation
37318,validation
37319,validation
37320,validation
37321,validation
37322,validation
37323,validation
37324,validation
37325,validation
37326,validation
37327,validation
37328,validation
37329,validation
37330,validation
37331,validation
37332,validation
37333,validation
37334,validation
37335,validation
37336,validation
37337,validation
37338,validation
37339,validation
37340,validation
37341,validation
37342,validation
37343,validation
37344,validation
37345,validation
37346,validation
37347,validation
37348,validation
37349,validation
37350,validation
37351,validation
37352,validation
37353,validation
37354,validation
37355,validation
37356,validation
37357,validation
37358,validation
37359,validation
37360,validation
37361,validation
37362,validation
37363,validation
37364,validation
37365,validation
37366,validation
37367,validation
37368,validation
37369,validation
37370,validation
37371,validation
37372,validation
37373,validation
37374,validation
37375,validation
37376,validation
37377,validation
37378,validation
37379,validation
37380,validation
37381,validation
37382,validation
37383,validation
37384,validation
37385,validation
37386,validation
37387,validation
37388,validation
37389,validation
37390,validation
37391,validation
37392,validation
37393,validation
37394,validation
37395,validation
37396,validation
37397,validation
37398,validation
37399,validation
37400,validation
37401,validation
37402,validation
37403,validation
37404,validation
37405,validation
37406,validation
37407,validation
37408,validation
37409,validation
37410,validation
37411,validation
37412,validation
37413,validation
37414,validation
37415,validation
37416,validation
37417,validation
37418,validation
37419,validation
37420,validation
37421,validation
37422,validation
37423,validation
37424,validation
37425,validation
37426,validation
37427,validation
37428,validation
37429,validation
37430,validation
37431,validation
37432,validation
37433,validation
37434,validation
37435,validation
37436,validation
37437,validation
37438,validation
37439,validation
37440,validation
37441,validation
37442,validation
37443,validation
37444,validation
37445,validation
37446,validation
37447,validation
37448,validation
37449,validation
37450,validation
37451,validation
37452,validation
37453,validation
37454,validation
37455,validation
37456,validation
37457,validation
37458,validation
37459,validation
37460,validation
37461,validation
37462,validation
37463,validation
37464,validation
37465,validation
37466,validation
37467,validation
37468,validation
37469,validation
37470,validation
37471,validation
37472,validation
37473,validation
37474,validation
37475,validation
37476,validation
37477,validation
37478,validation
37479,validation
37480,validation
37481,validation
37482,validation
37483,validation
37484,validation
37485,validation
37486,validation
37487,validation
37488,validation
37489,validation
37490,validation
37491,validation
37492,validation
37493,validation
37494,validation
37495,validation
37496,validation
37497,validation
37498,validation
37499,validation
37500,validation
37501,validation
37502,validation
37503,validation
37504,validation
37505,validation
37506,validation
37507,validation
37508,validation
37509,validation
37510,validation
37511,validation
37512,validation
37513,validation
37514,validation
37515,validation
37516,validation
37517,validation
37518,validation
37519,validation
37520,validation
37521,validation
37522,validation
37523,validation
37524,validation
37525,validation
37526,validation
37527,validation
37528,validation
37529,validation
37530,validation
37531,validation
37532,validation
37533,validation
37534,validation
37535,validation
37536,validation
37537,validation
37538,validation
37539,validation
37540,validation
37541,validation
37542,validation
37543,validation
37544,validation
37545,validation
37546,validation
37547,validation
37548,validation
37549,validation
37550,validation
37551,validation
37552,validation
37553,validation
37554,validation
37555,validation
37556,validation
37557,validation
37558,validation
37559,validation
37560,validation
37561,validation
37562,validation
37563,validation
37564,validation
37565,validation
37566,validation
37567,validation
37568,validation
37569,validation
37570,validation
37571,validation
37572,validation
37573,validation
37574,validation
37575,validation
37576,validation
37577,validation
37578,validation
37579,validation
37580,validation
37581,validation
37582,validation
37583,validation
37584,validation
37585,validation
37586,validation
37587,validation
37588,validation
37589,validation
37590,validation
37591,validation
37592,validation
37593,validation
37594,validation
37595,validation
37596,validation
37597,validation
37598,validation
37599,validation
37600,validation
37601,validation
37602,validation
37603,validation
37604,validation
37605,validation
37606,validation
37607,validation
37608,validation
37609,validation
37610,validation
37611,validation
37612,validation
37613,validation
37614,validation
37615,validation
37616,validation
37617,validation
37618,validation
37619,validation
37620,validation
37621,validation
37622,validation
37623,validation
37624,validation
37625,validation
37626,validation
37627,validation
37628,validation
37629,validation
37630,validation
37631,validation
37632,validation
37633,validation
37634,validation
37635,validation
37636,validation
37637,validation
37638,validation
37639,validation
37640,validation
37641,validation
37642,validation
37643,validation
37644,validation
37645,validation
37646,validation
37647,validation
37648,validation
37649,validation
37650,validation
37651,validation
37652,validation
37653,validation
37654,validation
37655,validation
37656,validation
37657,validation
37658,validation
37659,validation
37660,validation
37661,validation
37662,validation
37663,validation
37664,validation
37665,validation
37666,validation
37667,validation
37668,validation
37669,validation
37670,validation
37671,validation
37672,validation
37673,validation
37674,validation
37675,validation
37676,validation
37677,validation
37678,validation
37679,validation
37680,validation
37681,validation
37682,validation
37683,validation
37684,validation
37685,validation
37686,validation
37687,validation
37688,validation
37689,validation
37690,validation
37691,validation
37692,validation
37693,validation
37694,validation
37695,validation
37696,validation
37697,validation
37698,validation
37699,validation
37700,validation
37701,validation
37702,validation
37703,validation
37704,validation
37705,validation
37706,validation
37707,validation
37708,validation
37709,validation
37710,validation
37711,validation
37712,validation
37713,validation
37714,validation
37715,validation
37716,validation
37717,validation
37718,validation
37719,validation
37720,validation
37721,validation
37722,validation
37723,validation
37724,validation
37725,validation
37726,validation
37727,validation
37728,validation
37729,validation
37730,validation
37731,validation
37732,validation
37733,validation
37734,validation
37735,validation
37736,validation
37737,validation
37738,validation
37739,validation
37740,validation
37741,validation
37742,validation
37743,validation
37744,validation
37745,validation
37746,validation
37747,validation
37748,validation
37749,validation
37750,validation
37751,validation
37752,validation
37753,validation
37754,validation
37755,validation
37756,validation
37757,validation
37758,validation
37759,validation
37760,validation
37761,validation
37762,validation
37763,validation
37764,validation
37765,validation
37766,validation
37767,validation
37768,validation
37769,validation
37770,validation
37771,validation
37772,validation
37773,validation
37774,validation
37775,validation
37776,validation
37777,validation
37778,validation
37779,validation
37780,validation
37781,validation
37782,validation
37783,validation
37784,validation
37785,validation
37786,validation
37787,validation
37788,validation
37789,validation
37790,validation
37791,validation
37792,validation
37793,validation
37794,validation
37795,validation
37796,validation
37797,validation
37798,validation
37799,validation
37800,validation
37801,validation
37802,validation
37803,validation
37804,validation
37805,validation
37806,validation
37807,validation
37808,validation
37809,validation
37810,validation
37811,validation
37812,validation
37813,validation
37814,validation
37815,validation
37816,validation
37817,validation
37818,validation
37819,validation
37820,validation
37821,validation
37822,validation
37823,validation
37824,validation
37825,validation
37826,validation
37827,validation
37828,validation
37829,validation
37830,validation
37831,validation
37832,validation
37833,validation
37834,validation
37835,validation
37836,validation
37837,validation
37838,validation
37839,validation
37840,validation
37841,validation
37842,validation
37843,validation
37844,validation
37845,validation
37846,validation
37847,validation
37848,validation
37849,validation
37850,validation
37851,validation
37852,validation
37853,validation
37854,validation
37855,validation
37856,validation
37857,validation
37858,validation
37859,validation
37860,validation
37861,validation
37862,validation
37863,validation
37864,validation
37865,validation
37866,validation
37867,validation
37868,validation
37869,validation
37870,validation
37871,validation
37872,validation
37873,validation
37874,validation
37875,validation
37876,validation
37877,validation
37878,validation
37879,validation
37880,validation
37881,validation
37882,validation
37883,validation
37884,validation
37885,validation
37886,validation
37887,validation
37888,validation
37889,validation
37890,validation
37891,validation
37892,validation
37893,validation
37894,validation
37895,validation
37896,validation
37897,validation
37898,validation
37899,validation
37900,validation
37901,validation
37902,validation
37903,validation
37904,validation
37905,validation
37906,validation
37907,validation
37908,validation
37909,validation
37910,validation
37911,validation
37912,validation
37913,validation
37914,validation
37915,validation
37916,validation
37917,validation
37918,validation
37919,validation
37920,validation
37921,validation
37922,validation
37923,validation
37924,validation
37925,validation
37926,validation
37927,validation
37928,validation
37929,validation
37930,validation
37931,validation
37932,validation
37933,validation
37934,validation
37935,validation
37936,validation
37937,validation
37938,validation
37939,validation
37940,validation
37941,validation
37942,validation
37943,validation
37944,validation
37945,validation
37946,validation
37947,validation
37948,validation
37949,validation
37950,validation
37951,validation
37952,validation
37953,validation
37954,validation
37955,validation
37956,validation
37957,validation
37958,validation
37959,validation
37960,validation
37961,validation
37962,validation
37963,validation
37964,validation
37965,validation
37966,validation
37967,validation
37968,validation
37969,validation
37970,validation
37971,validation
37972,validation
37973,validation
37974,validation
37975,validation
37976,validation
37977,validation
37978,validation
37979,validation
37980,validation
37981,validation
37982,validation
37983,validation
37984,validation
37985,validation
37986,validation
37987,validation
37988,validation
37989,validation
37990,validation
37991,validation
37992,validation
37993,validation
37994,validation
37995,validation
37996,validation
37997,validation
37998,validation
37999,validation
38000,validation
38001,validation
38002,validation
38003,validation
38004,validation
38005,validation
38006,validation
38007,validation
38008,validation
38009,validation
38010,validation
38011,validation
38012,validation
38013,validation
38014,validation
38015,validation
38016,validation
38017,validation
38018,validation
38019,validation
38020,validation
38021,validation
38022,validation
38023,validation
38024,validation
38025,validation
38026,validation
38027,validation
38028,validation
38029,validation
38030,validation
38031,validation
38032,validation
38033,validation
38034,validation
38035,validation
38036,validation
38037,validation
38038,validation
38039,validation
38040,validation
38041,validation
38042,validation
38043,validation
38044,validation
38045,validation
38046,validation
38047,validation
38048,validation
38049,validation
38050,validation
38051,validation
38052,validation
38053,validation
38054,validation
38055,validation
38056,validation
38057,validation
38058,validation
38059,validation
38060,validation
38061,validation
38062,validation
38063,validation
38064,validation
38065,validation
38066,validation
38067,validation
38068,validation
38069,validation
38070,validation
38071,validation
38072,validation
38073,validation
38074,validation
38075,validation
38076,validation
38077,validation
38078,validation
38079,validation
38080,validation
38081,validation
38082,validation
38083,validation
38084,validation
38085,validation
38086,validation
38087,validation
38088,validation
38089,validation
38090,validation
38091,validation
38092,validation
38093,validation
38094,validation
38095,validation
38096,validation
38097,validation
38098,validation
38099,validation
38100,validation
38101,validation
38102,validation
38103,validation
38104,validation
38105,validation
38106,validation
38107,validation
38108,validation
38109,validation
38110,validation
38111,validation
38112,validation
38113,validation
38114,validation
38115,validation
38116,validation
38117,validation
38118,validation
38119,validation
38120,validation
38121,validation
38122,validation
38123,validation
38124,validation
38125,validation
38126,validation
38127,validation
38128,validation
38129,validation
38130,validation
38131,validation
38132,validation
38133,validation
38134,validation
38135,validation
38136,validation
38137,validation
38138,validation
38139,validation
38140,validation
38141,validation
38142,validation
38143,validation
38144,validation
38145,validation
38146,validation
38147,validation
38148,validation
38149,validation
38150,validation
38151,validation
38152,validation
38153,validation
38154,validation
38155,validation
38156,validation
38157,validation
38158,validation
38159,validation
38160,validation
38161,validation
38162,validation
38163,validation
38164,validation
38165,validation
38166,validation
38167,validation
38168,validation
38169,validation
38170,validation
38171,validation
38172,validation
38173,validation
38174,validation
38175,validation
38176,validation
38177,validation
38178,validation
38179,validation
38180,validation
38181,validation
38182,validation
38183,validation
38184,validation
38185,validation
38186,validation
38187,validation
38188,validation
38189,validation
38190,validation
38191,validation
38192,validation
38193,validation
38194,validation
38195,validation
38196,validation
38197,validation
38198,validation
38199,validation
38200,validation
38201,validation
38202,validation
38203,validation
38204,validation
38205,validation
38206,validation
38207,validation
38208,validation
38209,validation
38210,validation
38211,validation
38212,validation
38213,validation
38214,validation
38215,validation
38216,validation
38217,validation
38218,validation
38219,validation
38220,validation
38221,validation
38222,validation
38223,validation
38224,validation
38225,validation
38226,validation
38227,validation
38228,validation
38229,validation
38230,validation
38231,validation
38232,validation
38233,validation
38234,validation
38235,validation
38236,validation
38237,validation
38238,validation
38239,validation
38240,validation
38241,validation
38242,validation
38243,validation
38244,validation
38245,validation
38246,validation
38247,validation
38248,validation
38249,validation
38250,validation
38251,validation
38252,validation
38253,validation
38254,validation
38255,validation
38256,validation
38257,validation
38258,validation
38259,validation
38260,validation
38261,validation
38262,validation
38263,validation
38264,validation
38265,validation
38266,validation
38267,validation
38268,validation
38269,validation
38270,validation
38271,validation
38272,validation
38273,validation
38274,validation
38275,validation
38276,validation
38277,validation
38278,validation
38279,validation
38280,validation
38281,validation
38282,validation
38283,validation
38284,validation
38285,validation
38286,validation
38287,validation
38288,validation
38289,validation
38290,validation
38291,validation
38292,validation
38293,validation
38294,validation
38295,validation
38296,validation
38297,validation
38298,validation
38299,validation
38300,validation
38301,validation
38302,validation
38303,validation
38304,validation
38305,validation
38306,validation
38307,validation
38308,validation
38309,validation
38310,validation
38311,validation
38312,validation
38313,validation
38314,validation
38315,validation
38316,validation
38317,validation
38318,validation
38319,validation
38320,validation
38321,validation
38322,validation
38323,validation
38324,validation
38325,validation
38326,validation
38327,validation
38328,validation
38329,validation
38330,validation
38331,validation
38332,validation
38333,validation
38334,validation
38335,validation
38336,validation
38337,validation
38338,validation
38339,validation
38340,validation
38341,validation
38342,validation
38343,validation
38344,validation
38345,validation
38346,validation
38347,validation
38348,validation
38349,validation
38350,validation
38351,validation
38352,validation
38353,validation
38354,validation
38355,validation
38356,validation
38357,validation
38358,validation
38359,validation
38360,validation
38361,validation
38362,validation
38363,validation
38364,validation
38365,validation
38366,validation
38367,validation
38368,validation
38369,validation
38370,validation
38371,validation
38372,validation
38373,validation
38374,validation
38375,validation
38376,validation
38377,validation
38378,validation
38379,validation
38380,validation
38381,validation
38382,validation
38383,validation
38384,validation
38385,validation
38386,validation
38387,validation
38388,validation
38389,validation
38390,validation
38391,validation
38392,validation
38393,validation
38394,validation
38395,validation
38396,validation
38397,validation
38398,validation
38399,validation
38400,validation
38401,validation
38402,validation
38403,validation
38404,validation
38405,validation
38406,validation
38407,validation
38408,validation
38409,validation
38410,validation
38411,validation
38412,validation
38413,validation
38414,validation
38415,validation
38416,validation
38417,validation
38418,validation
38419,validation
38420,validation
38421,validation
38422,validation
38423,validation
38424,validation
38425,validation
38426,validation
38427,validation
38428,validation
38429,validation
38430,validation
38431,validation
38432,validation
38433,validation
38434,validation
38435,validation
38436,validation
38437,validation
38438,validation
38439,validation
38440,validation
38441,validation
38442,validation
38443,validation
38444,validation
38445,validation
38446,validation
38447,validation
38448,validation
38449,validation
38450,validation
38451,validation
38452,validation
38453,validation
38454,validation
38455,validation
38456,validation
38457,validation
38458,validation
38459,validation
38460,validation
38461,validation
38462,validation
38463,validation
38464,validation
38465,validation
38466,validation
38467,validation
38468,validation
38469,validation
38470,validation
38471,validation
38472,validation
38473,validation
38474,validation
38475,validation
38476,validation
38477,validation
38478,validation
38479,validation
38480,validation
38481,validation
38482,validation
38483,validation
38484,validation
38485,validation
38486,validation
38487,validation
38488,validation
38489,validation
38490,validation
38491,validation
38492,validation
38493,validation
38494,validation
38495,validation
38496,validation
38497,validation
38498,validation
38499,validation
38500,validation
38501,validation
38502,validation
38503,validation
38504,validation
38505,validation
38506,validation
38507,validation
38508,validation
38509,validation
38510,validation
38511,validation
38512,validation
38513,validation
38514,validation
38515,validation
38516,validation
38517,validation
38518,validation
38519,validation
38520,validation
38521,validation
38522,validation
38523,validation
38524,validation
38525,validation
38526,validation
38527,validation
38528,validation
38529,validation
38530,validation
38531,validation
38532,validation
38533,validation
38534,validation
38535,validation
38536,validation
38537,validation
38538,validation
38539,validation
38540,validation
38541,validation
38542,validation
38543,validation
38544,validation
38545,validation
38546,validation
38547,validation
38548,validation
38549,validation
38550,validation
38551,validation
38552,validation
38553,validation
38554,validation
38555,validation
38556,validation
38557,validation
38558,validation
38559,validation
38560,validation
38561,validation
38562,validation
38563,validation
38564,validation
38565,validation
38566,validation
38567,validation
38568,validation
38569,validation
38570,validation
38571,validation
38572,validation
38573,validation
38574,validation
38575,validation
38576,validation
38577,validation
38578,validation
38579,validation
38580,validation
38581,validation
38582,validation
38583,validation
38584,validation
38585,validation
38586,validation
38587,validation
38588,validation
38589,validation
38590,validation
38591,validation
38592,validation
38593,validation
38594,validation
38595,validation
38596,validation
38597,validation
38598,validation
38599,validation
38600,validation
38601,validation
38602,validation
38603,validation
38604,validation
38605,validation
38606,validation
38607,validation
38608,validation
38609,validation
38610,validation
38611,validation
38612,validation
38613,validation
38614,validation
38615,validation
38616,validation
38617,validation
38618,validation
38619,validation
38620,validation
38621,validation
38622,validation
38623,validation
38624,validation
38625,validation
38626,validation
38627,validation
38628,validation
38629,validation
38630,validation
38631,validation
38632,validation
38633,validation
38634,validation
38635,validation
38636,validation
38637,validation
38638,validation
38639,validation
38640,validation
38641,validation
38642,validation
38643,validation
38644,validation
38645,validation
38646,validation
38647,validation
38648,validation
38649,validation
38650,validation
38651,validation
38652,validation
38653,validation
38654,validation
38655,validation
38656,validation
38657,validation
38658,validation
38659,validation
38660,validation
38661,validation
38662,validation
38663,validation
38664,validation
38665,validation
38666,validation
38667,validation
38668,validation
38669,validation
38670,validation
38671,validation
38672,validation
38673,validation
38674,validation
38675,validation
38676,validation
38677,validation
38678,validation
38679,validation
38680,validation
38681,validation
38682,validation
38683,validation
38684,validation
38685,validation
38686,validation
38687,validation
38688,validation
38689,validation
38690,validation
38691,validation
38692,validation
38693,validation
38694,validation
38695,validation
38696,validation
38697,validation
38698,validation
38699,validation
38700,validation
38701,validation
38702,validation
38703,validation
38704,validation
38705,validation
38706,validation
38707,validation
38708,validation
38709,validation
38710,validation
38711,validation
38712,validation
38713,validation
38714,validation
38715,validation
38716,validation
38717,validation
38718,validation
38719,validation
38720,validation
38721,validation
38722,validation
38723,validation
38724,validation
38725,validation
38726,validation
38727,validation
38728,validation
38729,validation
38730,validation
38731,validation
38732,validation
38733,validation
38734,validation
38735,validation
38736,validation
38737,validation
38738,validation
38739,validation
38740,validation
38741,validation
38742,validation
38743,validation
38744,validation
38745,validation
38746,validation
38747,validation
38748,validation
38749,validation
38750,validation
38751,validation
38752,validation
38753,validation
38754,validation
38755,validation
38756,validation
38757,validation
38758,validation
38759,validation
38760,validation
38761,validation
38762,validation
38763,validation
38764,validation
38765,validation
38766,validation
38767,validation
38768,validation
38769,validation
38770,validation
38771,validation
38772,validation
38773,validation
38774,validation
38775,validation
38776,validation
38777,validation
38778,validation
38779,validation
38780,validation
38781,validation
38782,validation
38783,validation
38784,validation
38785,validation
38786,validation
38787,validation
38788,validation
38789,validation
38790,validation
38791,validation
38792,validation
38793,validation
38794,validation
38795,validation
38796,validation
38797,validation
38798,validation
38799,validation
38800,validation
38801,validation
38802,validation
38803,validation
38804,validation
38805,validation
38806,validation
38807,validation
38808,validation
38809,validation
38810,validation
38811,validation
38812,validation
38813,validation
38814,validation
38815,validation
38816,validation
38817,validation
38818,validation
38819,validation
38820,validation
38821,validation
38822,validation
38823,validation
38824,validation
38825,validation
38826,validation
38827,validation
38828,validation
38829,validation
38830,validation
38831,validation
38832,validation
38833,validation
38834,validation
38835,validation
38836,validation
38837,validation
38838,validation
38839,validation
38840,validation
38841,validation
38842,validation
38843,validation
38844,validation
38845,validation
38846,validation
38847,validation
38848,validation
38849,validation
38850,validation
38851,validation
38852,validation
38853,validation
38854,validation
38855,validation
38856,validation
38857,validation
38858,validation
38859,validation
38860,validation
38861,validation
38862,validation
38863,validation
38864,validation
38865,validation
38866,validation
38867,validation
38868,validation
38869,validation
38870,validation
38871,validation
38872,validation
38873,validation
38874,validation
38875,validation
38876,validation
38877,validation
38878,validation
38879,validation
38880,validation
38881,validation
38882,validation
38883,validation
38884,validation
38885,validation
38886,validation
38887,validation
38888,validation
38889,validation
38890,validation
38891,validation
38892,validation
38893,validation
38894,validation
38895,validation
38896,validation
38897,validation
38898,validation
38899,validation
38900,validation
38901,validation
38902,validation
38903,validation
38904,validation
38905,validation
38906,validation
38907,validation
38908,validation
38909,validation
38910,validation
38911,validation
38912,validation
38913,validation
38914,validation
38915,validation
38916,validation
38917,validation
38918,validation
38919,validation
38920,validation
38921,validation
38922,validation
38923,validation
38924,validation
38925,validation
38926,validation
38927,validation
38928,validation
38929,validation
38930,validation
38931,validation
38932,validation
38933,validation
38934,validation
38935,validation
38936,validation
38937,validation
38938,validation
38939,validation
38940,validation
38941,validation
38942,validation
38943,validation
38944,validation
38945,validation
38946,validation
38947,validation
38948,validation
38949,validation
38950,validation
38951,validation
38952,validation
38953,validation
38954,validation
38955,validation
38956,validation
38957,validation
38958,validation
38959,validation
38960,validation
38961,validation
38962,validation
38963,validation
38964,validation
38965,validation
38966,validation
38967,validation
38968,validation
38969,validation
38970,validation
38971,validation
38972,validation
38973,validation
38974,validation
38975,validation
38976,validation
38977,validation
38978,validation
38979,validation
38980,validation
38981,validation
38982,validation
38983,validation
38984,validation
38985,validation
38986,validation
38987,validation
38988,validation
38989,validation
38990,validation
38991,validation
38992,validation
38993,validation
38994,validation
38995,validation
38996,validation
38997,validation
38998,validation
38999,validation
39000,validation
39001,validation
39002,validation
39003,validation
39004,validation
39005,validation
39006,validation
39007,validation
39008,validation
39009,validation
39010,validation
39011,validation
39012,validation
39013,validation
39014,validation
39015,validation
39016,validation
39017,validation
39018,validation
39019,validation
39020,validation
39021,validation
39022,validation
39023,validation
39024,validation
39025,validation
39026,validation
39027,validation
39028,validation
39029,validation
39030,validation
39031,validation
39032,validation
39033,validation
39034,validation
39035,validation
39036,validation
39037,validation
39038,validation
39039,validation
39040,validation
39041,validation
39042,validation
39043,validation
39044,validation
39045,validation
39046,validation
39047,validation
39048,validation
39049,validation
39050,validation
39051,validation
39052,validation
39053,validation
39054,validation
39055,validation
39056,validation
39057,validation
39058,validation
39059,validation
39060,validation
39061,validation
39062,validation
39063,validation
39064,validation
39065,validation
39066,validation
39067,validation
39068,validation
39069,validation
39070,validation
39071,validation
39072,validation
39073,validation
39074,validation
39075,validation
39076,validation
39077,validation
39078,validation
39079,validation
39080,validation
39081,validation
39082,validation
39083,validation
39084,validation
39085,validation
39086,validation
39087,validation
39088,validation
39089,validation
39090,validation
39091,validation
39092,validation
39093,validation
39094,validation
39095,validation
39096,validation
39097,validation
39098,validation
39099,validation
39100,validation
39101,validation
39102,validation
39103,validation
39104,validation
39105,validation
39106,validation
39107,validation
39108,validation
39109,validation
39110,validation
39111,validation
39112,validation
39113,validation
39114,validation
39115,validation
39116,validation
39117,validation
39118,validation
39119,validation
39120,validation
39121,validation
39122,validation
39123,validation
39124,validation
39125,validation
39126,validation
39127,validation
39128,validation
39129,validation
39130,validation
39131,validation
39132,validation
39133,validation
39134,validation
39135,validation
39136,validation
39137,validation
39138,validation
39139,validation
39140,validation
39141,validation
39142,validation
39143,validation
39144,validation
39145,validation
39146,validation
39147,validation
39148,validation
39149,validation
39150,validation
39151,validation
39152,validation
39153,validation
39154,validation
39155,validation
39156,validation
39157,validation
39158,validation
39159,validation
39160,validation
39161,validation
39162,validation
39163,validation
39164,validation
39165,validation
39166,validation
39167,validation
39168,validation
39169,validation
39170,validation
39171,validation
39172,validation
39173,validation
39174,validation
39175,validation
39176,validation
39177,validation
39178,validation
39179,validation
39180,validation
39181,validation
39182,validation
39183,validation
39184,validation
39185,validation
39186,validation
39187,validation
39188,validation
39189,validation
39190,validation
39191,validation
39192,validation
39193,validation
39194,validation
39195,validation
39196,validation
39197,validation
39198,validation
39199,validation
39200,validation
39201,validation
39202,validation
39203,validation
39204,validation
39205,validation
39206,validation
39207,validation
39208,validation
39209,validation
39210,validation
39211,validation
39212,validation
39213,validation
39214,validation
39215,validation
39216,validation
39217,validation
39218,validation
39219,validation
39220,validation
39221,validation
39222,validation
39223,validation
39224,validation
39225,validation
39226,validation
39227,validation
39228,validation
39229,validation
39230,validation
39231,validation
39232,validation
39233,validation
39234,validation
39235,validation
39236,validation
39237,validation
39238,validation
39239,validation
39240,validation
39241,validation
39242,validation
39243,validation
39244,validation
39245,validation
39246,validation
39247,validation
39248,validation
39249,validation
39250,validation
39251,validation
39252,validation
39253,validation
39254,validation
39255,validation
39256,validation
39257,validation
39258,validation
39259,validation
39260,validation
39261,validation
39262,validation
39263,validation
39264,validation
39265,validation
39266,validation
39267,validation
39268,validation
39269,validation
39270,validation
39271,validation
39272,validation
39273,validation
39274,validation
39275,validation
39276,validation
39277,validation
39278,validation
39279,validation
39280,validation
39281,validation
39282,validation
39283,validation
39284,validation
39285,validation
39286,validation
39287,validation
39288,validation
39289,validation
39290,validation
39291,validation
39292,validation
39293,validation
39294,validation
39295,validation
39296,validation
39297,validation
39298,validation
39299,validation
39300,validation
39301,validation
39302,validation
39303,validation
39304,validation
39305,validation
39306,validation
39307,validation
39308,validation
39309,validation
39310,validation
39311,validation
39312,validation
39313,validation
39314,validation
39315,validation
39316,validation
39317,validation
39318,validation
39319,validation
39320,validation
39321,validation
39322,validation
39323,validation
39324,validation
39325,validation
39326,validation
39327,validation
39328,validation
39329,validation
39330,validation
39331,validation
39332,validation
39333,validation
39334,validation
39335,validation
39336,validation
39337,validation
39338,validation
39339,validation
39340,validation
39341,validation
39342,validation
39343,validation
39344,validation
39345,validation
39346,validation
39347,validation
39348,validation
39349,validation
39350,validation
39351,validation
39352,validation
39353,validation
39354,validation
39355,validation
39356,validation
39357,validation
39358,validation
39359,validation
39360,validation
39361,validation
39362,validation
39363,validation
39364,validation
39365,validation
39366,validation
39367,validation
39368,validation
39369,validation
39370,validation
39371,validation
39372,validation
39373,validation
39374,validation
39375,validation
39376,validation
39377,validation
39378,validation
39379,validation
39380,validation
39381,validation
39382,validation
39383,validation
39384,validation
39385,validation
39386,validation
39387,validation
39388,validation
39389,validation
39390,validation
39391,validation
39392,validation
39393,validation
39394,validation
39395,validation
39396,validation
39397,validation
39398,validation
39399,validation
39400,validation
39401,validation
39402,validation
39403,validation
39404,validation
39405,validation
39406,validation
39407,validation
39408,validation
39409,validation
39410,validation
39411,validation
39412,validation
39413,validation
39414,validation
39415,validation
39416,validation
39417,validation
39418,validation
39419,validation
39420,validation
39421,validation
39422,validation
39423,validation
39424,validation
39425,validation
39426,validation
39427,validation
39428,validation
39429,validation
39430,validation
39431,validation
39432,validation
39433,validation
39434,validation
39435,validation
39436,validation
39437,validation
39438,validation
39439,validation
39440,validation
39441,validation
39442,validation
39443,validation
39444,validation
39445,validation
39446,validation
39447,validation
39448,validation
39449,validation
39450,validation
39451,validation
39452,validation
39453,validation
39454,validation
39455,validation
39456,validation
39457,validation
39458,validation
39459,validation
39460,validation
39461,validation
39462,validation
39463,validation
39464,validation
39465,validation
39466,validation
39467,validation
39468,validation
39469,validation
39470,validation
39471,validation
39472,validation
39473,validation
39474,validation
39475,validation
39476,validation
39477,validation
39478,validation
39479,validation
39480,validation
39481,validation
39482,validation
39483,validation
39484,validation
39485,validation
39486,validation
39487,validation
39488,validation
39489,validation
39490,validation
39491,validation
39492,validation
39493,validation
39494,validation
39495,validation
39496,validation
39497,validation
39498,validation
39499,validation
39500,validation
39501,validation
39502,validation
39503,validation
39504,validation
39505,validation
39506,validation
39507,validation
39508,validation
39509,validation
39510,validation
39511,validation
39512,validation
39513,validation
39514,validation
39515,validation
39516,validation
39517,validation
39518,validation
39519,validation
39520,validation
39521,validation
39522,validation
39523,validation
39524,validation
39525,validation
39526,validation
39527,validation
39528,validation
39529,validation
39530,validation
39531,validation
39532,validation
39533,validation
39534,validation
39535,validation
39536,validation
39537,validation
39538,validation
39539,validation
39540,validation
39541,validation
39542,validation
39543,validation
39544,validation
39545,validation
39546,validation
39547,validation
39548,validation
39549,validation
39550,validation
39551,validation
39552,validation
39553,validation
39554,validation
39555,validation
39556,validation
39557,validation
39558,validation
39559,validation
39560,validation
39561,validation
39562,validation
39563,validation
39564,validation
39565,validation
39566,validation
39567,validation
39568,validation
39569,validation
39570,validation
39571,validation
39572,validation
39573,validation
39574,validation
39575,validation
39576,validation
39577,validation
39578,validation
39579,validation
39580,validation
39581,validation
39582,validation
39583,validation
39584,validation
39585,validation
39586,validation
39587,validation
39588,validation
39589,validation
39590,validation
39591,validation
39592,validation
39593,validation
39594,validation
39595,validation
39596,validation
39597,validation
39598,validation
39599,validation
39600,validation
39601,validation
39602,validation
39603,validation
39604,validation
39605,validation
39606,validation
39607,validation
39608,validation
39609,validation
39610,validation
39611,validation
39612,validation
39613,validation
39614,validation
39615,validation
39616,validation
39617,validation
39618,validation
39619,validation
39620,validation
39621,validation
39622,validation
39623,validation
39624,validation
39625,validation
39626,validation
39627,validation
39628,validation
39629,validation
39630,validation
39631,validation
39632,validation
39633,validation
39634,validation
39635,validation
39636,validation
39637,validation
39638,validation
39639,validation
39640,validation
39641,validation
39642,validation
39643,validation
39644,validation
39645,validation
39646,validation
39647,validation
39648,validation
39649,validation
39650,validation
39651,validation
39652,validation
39653,validation
39654,validation
39655,validation
39656,validation
39657,validation
39658,validation
39659,validation
39660,validation
39661,validation
39662,validation
39663,validation
39664,validation
39665,validation
39666,validation
39667,validation
39668,validation
39669,validation
39670,validation
39671,validation
39672,validation
39673,validation
39674,validation
39675,validation
39676,validation
39677,validation
39678,validation
39679,validation
39680,validation
39681,validation
39682,validation
39683,validation
39684,validation
39685,validation
39686,validation
39687,validation
39688,validation
39689,validation
39690,validation
39691,validation
39692,validation
39693,validation
39694,validation
39695,validation
39696,validation
39697,validation
39698,validation
39699,validation
39700,validation
39701,validation
39702,validation
39703,validation
39704,validation
39705,validation
39706,validation
39707,validation
39708,validation
39709,validation
39710,validation
39711,validation
39712,validation
39713,validation
39714,validation
39715,validation
39716,validation
39717,validation
39718,validation
39719,validation
39720,validation
39721,validation
39722,validation
39723,validation
39724,validation
39725,validation
39726,validation
39727,validation
39728,validation
39729,validation
39730,validation
39731,validation
39732,validation
39733,validation
39734,validation
39735,validation
39736,validation
39737,validation
39738,validation
39739,validation
39740,validation
39741,validation
39742,validation
39743,validation
39744,validation
39745,validation
39746,validation
39747,validation
39748,validation
39749,validation
39750,validation
39751,validation
39752,validation
39753,validation
39754,validation
39755,validation
39756,validation
39757,validation
39758,validation
39759,validation
39760,validation
39761,validation
39762,validation
39763,validation
39764,validation
39765,validation
39766,validation
39767,validation
39768,validation
39769,validation
39770,validation
39771,validation
39772,validation
39773,validation
39774,validation
39775,validation
39776,validation
39777,validation
39778,validation
39779,validation
39780,validation
39781,validation
39782,validation
39783,validation
39784,validation
39785,validation
39786,validation
39787,validation
39788,validation
39789,validation
39790,validation
39791,validation
39792,validation
39793,validation
39794,validation
39795,validation
39796,validation
39797,validation
39798,validation
39799,validation
39800,validation
39801,validation
39802,validation
39803,validation
39804,validation
39805,validation
39806,validation
39807,validation
39808,validation
39809,validation
39810,validation
39811,validation
39812,validation
39813,validation
39814,validation
39815,validation
39816,validation
39817,validation
39818,validation
39819,validation
39820,validation
39821,validation
39822,validation
39823,validation
39824,validation
39825,validation
39826,validation
39827,validation
39828,validation
39829,validation
39830,validation
39831,validation
39832,validation
39833,validation
39834,validation
39835,validation
39836,validation
39837,validation
39838,validation
39839,validation
39840,validation
39841,validation
39842,validation
39843,validation
39844,validation
39845,validation
39846,validation
39847,validation
39848,validation
39849,validation
39850,validation
39851,validation
39852,validation
39853,validation
39854,validation
39855,validation
39856,validation
39857,validation
39858,validation
39859,validation
39860,validation
39861,validation
39862,validation
39863,validation
39864,validation
39865,validation
39866,validation
39867,validation
39868,validation
39869,validation
39870,validation
39871,validation
39872,validation
39873,validation
39874,validation
39875,validation
39876,validation
39877,validation
39878,validation
39879,validation
39880,validation
39881,validation
39882,validation
39883,validation
39884,validation
39885,validation
39886,validation
39887,validation
39888,validation
39889,validation
39890,validation
39891,validation
39892,validation
39893,validation
39894,validation
39895,validation
39896,validation
39897,validation
39898,validation
39899,validation
39900,validation
39901,validation
39902,validation
39903,validation
39904,validation
39905,validation
39906,validation
39907,validation
39908,validation
39909,validation
39910,validation
39911,validation
39912,validation
39913,validation
39914,validation
39915,validation
39916,validation
39917,validation
39918,validation
39919,validation
39920,validation
39921,validation
39922,validation
39923,validation
39924,validation
39925,validation
39926,validation
39927,validation
39928,validation
39929,validation
39930,validation
39931,validation
39932,validation
39933,validation
39934,validation
39935,validation
39936,validation
39937,validation
39938,validation
39939,validation
39940,validation
39941,validation
39942,validation
39943,validation
39944,validation
39945,validation
39946,validation
39947,validation
39948,validation
39949,validation
39950,validation
39951,validation
39952,validation
39953,validation
39954,validation
39955,validation
39956,validation
39957,validation
39958,validation
39959,validation
39960,validation
39961,validation
39962,validation
39963,validation
39964,validation
39965,validation
39966,validation
39967,validation
39968,validation
39969,validation
39970,validation
39971,validation
39972,validation
39973,validation
39974,validation
39975,validation
39976,validation
39977,validation
39978,validation
39979,validation
39980,validation
39981,validation
39982,validation
39983,validation
39984,validation
39985,validation
39986,validation
39987,validation
39988,validation
39989,validation
39990,validation
39991,validation
39992,validation
39993,validation
39994,validation
39995,validation
39996,validation
39997,validation
39998,validation
39999,validation
40000,validation
40001,validation
40002,validation
40003,validation
40004,validation
40005,validation
40006,validation
40007,validation
40008,validation
40009,validation
40010,validation
40011,validation
40012,validation
40013,validation
40014,validation
40015,validation
40016,validation
40017,validation
40018,validation
40019,validation
40020,validation
40021,validation
40022,validation
40023,validation
40024,validation
40025,validation
40026,validation
40027,validation
40028,validation
40029,validation
40030,validation
40031,validation
40032,validation
40033,validation
40034,validation
40035,validation
40036,validation
40037,validation
40038,validation
40039,validation
40040,validation
40041,validation
40042,validation
40043,validation
40044,validation
40045,validation
40046,validation
40047,validation
40048,validation
40049,validation
40050,validation
40051,validation
40052,validation
40053,validation
40054,validation
40055,validation
40056,validation
40057,validation
40058,validation
40059,validation
40060,validation
40061,validation
40062,validation
40063,validation
40064,validation
40065,validation
40066,validation
40067,validation
40068,validation
40069,validation
40070,validation
40071,validation
40072,validation
40073,validation
40074,validation
40075,validation
40076,validation
40077,validation
40078,validation
40079,validation
40080,validation
40081,validation
40082,validation
40083,validation
40084,validation
40085,validation
40086,validation
40087,validation
40088,validation
40089,validation
40090,validation
40091,validation
40092,validation
40093,validation
40094,validation
40095,validation
40096,validation
40097,validation
40098,validation
40099,validation
40100,validation
40101,validation
40102,validation
40103,validation
40104,validation
40105,validation
40106,validation
40107,validation
40108,validation
40109,validation
40110,validation
40111,validation
40112,validation
40113,validation
40114,validation
40115,validation
40116,validation
40117,validation
40118,validation
40119,validation
40120,validation
40121,validation
40122,validation
40123,validation
40124,validation
40125,validation
40126,validation
40127,validation
40128,validation
40129,validation
40130,validation
40131,validation
40132,validation
40133,validation
40134,validation
40135,validation
40136,validation
40137,validation
40138,validation
40139,validation
40140,validation
40141,validation
40142,validation
40143,validation
40144,validation
40145,validation
40146,validation
40147,validation
40148,validation
40149,validation
40150,validation
40151,validation
40152,validation
40153,validation
40154,validation
40155,validation
40156,validation
40157,validation
40158,validation
40159,validation
40160,validation
40161,validation
40162,validation
40163,validation
40164,validation
40165,validation
40166,validation
40167,validation
40168,validation
40169,validation
40170,validation
40171,validation
40172,validation
40173,validation
40174,validation
40175,validation
40176,validation
40177,validation
40178,validation
40179,validation
40180,validation
40181,validation
40182,validation
40183,validation
40184,validation
40185,validation
40186,validation
40187,validation
40188,validation
40189,validation
40190,validation
40191,validation
40192,validation
40193,validation
40194,validation
40195,validation
40196,validation
40197,validation
40198,validation
40199,validation
40200,validation
40201,validation
40202,validation
40203,validation
40204,validation
40205,validation
40206,validation
40207,validation
40208,validation
40209,validation
40210,validation
40211,validation
40212,validation
40213,validation
40214,validation
40215,validation
40216,validation
40217,validation
40218,validation
40219,validation
40220,validation
40221,validation
40222,validation
40223,validation
40224,validation
40225,validation
40226,validation
40227,validation
40228,validation
40229,validation
40230,validation
40231,validation
40232,validation
40233,validation
40234,validation
40235,validation
40236,validation
40237,validation
40238,validation
40239,validation
40240,validation
40241,validation
40242,validation
40243,validation
40244,validation
40245,validation
40246,validation
40247,validation
40248,validation
40249,validation
40250,validation
40251,validation
40252,validation
40253,validation
40254,validation
40255,validation
40256,validation
40257,validation
40258,validation
40259,validation
40260,validation
40261,validation
40262,validation
40263,validation
40264,validation
40265,validation
40266,validation
40267,validation
40268,validation
40269,validation
40270,validation
40271,validation
40272,validation
40273,test
40274,test
40275,test
40276,test
40277,test
40278,test
40279,test
40280,test
40281,test
40282,test
40283,test
40284,test
40285,test
40286,test
40287,test
40288,test
40289,test
40290,test
40291,test
40292,test
40293,test
40294,test
40295,test
40296,test
40297,test
40298,test
40299,test
40300,test
40301,test
40302,test
40303,test
40304,test
40305,test
40306,test
40307,test
40308,test
40309,test
40310,test
40311,test
40312,test
40313,test
40314,test
40315,test
40316,test
40317,test
40318,test
40319,test
40320,test
40321,test
40322,test
40323,test
40324,test
40325,test
40326,test
40327,test
40328,test
40329,test
40330,test
40331,test
40332,test
40333,test
40334,test
40335,test
40336,test
40337,test
40338,test
40339,test
40340,test
40341,test
40342,test
40343,test
40344,test
40345,test
40346,test
40347,test
40348,test
40349,test
40350,test
40351,test
40352,test
40353,test
40354,test
40355,test
40356,test
40357,test
40358,test
40359,test
40360,test
40361,test
40362,test
40363,test
40364,test
40365,test
40366,test
40367,test
40368,test
40369,test
40370,test
40371,test
40372,test
40373,test
40374,test
40375,test
40376,test
40377,test
40378,test
40379,test
40380,test
40381,test
40382,test
40383,test
40384,test
40385,test
40386,test
40387,test
40388,test
40389,test
40390,test
40391,test
40392,test
40393,test
40394,test
40395,test
40396,test
40397,test
40398,test
40399,test
40400,test
40401,test
40402,test
40403,test
40404,test
40405,test
40406,test
40407,test
40408,test
40409,test
40410,test
40411,test
40412,test
40413,test
40414,test
40415,test
40416,test
40417,test
40418,test
40419,test
40420,test
40421,test
40422,test
40423,test
40424,test
40425,test
40426,test
40427,test
40428,test
40429,test
40430,test
40431,test
40432,test
40433,test
40434,test
40435,test
40436,test
40437,test
40438,test
40439,test
40440,test
40441,test
40442,test
40443,test
40444,test
40445,test
40446,test
40447,test
40448,test
40449,test
40450,test
40451,test
40452,test
40453,test
40454,test
40455,test
40456,test
40457,test
40458,test
40459,test
40460,test
40461,test
40462,test
40463,test
40464,test
40465,test
40466,test
40467,test
40468,test
40469,test
40470,test
40471,test
40472,test
40473,test
40474,test
40475,test
40476,test
40477,test
40478,test
40479,test
40480,test
40481,test
40482,test
40483,test
40484,test
40485,test
40486,test
40487,test
40488,test
40489,test
40490,test
40491,test
40492,test
40493,test
40494,test
40495,test
40496,test
40497,test
40498,test
40499,test
40500,test
40501,test
40502,test
40503,test
40504,test
40505,test
40506,test
40507,test
40508,test
40509,test
40510,test
40511,test
40512,test
40513,test
40514,test
40515,test
40516,test
40517,test
40518,test
40519,test
40520,test
40521,test
40522,test
40523,test
40524,test
40525,test
40526,test
40527,test
40528,test
40529,test
40530,test
40531,test
40532,test
40533,test
40534,test
40535,test
40536,test
40537,test
40538,test
40539,test
40540,test
40541,test
40542,test
40543,test
40544,test
40545,test
40546,test
40547,test
40548,test
40549,test
40550,test
40551,test
40552,test
40553,test
40554,test
40555,test
40556,test
40557,test
40558,test
40559,test
40560,test
40561,test
40562,test
40563,test
40564,test
40565,test
40566,test
40567,test
40568,test
40569,test
40570,test
40571,test
40572,test
40573,test
40574,test
40575,test
40576,test
40577,test
40578,test
40579,test
40580,test
40581,test
40582,test
40583,test
40584,test
40585,test
40586,test
40587,test
40588,test
40589,test
40590,test
40591,test
40592,test
40593,test
40594,test
40595,test
40596,test
40597,test
40598,test
40599,test
40600,test
40601,test
40602,test
40603,test
40604,test
40605,test
40606,test
40607,test
40608,test
40609,test
40610,test
40611,test
40612,test
40613,test
40614,test
40615,test
40616,test
40617,test
40618,test
40619,test
40620,test
40621,test
40622,test
40623,test
40624,test
40625,test
40626,test
40627,test
40628,test
40629,test
40630,test
40631,test
40632,test
40633,test
40634,test
40635,test
40636,test
40637,test
40638,test
40639,test
40640,test
40641,test
40642,test
40643,test
40644,test
40645,test
40646,test
40647,test
40648,test
40649,test
40650,test
40651,test
40652,test
40653,test
40654,test
40655,test
40656,test
40657,test
40658,test
40659,test
40660,test
40661,test
40662,test
40663,test
40664,test
40665,test
40666,test
40667,test
40668,test
40669,test
40670,test
40671,test
40672,test
40673,test
40674,test
40675,test
40676,test
40677,test
40678,test
40679,test
40680,test
40681,test
40682,test
40683,test
40684,test
40685,test
40686,test
40687,test
40688,test
40689,test
40690,test
40691,test
40692,test
40693,test
40694,test
40695,test
40696,test
40697,test
40698,test
40699,test
40700,test
40701,test
40702,test
40703,test
40704,test
40705,test
40706,test
40707,test
40708,test
40709,test
40710,test
40711,test
40712,test
40713,test
40714,test
40715,test
40716,test
40717,test
40718,test
40719,test
40720,test
40721,test
40722,test
40723,test
40724,test
40725,test
40726,test
40727,test
40728,test
40729,test
40730,test
40731,test
40732,test
40733,test
40734,test
40735,test
40736,test
40737,test
40738,test
40739,test
40740,test
40741,test
40742,test
40743,test
40744,test
40745,test
40746,test
40747,test
40748,test
40749,test
40750,test
40751,test
40752,test
40753,test
40754,test
40755,test
40756,test
40757,test
40758,test
40759,test
40760,test
40761,test
40762,test
40763,test
40764,test
40765,test
40766,test
40767,test
40768,test
40769,test
40770,test
40771,test
40772,test
40773,test
40774,test
40775,test
40776,test
40777,test
40778,test
40779,test
40780,test
40781,test
40782,test
40783,test
40784,test
40785,test
40786,test
40787,test
40788,test
40789,test
40790,test
40791,test
40792,test
40793,test
40794,test
40795,test
40796,test
40797,test
40798,test
40799,test
40800,test
40801,test
40802,test
40803,test
40804,test
40805,test
40806,test
40807,test
40808,test
40809,test
40810,test
40811,test
40812,test
40813,test
40814,test
40815,test
40816,test
40817,test
40818,test
40819,test
40820,test
40821,test
40822,test
40823,test
40824,test
40825,test
40826,test
40827,test
40828,test
40829,test
40830,test
40831,test
40832,test
40833,test
40834,test
40835,test
40836,test
40837,test
40838,test
40839,test
40840,test
40841,test
40842,test
40843,test
40844,test
40845,test
40846,test
40847,test
40848,test
40849,test
40850,test
40851,test
40852,test
40853,test
40854,test
40855,test
40856,test
40857,test
40858,test
40859,test
40860,test
40861,test
40862,test
40863,test
40864,test
40865,test
40866,test
40867,test
40868,test
40869,test
40870,test
40871,test
40872,test
40873,test
40874,test
40875,test
40876,test
40877,test
40878,test
40879,test
40880,test
40881,test
40882,test
40883,test
40884,test
40885,test
40886,test
40887,test
40888,test
40889,test
40890,test
40891,test
40892,test
40893,test
40894,test
40895,test
40896,test
40897,test
40898,test
40899,test
40900,test
40901,test
40902,test
40903,test
40904,test
40905,test
40906,test
40907,test
40908,test
40909,test
40910,test
40911,test
40912,test
40913,test
40914,test
40915,test
40916,test
40917,test
40918,test
40919,test
40920,test
40921,test
40922,test
40923,test
40924,test
40925,test
40926,test
40927,test
40928,test
40929,test
40930,test
40931,test
40932,test
40933,test
40934,test
40935,test
40936,test
40937,test
40938,test
40939,test
40940,test
40941,test
40942,test
40943,test
40944,test
40945,test
40946,test
40947,test
40948,test
40949,test
40950,test
40951,test
40952,test
40953,test
40954,test
40955,test
40956,test
40957,test
40958,test
40959,test
40960,test
40961,test
40962,test
40963,test
40964,test
40965,test
40966,test
40967,test
40968,test
40969,test
40970,test
40971,test
40972,test
40973,test
40974,test
40975,test
40976,test
40977,test
40978,test
40979,test
40980,test
40981,test
40982,test
40983,test
40984,test
40985,test
40986,test
40987,test
40988,test
40989,test
40990,test
40991,test
40992,test
40993,test
40994,test
40995,test
40996,test
40997,test
40998,test
40999,test
41000,test
41001,test
41002,test
41003,test
41004,test
41005,test
41006,test
41007,test
41008,test
41009,test
41010,test
41011,test
41012,test
41013,test
41014,test
41015,test
41016,test
41017,test
41018,test
41019,test
41020,test
41021,test
41022,test
41023,test
41024,test
41025,test
41026,test
41027,test
41028,test
41029,test
41030,test
41031,test
41032,test
41033,test
41034,test
41035,test
41036,test
41037,test
41038,test
41039,test
41040,test
41041,test
41042,test
41043,test
41044,test
41045,test
41046,test
41047,test
41048,test
41049,test
41050,test
41051,test
41052,test
41053,test
41054,test
41055,test
41056,test
41057,test
41058,test
41059,test
41060,test
41061,test
41062,test
41063,test
41064,test
41065,test
41066,test
41067,test
41068,test
41069,test
41070,test
41071,test
41072,test
41073,test
41074,test
41075,test
41076,test
41077,test
41078,test
41079,test
41080,test
41081,test
41082,test
41083,test
41084,test
41085,test
41086,test
41087,test
41088,test
41089,test
41090,test
41091,test
41092,test
41093,test
41094,test
41095,test
41096,test
41097,test
41098,test
41099,test
41100,test
41101,test
41102,test
41103,test
41104,test
41105,test
41106,test
41107,test
41108,test
41109,test
41110,test
41111,test
41112,test
41113,test
41114,test
41115,test
41116,test
41117,test
41118,test
41119,test
41120,test
41121,test
41122,test
41123,test
41124,test
41125,test
41126,test
41127,test
41128,test
41129,test
41130,test
41131,test
41132,test
41133,test
41134,test
41135,test
41136,test
41137,test
41138,test
41139,test
41140,test
41141,test
41142,test
41143,test
41144,test
41145,test
41146,test
41147,test
41148,test
41149,test
41150,test
41151,test
41152,test
41153,test
41154,test
41155,test
41156,test
41157,test
41158,test
41159,test
41160,test
41161,test
41162,test
41163,test
41164,test
41165,test
41166,test
41167,test
41168,test
41169,test
41170,test
41171,test
41172,test
41173,test
41174,test
41175,test
41176,test
41177,test
41178,test
41179,test
41180,test
41181,test
41182,test
41183,test
41184,test
41185,test
41186,test
41187,test
41188,test
41189,test
41190,test
41191,test
41192,test
41193,test
41194,test
41195,test
41196,test
41197,test
41198,test
41199,test
41200,test
41201,test
41202,test
41203,test
41204,test
41205,test
41206,test
41207,test
41208,test
41209,test
41210,test
41211,test
41212,test
41213,test
41214,test
41215,test
41216,test
41217,test
41218,test
41219,test
41220,test
41221,test
41222,test
41223,test
41224,test
41225,test
41226,test
41227,test
41228,test
41229,test
41230,test
41231,test
41232,test
41233,test
41234,test
41235,test
41236,test
41237,test
41238,test
41239,test
41240,test
41241,test
41242,test
41243,test
41244,test
41245,test
41246,test
41247,test
41248,test
41249,test
41250,test
41251,test
41252,test
41253,test
41254,test
41255,test
41256,test
41257,test
41258,test
41259,test
41260,test
41261,test
41262,test
41263,test
41264,test
41265,test
41266,test
41267,test
41268,test
41269,test
41270,test
41271,test
41272,test
41273,test
41274,test
41275,test
41276,test
41277,test
41278,test
41279,test
41280,test
41281,test
41282,test
41283,test
41284,test
41285,test
41286,test
41287,test
41288,test
41289,test
41290,test
41291,test
41292,test
41293,test
41294,test
41295,test
41296,test
41297,test
41298,test
41299,test
41300,test
41301,test
41302,test
41303,test
41304,test
41305,test
41306,test
41307,test
41308,test
41309,test
41310,test
41311,test
41312,test
41313,test
41314,test
41315,test
41316,test
41317,test
41318,test
41319,test
41320,test
41321,test
41322,test
41323,test
41324,test
41325,test
41326,test
41327,test
41328,test
41329,test
41330,test
41331,test
41332,test
41333,test
41334,test
41335,test
41336,test
41337,test
41338,test
41339,test
41340,test
41341,test
41342,test
41343,test
41344,test
41345,test
41346,test
41347,test
41348,test
41349,test
41350,test
41351,test
41352,test
41353,test
41354,test
41355,test
41356,test
41357,test
41358,test
41359,test
41360,test
41361,test
41362,test
41363,test
41364,test
41365,test
41366,test
41367,test
41368,test
41369,test
41370,test
41371,test
41372,test
41373,test
41374,test
41375,test
41376,test
41377,test
41378,test
41379,test
41380,test
41381,test
41382,test
41383,test
41384,test
41385,test
41386,test
41387,test
41388,test
41389,test
41390,test
41391,test
41392,test
41393,test
41394,test
41395,test
41396,test
41397,test
41398,test
41399,test
41400,test
41401,test
41402,test
41403,test
41404,test
41405,test
41406,test
41407,test
41408,test
41409,test
41410,test
41411,test
41412,test
41413,test
41414,test
41415,test
41416,test
41417,test
41418,test
41419,test
41420,test
41421,test
41422,test
41423,test
41424,test
41425,test
41426,test
41427,test
41428,test
41429,test
41430,test
41431,test
41432,test
41433,test
41434,test
41435,test
41436,test
41437,test
41438,test
41439,test
41440,test
41441,test
41442,test
41443,test
41444,test
41445,test
41446,test
41447,test
41448,test
41449,test
41450,test
41451,test
41452,test
41453,test
41454,test
41455,test
41456,test
41457,test
41458,test
41459,test
41460,test
41461,test
41462,test
41463,test
41464,test
41465,test
41466,test
41467,test
41468,test
41469,test
41470,test
41471,test
41472,test
41473,test
41474,test
41475,test
41476,test
41477,test
41478,test
41479,test
41480,test
41481,test
41482,test
41483,test
41484,test
41485,test
41486,test
41487,test
41488,test
41489,test
41490,test
41491,test
41492,test
41493,test
41494,test
41495,test
41496,test
41497,test
41498,test
41499,test
41500,test
41501,test
41502,test
41503,test
41504,test
41505,test
41506,test
41507,test
41508,test
41509,test
41510,test
41511,test
41512,test
41513,test
41514,test
41515,test
41516,test
41517,test
41518,test
41519,test
41520,test
41521,test
41522,test
41523,test
41524,test
41525,test
41526,test
41527,test
41528,test
41529,test
41530,test
41531,test
41532,test
41533,test
41534,test
41535,test
41536,test
41537,test
41538,test
41539,test
41540,test
41541,test
41542,test
41543,test
41544,test
41545,test
41546,test
41547,test
41548,test
41549,test
41550,test
41551,test
41552,test
41553,test
41554,test
41555,test
41556,test
41557,test
41558,test
41559,test
41560,test
41561,test
41562,test
41563,test
41564,test
41565,test
41566,test
41567,test
41568,test
41569,test
41570,test
41571,test
41572,test
41573,test
41574,test
41575,test
41576,test
41577,test
41578,test
41579,test
41580,test
41581,test
41582,test
41583,test
41584,test
41585,test
41586,test
41587,test
41588,test
41589,test
41590,test
41591,test
41592,test
41593,test
41594,test
41595,test
41596,test
41597,test
41598,test
41599,test
41600,test
41601,test
41602,test
41603,test
41604,test
41605,test
41606,test
41607,test
41608,test
41609,test
41610,test
41611,test
41612,test
41613,test
41614,test
41615,test
41616,test
41617,test
41618,test
41619,test
41620,test
41621,test
41622,test
41623,test
41624,test
41625,test
41626,test
41627,test
41628,test
41629,test
41630,test
41631,test
41632,test
41633,test
41634,test
41635,test
41636,test
41637,test
41638,test
41639,test
41640,test
41641,test
41642,test
41643,test
41644,test
41645,test
41646,test
41647,test
41648,test
41649,test
41650,test
41651,test
41652,test
41653,test
41654,test
41655,test
41656,test
41657,test
41658,test
41659,test
41660,test
41661,test
41662,test
41663,test
41664,test
41665,test
41666,test
41667,test
41668,test
41669,test
41670,test
41671,test
41672,test
41673,test
41674,test
41675,test
41676,test
41677,test
41678,test
41679,test
41680,test
41681,test
41682,test
41683,test
41684,test
41685,test
41686,test
41687,test
41688,test
41689,test
41690,test
41691,test
41692,test
41693,test
41694,test
41695,test
41696,test
41697,test
41698,test
41699,test
41700,test
41701,test
41702,test
41703,test
41704,test
41705,test
41706,test
41707,test
41708,test
41709,test
41710,test
41711,test
41712,test
41713,test
41714,test
41715,test
41716,test
41717,test
41718,test
41719,test
41720,test
41721,test
41722,test
41723,test
41724,test
41725,test
41726,test
41727,test
41728,test
41729,test
41730,test
41731,test
41732,test
41733,test
41734,test
41735,test
41736,test
41737,test
41738,test
41739,test
41740,test
41741,test
41742,test
41743,test
41744,test
41745,test
41746,test
41747,test
41748,test
41749,test
41750,test
41751,test
41752,test
41753,test
41754,test
41755,test
41756,test
41757,test
41758,test
41759,test
41760,test
41761,test
41762,test
41763,test
41764,test
41765,test
41766,test
41767,test
41768,test
41769,test
41770,test
41771,test
41772,test
41773,test
41774,test
41775,test
41776,test
41777,test
41778,test
41779,test
41780,test
41781,test
41782,test
41783,test
41784,test
41785,test
41786,test
41787,test
41788,test
41789,test
41790,test
41791,test
41792,test
41793,test
41794,test
41795,test
41796,test
41797,test
41798,test
41799,test
41800,test
41801,test
41802,test
41803,test
41804,test
41805,test
41806,test
41807,test
41808,test
41809,test
41810,test
41811,test
41812,test
41813,test
41814,test
41815,test
41816,test
41817,test
41818,test
41819,test
41820,test
41821,test
41822,test
41823,test
41824,test
41825,test
41826,test
41827,test
41828,test
41829,test
41830,test
41831,test
41832,test
41833,test
41834,test
41835,test
41836,test
41837,test
41838,test
41839,test
41840,test
41841,test
41842,test
41843,test
41844,test
41845,test
41846,test
41847,test
41848,test
41849,test
41850,test
41851,test
41852,test
41853,test
41854,test
41855,test
41856,test
41857,test
41858,test
41859,test
41860,test
41861,test
41862,test
41863,test
41864,test
41865,test
41866,test
41867,test
41868,test
41869,test
41870,test
41871,test
41872,test
41873,test
41874,test
41875,test
41876,test
41877,test
41878,test
41879,test
41880,test
41881,test
41882,test
41883,test
41884,test
41885,test
41886,test
41887,test
41888,test
41889,test
41890,test
41891,test
41892,test
41893,test
41894,test
41895,test
41896,test
41897,test
41898,test
41899,test
41900,test
41901,test
41902,test
41903,test
41904,test
41905,test
41906,test
41907,test
41908,test
41909,test
41910,test
41911,test
41912,test
41913,test
41914,test
41915,test
41916,test
41917,test
41918,test
41919,test
41920,test
41921,test
41922,test
41923,test
41924,test
41925,test
41926,test
41927,test
41928,test
41929,test
41930,test
41931,test
41932,test
41933,test
41934,test
41935,test
41936,test
41937,test
41938,test
41939,test
41940,test
41941,test
41942,test
41943,test
41944,test
41945,test
41946,test
41947,test
41948,test
41949,test
41950,test
41951,test
41952,test
41953,test
41954,test
41955,test
41956,test
41957,test
41958,test
41959,test
41960,test
41961,test
41962,test
41963,test
41964,test
41965,test
41966,test
41967,test
41968,test
41969,test
41970,test
41971,test
41972,test
41973,test
41974,test
41975,test
41976,test
41977,test
41978,test
41979,test
41980,test
41981,test
41982,test
41983,test
41984,test
41985,test
41986,test
41987,test
41988,test
41989,test
41990,test
41991,test
41992,test
41993,test
41994,test
41995,test
41996,test
41997,test
41998,test
41999,test
42000,test
42001,test
42002,test
42003,test
42004,test
42005,test
42006,test
42007,test
42008,test
42009,test
42010,test
42011,test
42012,test
42013,test
42014,test
42015,test
42016,test
42017,test
42018,test
42019,test
42020,test
42021,test
42022,test
42023,test
42024,test
42025,test
42026,test
42027,test
42028,test
42029,test
42030,test
42031,test
42032,test
42033,test
42034,test
42035,test
42036,test
42037,test
42038,test
42039,test
42040,test
42041,test
42042,test
42043,test
42044,test
42045,test
42046,test
42047,test
42048,test
42049,test
42050,test
42051,test
42052,test
42053,test
42054,test
42055,test
42056,test
42057,test
42058,test
42059,test
42060,test
42061,test
42062,test
42063,test
42064,test
42065,test
42066,test
42067,test
42068,test
42069,test
42070,test
42071,test
42072,test
42073,test
42074,test
42075,test
42076,test
42077,test
42078,test
42079,test
42080,test
42081,test
42082,test
42083,test
42084,test
42085,test
42086,test
42087,test
42088,test
42089,test
42090,test
42091,test
42092,test
42093,test
42094,test
42095,test
42096,test
42097,test
42098,test
42099,test
42100,test
42101,test
42102,test
42103,test
42104,test
42105,test
42106,test
42107,test
42108,test
42109,test
42110,test
42111,test
42112,test
42113,test
42114,test
42115,test
42116,test
42117,test
42118,test
42119,test
42120,test
42121,test
42122,test
42123,test
42124,test
42125,test
42126,test
42127,test
42128,test
42129,test
42130,test
42131,test
42132,test
42133,test
42134,test
42135,test
42136,test
42137,test
42138,test
42139,test
42140,test
42141,test
42142,test
42143,test
42144,test
42145,test
42146,test
42147,test
42148,test
42149,test
42150,test
42151,test
42152,test
42153,test
42154,test
42155,test
42156,test
42157,test
42158,test
42159,test
42160,test
42161,test
42162,test
42163,test
42164,test
42165,test
42166,test
42167,test
42168,test
42169,test
42170,test
42171,test
42172,test
42173,test
42174,test
42175,test
42176,test
42177,test
42178,test
42179,test
42180,test
42181,test
42182,test
42183,test
42184,test
42185,test
42186,test
42187,test
42188,test
42189,test
42190,test
42191,test
42192,test
42193,test
42194,test
42195,test
42196,test
42197,test
42198,test
42199,test
42200,test
42201,test
42202,test
42203,test
42204,test
42205,test
42206,test
42207,test
42208,test
42209,test
42210,test
42211,test
42212,test
42213,test
42214,test
42215,test
42216,test
42217,test
42218,test
42219,test
42220,test
42221,test
42222,test
42223,test
42224,test
42225,test
42226,test
42227,test
42228,test
42229,test
42230,test
42231,test
42232,test
42233,test
42234,test
42235,test
42236,test
42237,test
42238,test
42239,test
42240,test
42241,test
42242,test
42243,test
42244,test
42245,test
42246,test
42247,test
42248,test
42249,test
42250,test
42251,test
42252,test
42253,test
42254,test
42255,test
42256,test
42257,test
42258,test
42259,test
42260,test
42261,test
42262,test
42263,test
42264,test
42265,test
42266,test
42267,test
42268,test
42269,test
42270,test
42271,test
42272,test
42273,test
42274,test
42275,test
42276,test
42277,test
42278,test
42279,test
42280,test
42281,test
42282,test
42283,test
42284,test
42285,test
42286,test
42287,test
42288,test
42289,test
42290,test
42291,test
42292,test
42293,test
42294,test
42295,test
42296,test
42297,test
42298,test
42299,test
42300,test
42301,test
42302,test
42303,test
42304,test
42305,test
42306,test
42307,test
42308,test
42309,test
42310,test
42311,test
42312,test
42313,test
42314,test
42315,test
42316,test
42317,test
42318,test
42319,test
42320,test
42321,test
42322,test
42323,test
42324,test
42325,test
42326,test
42327,test
42328,test
42329,test
42330,test
42331,test
42332,test
42333,test
42334,test
42335,test
42336,test
42337,test
42338,test
42339,test
42340,test
42341,test
42342,test
42343,test
42344,test
42345,test
42346,test
42347,test
42348,test
42349,test
42350,test
42351,test
42352,test
42353,test
42354,test
42355,test
42356,test
42357,test
42358,test
42359,test
42360,test
42361,test
42362,test
42363,test
42364,test
42365,test
42366,test
42367,test
42368,test
42369,test
42370,test
42371,test
42372,test
42373,test
42374,test
42375,test
42376,test
42377,test
42378,test
42379,test
42380,test
42381,test
42382,test
42383,test
42384,test
42385,test
42386,test
42387,test
42388,test
42389,test
42390,test
42391,test
42392,test
42393,test
42394,test
42395,test
42396,test
42397,test
42398,test
42399,test
42400,test
42401,test
42402,test
42403,test
42404,test
42405,test
42406,test
42407,test
42408,test
42409,test
42410,test
42411,test
42412,test
42413,test
42414,test
42415,test
42416,test
42417,test
42418,test
42419,test
42420,test
42421,test
42422,test
42423,test
42424,test
42425,test
42426,test
42427,test
42428,test
42429,test
42430,test
42431,test
42432,test
42433,test
42434,test
42435,test
42436,test
42437,test
42438,test
42439,test
42440,test
42441,test
42442,test
42443,test
42444,test
42445,test
42446,test
42447,test
42448,test
42449,test
42450,test
42451,test
42452,test
42453,test
42454,test
42455,test
42456,test
42457,test
42458,test
42459,test
42460,test
42461,test
42462,test
42463,test
42464,test
42465,test
42466,test
42467,test
42468,test
42469,test
42470,test
42471,test
42472,test
42473,test
42474,test
42475,test
42476,test
42477,test
42478,test
42479,test
42480,test
42481,test
42482,test
42483,test
42484,test
42485,test
42486,test
42487,test
42488,test
42489,test
42490,test
42491,test
42492,test
42493,test
42494,test
42495,test
42496,test
42497,test
42498,test
42499,test
42500,test
42501,test
42502,test
42503,test
42504,test
42505,test
42506,test
42507,test
42508,test
42509,test
42510,test
42511,test
42512,test
42513,test
42514,test
42515,test
42516,test
42517,test
42518,test
42519,test
42520,test
42521,test
42522,test
42523,test
42524,test
42525,test
42526,test
42527,test
42528,test
42529,test
42530,test
42531,test
42532,test
42533,test
42534,test
42535,test
42536,test
42537,test
42538,test
42539,test
42540,test
42541,test
42542,test
42543,test
42544,test
42545,test
42546,test
42547,test
42548,test
42549,test
42550,test
42551,test
42552,test
42553,test
42554,test
42555,test
42556,test
42557,test
42558,test
42559,test
42560,test
42561,test
42562,test
42563,test
42564,test
42565,test
42566,test
42567,test
42568,test
42569,test
42570,test
42571,test
42572,test
42573,test
42574,test
42575,test
42576,test
42577,test
42578,test
42579,test
42580,test
42581,test
42582,test
42583,test
42584,test
42585,test
42586,test
42587,test
42588,test
42589,test
42590,test
42591,test
42592,test
42593,test
42594,test
42595,test
42596,test
42597,test
42598,test
42599,test
42600,test
42601,test
42602,test
42603,test
42604,test
42605,test
42606,test
42607,test
42608,test
42609,test
42610,test
42611,test
42612,test
42613,test
42614,test
42615,test
42616,test
42617,test
42618,test
42619,test
42620,test
42621,test
42622,test
42623,test
42624,test
42625,test
42626,test
42627,test
42628,test
42629,test
42630,test
42631,test
42632,test
42633,test
42634,test
42635,test
42636,test
42637,test
42638,test
42639,test
42640,test
42641,test
42642,test
42643,test
42644,test
42645,test
42646,test
42647,test
42648,test
42649,test
42650,test
42651,test
42652,test
42653,test
42654,test
42655,test
42656,test
42657,test
42658,test
42659,test
42660,test
42661,test
42662,test
42663,test
42664,test
42665,test
42666,test
42667,test
42668,test
42669,test
42670,test
42671,test
42672,test
42673,test
42674,test
42675,test
42676,test
42677,test
42678,test
42679,test
42680,test
42681,test
42682,test
42683,test
42684,test
42685,test
42686,test
42687,test
42688,test
42689,test
42690,test
42691,test
42692,test
42693,test
42694,test
42695,test
42696,test
42697,test
42698,test
42699,test
42700,test
42701,test
42702,test
42703,test
42704,test
42705,test
42706,test
42707,test
42708,test
42709,test
42710,test
42711,test
42712,test
42713,test
42714,test
42715,test
42716,test
42717,test
42718,test
42719,test
42720,test
42721,test
42722,test
42723,test
42724,test
42725,test
42726,test
42727,test
42728,test
42729,test
42730,test
42731,test
42732,test
42733,test
42734,test
42735,test
42736,test
42737,test
42738,test
42739,test
42740,test
42741,test
42742,test
42743,test
42744,test
42745,test
42746,test
42747,test
42748,test
42749,test
42750,test
42751,test
42752,test
42753,test
42754,test
42755,test
42756,test
42757,test
42758,test
42759,test
42760,test
42761,test
42762,test
42763,test
42764,test
42765,test
42766,test
42767,test
42768,test
42769,test
42770,test
42771,test
42772,test
42773,test
42774,test
42775,test
42776,test
42777,test
42778,test
42779,test
42780,test
42781,test
42782,test
42783,test
42784,test
42785,test
42786,test
42787,test
42788,test
42789,test
42790,test
42791,test
42792,test
42793,test
42794,test
42795,test
42796,test
42797,test
42798,test
42799,test
42800,test
42801,test
42802,test
42803,test
42804,test
42805,test
42806,test
42807,test
42808,test
42809,test
42810,test
42811,test
42812,test
42813,test
42814,test
42815,test
42816,test
42817,test
42818,test
42819,test
42820,test
42821,test
42822,test
42823,test
42824,test
42825,test
42826,test
42827,test
42828,test
42829,test
42830,test
42831,test
42832,test
42833,test
42834,test
42835,test
42836,test
42837,test
42838,test
42839,test
42840,test
42841,test
42842,test
42843,test
42844,test
42845,test
42846,test
42847,test
42848,test
42849,test
42850,test
42851,test
42852,test
42853,test
42854,test
42855,test
42856,test
42857,test
42858,test
42859,test
42860,test
42861,test
42862,test
42863,test
42864,test
42865,test
42866,test
42867,test
42868,test
42869,test
42870,test
42871,test
42872,test
42873,test
42874,test
42875,test
42876,test
42877,test
42878,test
42879,test
42880,test
42881,test
42882,test
42883,test
42884,test
42885,test
42886,test
42887,test
42888,test
42889,test
42890,test
42891,test
42892,test
42893,test
42894,test
42895,test
42896,test
42897,test
42898,test
42899,test
42900,test
42901,test
42902,test
42903,test
42904,test
42905,test
42906,test
42907,test
42908,test
42909,test
42910,test
42911,test
42912,test
42913,test
42914,test
42915,test
42916,test
42917,test
42918,test
42919,test
42920,test
42921,test
42922,test
42923,test
42924,test
42925,test
42926,test
42927,test
42928,test
42929,test
42930,test
42931,test
42932,test
42933,test
42934,test
42935,test
42936,test
42937,test
42938,test
42939,test
42940,test
42941,test
42942,test
42943,test
42944,test
42945,test
42946,test
42947,test
42948,test
42949,test
42950,test
42951,test
42952,test
42953,test
42954,test
42955,test
42956,test
42957,test
42958,test
42959,test
42960,test
42961,test
42962,test
42963,test
42964,test
42965,test
42966,test
42967,test
42968,test
42969,test
42970,test
42971,test
42972,test
42973,test
42974,test
42975,test
42976,test
42977,test
42978,test
42979,test
42980,test
42981,test
42982,test
42983,test
42984,test
42985,test
42986,test
42987,test
42988,test
42989,test
42990,test
42991,test
42992,test
42993,test
42994,test
42995,test
42996,test
42997,test
42998,test
42999,test
43000,test
43001,test
43002,test
43003,test
43004,test
43005,test
43006,test
43007,test
43008,test
43009,test
43010,test
43011,test
43012,test
43013,test
43014,test
43015,test
43016,test
43017,test
43018,test
43019,test
43020,test
43021,test
43022,test
43023,test
43024,test
43025,test
43026,test
43027,test
43028,test
43029,test
43030,test
43031,test
43032,test
43033,test
43034,test
43035,test
43036,test
43037,test
43038,test
43039,test
43040,test
43041,test
43042,test
43043,test
43044,test
43045,test
43046,test
43047,test
43048,test
43049,test
43050,test
43051,test
43052,test
43053,test
43054,test
43055,test
43056,test
43057,test
43058,test
43059,test
43060,test
43061,test
43062,test
43063,test
43064,test
43065,test
43066,test
43067,test
43068,test
43069,test
43070,test
43071,test
43072,test
43073,test
43074,test
43075,test
43076,test
43077,test
43078,test
43079,test
43080,test
43081,test
43082,test
43083,test
43084,test
43085,test
43086,test
43087,test
43088,test
43089,test
43090,test
43091,test
43092,test
43093,test
43094,test
43095,test
43096,test
43097,test
43098,test
43099,test
43100,test
43101,test
43102,test
43103,test
43104,test
43105,test
43106,test
43107,test
43108,test
43109,test
43110,test
43111,test
43112,test
43113,test
43114,test
43115,test
43116,test
43117,test
43118,test
43119,test
43120,test
43121,test
43122,test
43123,test
43124,test
43125,test
43126,test
43127,test
43128,test
43129,test
43130,test
43131,test
43132,test
43133,test
43134,test
43135,test
43136,test
43137,test
43138,test
43139,test
43140,test
43141,test
43142,test
43143,test
43144,test
43145,test
43146,test
43147,test
43148,test
43149,test
43150,test
43151,test
43152,test
43153,test
43154,test
43155,test
43156,test
43157,test
43158,test
43159,test
43160,test
43161,test
43162,test
43163,test
43164,test
43165,test
43166,test
43167,test
43168,test
43169,test
43170,test
43171,test
43172,test
43173,test
43174,test
43175,test
43176,test
43177,test
43178,test
43179,test
43180,test
43181,test
43182,test
43183,test
43184,test
43185,test
43186,test
43187,test
43188,test
43189,test
43190,test
43191,test
43192,test
43193,test
43194,test
43195,test
43196,test
43197,test
43198,test
43199,test
43200,test
43201,test
43202,test
43203,test
43204,test
43205,test
43206,test
43207,test
43208,test
43209,test
43210,test
43211,test
43212,test
43213,test
43214,test
43215,test
43216,test
43217,test
43218,test
43219,test
43220,test
43221,test
43222,test
43223,test
43224,test
43225,test
43226,test
43227,test
43228,test
43229,test
43230,test
43231,test
43232,test
43233,test
43234,test
43235,test
43236,test
43237,test
43238,test
43239,test
43240,test
43241,test
43242,test
43243,test
43244,test
43245,test
43246,test
43247,test
43248,test
43249,test
43250,test
43251,test
43252,test
43253,test
43254,test
43255,test
43256,test
43257,test
43258,test
43259,test
43260,test
43261,test
43262,test
43263,test
43264,test
43265,test
43266,test
43267,test
43268,test
43269,test
43270,test
43271,test
43272,test
43273,test
43274,test
43275,test
43276,test
43277,test
43278,test
43279,test
43280,test
43281,test
43282,test
43283,test
43284,test
43285,test
43286,test
43287,test
43288,test
43289,test
43290,test
43291,test
43292,test
43293,test
43294,test
43295,test
43296,test
43297,test
43298,test
43299,test
43300,test
43301,test
43302,test
43303,test
43304,test
43305,test
43306,test
43307,test
43308,test
43309,test
43310,test
43311,test
43312,test
43313,test
43314,test
43315,test
43316,test
43317,test
43318,test
43319,test
43320,test
43321,test
43322,test
43323,test
43324,test
43325,test
43326,test
43327,test
43328,test
43329,test
43330,test
43331,test
43332,test
43333,test
43334,test
43335,test
43336,test
43337,test
43338,test
43339,test
43340,test
43341,test
43342,test
43343,test
43344,test
43345,test
43346,test
43347,test
43348,test
43349,test
43350,test
43351,test
43352,test
43353,test
43354,test
43355,test
43356,test
43357,test
43358,test
43359,test
43360,test
43361,test
43362,test
43363,test
43364,test
43365,test
43366,test
43367,test
43368,test
43369,test
43370,test
43371,test
43372,test
43373,test
43374,test
43375,test
43376,test
43377,test
43378,test
43379,test
43380,test
43381,test
43382,test
43383,test
43384,test
43385,test
43386,test
43387,test
43388,test
43389,test
43390,test
43391,test
43392,test
43393,test
43394,test
43395,test
43396,test
43397,test
43398,test
43399,test
43400,test
43401,test
43402,test
43403,test
43404,test
43405,test
43406,test
43407,test
43408,test
43409,test
43410,test
43411,test
43412,test
43413,test
43414,test
43415,test
43416,test
43417,test
43418,test
43419,test
43420,test
43421,test
43422,test
43423,test
43424,test
43425,test
43426,test
43427,test
43428,test
43429,test
43430,test
43431,test
43432,test
43433,test
43434,test
43435,test
43436,test
43437,test
43438,test
43439,test
43440,test
43441,test
43442,test
43443,test
43444,test
43445,test
43446,test
43447,test
43448,test
43449,test
43450,test
43451,test
43452,test
43453,test
43454,test
43455,test
43456,test
43457,test
43458,test
43459,test
43460,test
43461,test
43462,test
43463,test
43464,test
43465,test
43466,test
43467,test
43468,test
43469,test
43470,test
43471,test
43472,test
43473,test
43474,test
43475,test
43476,test
43477,test
43478,test
43479,test
43480,test
43481,test
43482,test
43483,test
43484,test
43485,test
43486,test
43487,test
43488,test
43489,test
43490,test
43491,test
43492,test
43493,test
43494,test
43495,test
43496,test
43497,test
43498,test
43499,test
43500,test
43501,test
43502,test
43503,test
43504,test
43505,test
43506,test
43507,test
43508,test
43509,test
43510,test
43511,test
43512,test
43513,test
43514,test
43515,test
43516,test
43517,test
43518,test
43519,test
43520,test
43521,test
43522,test
43523,test
43524,test
43525,test
43526,test
43527,test
43528,test
43529,test
43530,test
43531,test
43532,test
43533,test
43534,test
43535,test
43536,test
43537,test
43538,test
43539,test
43540,test
43541,test
43542,test
43543,test
43544,test
43545,test
43546,test
43547,test
43548,test
43549,test
43550,test
43551,test
43552,test
43553,test
43554,test
43555,test
43556,test
43557,test
43558,test
43559,test
43560,test
43561,test
43562,test
43563,test
43564,test
43565,test
43566,test
43567,test
43568,test
43569,test
43570,test
43571,test
43572,test
43573,test
43574,test
43575,test
43576,test
43577,test
43578,test
43579,test
43580,test
43581,test
43582,test
43583,test
43584,test
43585,test
43586,test
43587,test
43588,test
43589,test
43590,test
43591,test
43592,test
43593,test
43594,test
43595,test
43596,test
43597,test
43598,test
43599,test
43600,test
43601,test
43602,test
43603,test
43604,test
43605,test
43606,test
43607,test
43608,test
43609,test
43610,test
43611,test
43612,test
43613,test
43614,test
43615,test
43616,test
43617,test
43618,test
43619,test
43620,test
43621,test
43622,test
43623,test
43624,test
43625,test
43626,test
43627,test
43628,test
43629,test
43630,test
43631,test
43632,test
43633,test
43634,test
43635,test
43636,test
43637,test
43638,test
43639,test
43640,test
43641,test
43642,test
43643,test
43644,test
43645,test
43646,test
43647,test
43648,test
43649,test
43650,test
43651,test
43652,test
43653,test
43654,test
43655,test
43656,test
43657,test
43658,test
43659,test
43660,test
43661,test
43662,test
43663,test
43664,test
43665,test
43666,test
43667,test
43668,test
43669,test
43670,test
43671,test
43672,test
43673,test
43674,test
43675,test
43676,test
43677,test
43678,test
43679,test
43680,test
43681,test
43682,test
43683,test
43684,test
43685,test
43686,test
43687,test
43688,test
43689,test
43690,test
43691,test
43692,test
43693,test
43694,test
43695,test
43696,test
43697,test
43698,test
43699,test
43700,test
43701,test
43702,test
43703,test
43704,test
43705,test
43706,test
43707,test
43708,test
43709,test
43710,test
43711,test
43712,test
43713,test
43714,test
43715,test
43716,test
43717,test
43718,test
43719,test
43720,test
43721,test
43722,test
43723,test
43724,test
43725,test
43726,test
43727,test
43728,test
43729,test
43730,test
43731,test
43732,test
43733,test
43734,test
43735,test
43736,test
43737,test
43738,test
43739,test
43740,test
43741,test
43742,test
43743,test
43744,test
43745,test
43746,test
43747,test
43748,test
43749,test
43750,test
43751,test
43752,test
43753,test
43754,test
43755,test
43756,test
43757,test
43758,test
43759,test
43760,test
43761,test
43762,test
43763,test
43764,test
43765,test
43766,test
43767,test
43768,test
43769,test
43770,test
43771,test
43772,test
43773,test
43774,test
43775,test
43776,test
43777,test
43778,test
43779,test
43780,test
43781,test
43782,test
43783,test
43784,test
43785,test
43786,test
43787,test
43788,test
43789,test
43790,test
43791,test
43792,test
43793,test
43794,test
43795,test
43796,test
43797,test
43798,test
43799,test
43800,test
43801,test
43802,test
43803,test
43804,test
43805,test
43806,test
43807,test
43808,test
43809,test
43810,test
43811,test
43812,test
43813,test
43814,test
43815,test
43816,test
43817,test
43818,test
43819,test
43820,test
43821,test
43822,test
43823,test
43824,test
43825,test
43826,test
43827,test
43828,test
43829,test
43830,test
43831,test
43832,test
43833,test
43834,test
43835,test
43836,test
43837,test
43838,test
43839,test
43840,test
43841,test
43842,test
43843,test
43844,test
43845,test
43846,test
43847,test
43848,test
43849,test
43850,test
43851,test
43852,test
43853,test
43854,test
43855,test
43856,test
43857,test
43858,test
43859,test
43860,test
43861,test
43862,test
43863,test
43864,test
43865,test
43866,test
43867,test
43868,test
43869,test
43870,test
43871,test
43872,test
43873,test
43874,test
43875,test
43876,test
43877,test
43878,test
43879,test
43880,test
43881,test
43882,test
43883,test
43884,test
43885,test
43886,test
43887,test
43888,test
43889,test
43890,test
43891,test
43892,test
43893,test
43894,test
43895,test
43896,test
43897,test
43898,test
43899,test
43900,test
43901,test
43902,test
43903,test
43904,test
43905,test
43906,test
43907,test
43908,test
43909,test
43910,test
43911,test
43912,test
43913,test
43914,test
43915,test
43916,test
43917,test
43918,test
43919,test
43920,test
43921,test
43922,test
43923,test
43924,test
43925,test
43926,test
43927,test
43928,test
43929,test
43930,test
43931,test
43932,test
43933,test
43934,test
43935,test
43936,test
43937,test
43938,test
43939,test
43940,test
43941,test
43942,test
43943,test
43944,test
43945,test
43946,test
43947,test
43948,test
43949,test
43950,test
43951,test
43952,test
43953,test
43954,test
43955,test
43956,test
43957,test
43958,test
43959,test
43960,test
43961,test
43962,test
43963,test
43964,test
43965,test
43966,test
43967,test
43968,test
43969,test
43970,test
43971,test
43972,test
43973,test
43974,test
43975,test
43976,test
43977,test
43978,test
43979,test
43980,test
43981,test
43982,test
43983,test
43984,test
43985,test
43986,test
43987,test
43988,test
43989,test
43990,test
43991,test
43992,test
43993,test
43994,test
43995,test
43996,test
43997,test
43998,test
43999,test
44000,test
44001,test
44002,test
44003,test
44004,test
44005,test
44006,test
44007,test
44008,test
44009,test
44010,test
44011,test
44012,test
44013,test
44014,test
44015,test
44016,test
44017,test
44018,test
44019,test
44020,test
44021,test
44022,test
44023,test
44024,test
44025,test
44026,test
44027,test
44028,test
44029,test
44030,test
44031,test
44032,test
44033,test
44034,test
44035,test
44036,test
44037,test
44038,test
44039,test
44040,test
44041,test
44042,test
44043,test
44044,test
44045,test
44046,test
44047,test
44048,test
44049,test
44050,test
44051,test
44052,test
44053,test
44054,test
44055,test
44056,test
44057,test
44058,test
44059,test
44060,test
44061,test
44062,test
44063,test
44064,test
44065,test
44066,test
44067,test
44068,test
44069,test
44070,test
44071,test
44072,test
44073,test
44074,test
44075,test
44076,test
44077,test
44078,test
44079,test
44080,test
44081,test
44082,test
44083,test
44084,test
44085,test
44086,test
44087,test
44088,test
44089,test
44090,test
44091,test
44092,test
44093,test
44094,test
44095,test
44096,test
44097,test
44098,test
44099,test
44100,test
44101,test
44102,test
44103,test
44104,test
44105,test
44106,test
44107,test
44108,test
44109,test
44110,test
44111,test
44112,test
44113,test
44114,test
44115,test
44116,test
44117,test
44118,test
44119,test
44120,test
44121,test
44122,test
44123,test
44124,test
44125,test
44126,test
44127,test
44128,test
44129,test
44130,test
44131,test
44132,test
44133,test
44134,test
44135,test
44136,test
44137,test
44138,test
44139,test
44140,test
44141,test
44142,test
44143,test
44144,test
44145,test
44146,test
44147,test
44148,test
44149,test
44150,test
44151,test
44152,test
44153,test
44154,test
44155,test
44156,test
44157,test
44158,test
44159,test
44160,test
44161,test
44162,test
44163,test
44164,test
44165,test
44166,test
44167,test
44168,test
44169,test
44170,test
44171,test
44172,test
44173,test
44174,test
44175,test
44176,test
44177,test
44178,test
44179,test
44180,test
44181,test
44182,test
44183,test
44184,test
44185,test
44186,test
44187,test
44188,test
44189,test
44190,test
44191,test
44192,test
44193,test
44194,test
44195,test
44196,test
44197,test
44198,test
44199,test
44200,test
44201,test
44202,test
44203,test
44204,test
44205,test
44206,test
44207,test
44208,test
44209,test
44210,test
44211,test
44212,test
44213,test
44214,test
44215,test
44216,test
44217,test
44218,test
44219,test
44220,test
44221,test
44222,test
44223,test
44224,test
44225,test
44226,test
44227,test
44228,test
44229,test
44230,test
44231,test
44232,test
44233,test
44234,test
44235,test
44236,test
44237,test
44238,test
44239,test
44240,test
44241,test
44242,test
44243,test
44244,test
44245,test
44246,test
44247,test
44248,test
44249,test
44250,test
44251,test
44252,test
44253,test
44254,test
44255,test
44256,test
44257,test
44258,test
44259,test
44260,test
44261,test
44262,test
44263,test
44264,test
44265,test
44266,test
44267,test
44268,test
44269,test
44270,test
44271,test
44272,test
44273,test
44274,test
44275,test
44276,test
44277,test
44278,test
44279,test
44280,test
44281,test
44282,test
44283,test
44284,test
44285,test
44286,test
44287,test
44288,test
44289,test
44290,test
44291,test
44292,test
44293,test
44294,test
44295,test
44296,test
44297,test
44298,test
44299,test
44300,test
44301,test
44302,test
44303,test
44304,test
44305,test
44306,test
44307,test
44308,test
44309,test
44310,test
44311,test
44312,test
44313,test
44314,test
44315,test
44316,test
44317,test
44318,test
44319,test
44320,test
44321,test
44322,test
44323,test
44324,test
44325,test
44326,test
44327,test
44328,test
44329,test
44330,test
44331,test
44332,test
44333,test
44334,test
44335,test
44336,test
44337,test
44338,test
44339,test
44340,test
44341,test
44342,test
44343,test
44344,test
44345,test
44346,test
44347,test
44348,test
44349,test
44350,test
44351,test
44352,test
44353,test
44354,test
44355,test
44356,test
44357,test
44358,test
44359,test
44360,test
44361,test
44362,test
44363,test
44364,test
44365,test
44366,test
44367,test
44368,test
44369,test
44370,test
44371,test
44372,test
44373,test
44374,test
44375,test
44376,test
44377,test
44378,test
44379,test
44380,test
44381,test
44382,test
44383,test
44384,test
44385,test
44386,test
44387,test
44388,test
44389,test
44390,test
44391,test
44392,test
44393,test
44394,test
44395,test
44396,test
44397,test
44398,test
44399,test
44400,test
44401,test
44402,test
44403,test
44404,test
44405,test
44406,test
44407,test
44408,test
44409,test
44410,test
44411,test
44412,test
44413,test
44414,test
44415,test
44416,test
44417,test
44418,test
44419,test
44420,test
44421,test
44422,test
44423,test
44424,test
44425,test
44426,test
44427,test
44428,test
44429,test
44430,test
44431,test
44432,test
44433,test
44434,test
44435,test
44436,test
44437,test
44438,test
44439,test
44440,test
44441,test
44442,test
44443,test
44444,test
44445,test
44446,test
44447,test
44448,test
44449,test
44450,test
44451,test
44452,test
44453,test
44454,test
44455,test
44456,test
44457,test
44458,test
44459,test
44460,test
44461,test
44462,test
44463,test
44464,test
44465,test
44466,test
44467,test
44468,test
44469,test
44470,test
44471,test
44472,test
44473,test
44474,test
44475,test
44476,test
44477,test
44478,test
44479,test
44480,test
44481,test
44482,test
44483,test
44484,test
44485,test
44486,test
44487,test
44488,test
44489,test
44490,test
44491,test
44492,test
44493,test
44494,test
44495,test
44496,test
44497,test
44498,test
44499,test
44500,test
44501,test
44502,test
44503,test
44504,test
44505,test
44506,test
44507,test
44508,test
44509,test
44510,test
44511,test
44512,test
44513,test
44514,test
44515,test
44516,test
44517,test
44518,test
44519,test
44520,test
44521,test
44522,test
44523,test
44524,test
44525,test
44526,test
44527,test
44528,test
44529,test
44530,test
44531,test
44532,test
44533,test
44534,test
44535,test
44536,test
44537,test
44538,test
44539,test
44540,test
44541,test
44542,test
44543,test
44544,test
44545,test
44546,test
44547,test
44548,test
44549,test
44550,test
44551,test
44552,test
44553,test
44554,test
44555,test
44556,test
44557,test
44558,test
44559,test
44560,test
44561,test
44562,test
44563,test
44564,test
44565,test
44566,test
44567,test
44568,test
44569,test
44570,test
44571,test
44572,test
44573,test
44574,test
44575,test
44576,test
44577,test
44578,test
44579,test
44580,test
44581,test
44582,test
44583,test
44584,test
44585,test
44586,test
44587,test
44588,test
44589,test
44590,test
44591,test
44592,test
44593,test
44594,test
44595,test
44596,test
44597,test
44598,test
44599,test
44600,test
44601,test
44602,test
44603,test
44604,test
44605,test
44606,test
44607,test
44608,test
44609,test
44610,test
44611,test
44612,test
44613,test
44614,test
44615,test
44616,test
44617,test
44618,test
44619,test
44620,test
44621,test
44622,test
44623,test
44624,test
44625,test
44626,test
44627,test
44628,test
44629,test
44630,test
44631,test
44632,test
44633,test
44634,test
44635,test
44636,test
44637,test
44638,test
44639,test
44640,test
44641,test
44642,test
44643,test
44644,test
44645,test
44646,test
44647,test
44648,test
44649,test
44650,test
44651,test
44652,test
44653,test
44654,test
44655,test
44656,test
44657,test
44658,test
44659,test
44660,test
44661,test
44662,test
44663,test
44664,test
44665,test
44666,test
44667,test
44668,test
44669,test
44670,test
44671,test
44672,test
44673,test
44674,test
44675,test
44676,test
44677,test
44678,test
44679,test
44680,test
44681,test
44682,test
44683,test
44684,test
44685,test
44686,test
44687,test
44688,test
44689,test
44690,test
44691,test
44692,test
44693,test
44694,test
44695,test
44696,test
44697,test
44698,test
44699,test
44700,test
44701,test
44702,test
44703,test
44704,test
44705,test
44706,test
44707,test
44708,test
44709,test
44710,test
44711,test
44712,test
44713,test
44714,test
44715,test
44716,test
44717,test
44718,test
44719,test
44720,test
44721,test
44722,test
44723,test
44724,test
44725,test
44726,test
44727,test
44728,test
44729,test
44730,test
44731,test
44732,test
44733,test
44734,test
44735,test
44736,test
44737,test
44738,test
44739,test
44740,test
44741,test
44742,test
44743,test
44744,test
44745,test
44746,test
44747,test
44748,test
44749,test
44750,test
44751,test
44752,test
44753,test
44754,test
44755,test
44756,test
44757,test
44758,test
44759,test
44760,test
44761,test
44762,test
44763,test
44764,test
44765,test
44766,test
44767,test
44768,test
44769,test
44770,test
44771,test
44772,test
44773,test
44774,test
44775,test
44776,test
44777,test
44778,test
44779,test
44780,test
44781,test
44782,test
44783,test
44784,test
44785,test
44786,test
44787,test
44788,test
44789,test
44790,test
44791,test
44792,test
44793,test
44794,test
44795,test
44796,test
44797,test
44798,test
44799,test
44800,test
44801,test
44802,test
44803,test
44804,test
44805,test
44806,test
44807,test
44808,test
44809,test
44810,test
44811,test
44812,test
44813,test
44814,test
44815,test
44816,test
44817,test
44818,test
44819,test
44820,test
44821,test
44822,test
44823,test
44824,test
44825,test
44826,test
44827,test
44828,test
44829,test
44830,test
44831,test
44832,test
44833,test
44834,test
44835,test
44836,test
44837,test
44838,test
44839,test
44840,test
44841,test
44842,test
44843,test
44844,test
44845,test
44846,test
44847,test
44848,test
44849,test
44850,test
44851,test
44852,test
44853,test
44854,test
44855,test
44856,test
44857,test
44858,test
44859,test
44860,test
44861,test
44862,test
44863,test
44864,test
44865,test
44866,test
44867,test
44868,test
44869,test
44870,test
44871,test
44872,test
44873,test
44874,test
44875,test
44876,test
44877,test
44878,test
44879,test
44880,test
44881,test
44882,test
44883,test
44884,test
44885,test
44886,test
44887,test
44888,test
44889,test
44890,test
44891,test
44892,test
44893,test
44894,test
44895,test
44896,test
44897,test
44898,test
44899,test
44900,test
44901,test
44902,test
44903,test
44904,test
44905,test
44906,test
44907,test
44908,test
44909,test
44910,test
44911,test
44912,test
44913,test
44914,test
44915,test
44916,test
44917,test
44918,test
44919,test
44920,test
44921,test
44922,test
44923,test
44924,test
44925,test
44926,test
44927,test
44928,test
44929,test
44930,test
44931,test
44932,test
44933,test
44934,test
44935,test
44936,test
44937,test
44938,test
44939,test
44940,test
44941,test
44942,test
44943,test
44944,test
44945,test
44946,test
44947,test
44948,test
44949,test
44950,test
44951,test
44952,test
44953,test
44954,test
44955,test
44956,test
44957,test
44958,test
44959,test
44960,test
44961,test
44962,test
44963,test
44964,test
44965,test
44966,test
44967,test
44968,test
44969,test
44970,test
44971,test
44972,test
44973,test
44974,test
44975,test
44976,test
44977,test
44978,test
44979,test
44980,test
44981,test
44982,test
44983,test
44984,test
44985,test
44986,test
44987,test
44988,test
44989,test
44990,test
44991,test
44992,test
44993,test
44994,test
44995,test
44996,test
44997,test
44998,test
44999,test
45000,test
45001,test
45002,test
45003,test
45004,test
45005,test
45006,test
45007,test
45008,test
45009,test
45010,test
45011,test
45012,test
45013,test
45014,test
45015,test
45016,test
45017,test
45018,test
45019,test
45020,test
45021,test
45022,test
45023,test
45024,test
45025,test
45026,test
45027,test
45028,test
45029,test
45030,test
45031,test
45032,test
45033,test
45034,test
45035,test
45036,test
45037,test
45038,test
45039,test
45040,test
45041,test
45042,test
45043,test
45044,test
45045,test
45046,test
45047,test
45048,test
45049,test
45050,test
45051,test
45052,test
45053,test
45054,test
45055,test
45056,test
45057,test
45058,test
45059,test
45060,test
45061,test
45062,test
45063,test
45064,test
45065,test
45066,test
45067,test
45068,test
45069,test
45070,test
45071,test
45072,test
45073,test
45074,test
45075,test
45076,test
45077,test
45078,test
45079,test
45080,test
45081,test
45082,test
45083,test
45084,test
45085,test
45086,test
45087,test
45088,test
45089,test
45090,test
45091,test
45092,test
45093,test
45094,test
45095,test
45096,test
45097,test
45098,test
45099,test
45100,test
45101,test
45102,test
45103,test
45104,test
45105,test
45106,test
45107,test
45108,test
45109,test
45110,test
45111,test
45112,test
45113,test
45114,test
45115,test
45116,test
45117,test
45118,test
45119,test
45120,test
45121,test
45122,test
45123,test
45124,test
45125,test
45126,test
45127,test
45128,test
45129,test
45130,test
45131,test
45132,test
45133,test
45134,test
45135,test
45136,test
45137,test
45138,test
45139,test
45140,test
45141,test
45142,test
45143,test
45144,test
45145,test
45146,test
45147,test
45148,test
45149,test
45150,test
45151,test
45152,test
45153,test
45154,test
45155,test
45156,test
45157,test
45158,test
45159,test
45160,test
45161,test
45162,test
45163,test
45164,test
45165,test
45166,test
45167,test
45168,test
45169,test
45170,test
45171,test
45172,test
45173,test
45174,test
45175,test
45176,test
45177,test
45178,test
45179,test
45180,test
45181,test
45182,test
45183,test
45184,test
45185,test
45186,test
45187,test
45188,test
45189,test
45190,test
45191,test
45192,test
45193,test
45194,test
45195,test
45196,test
45197,test
45198,test
45199,test
45200,test
45201,test
45202,test
45203,test
45204,test
45205,test
45206,test
45207,test
45208,test
45209,test
45210,test
45211,test
45212,test
45213,test
45214,test
45215,test
45216,test
45217,test
45218,test
45219,test
45220,test
45221,test
45222,test
45223,test
45224,test
45225,test
45226,test
45227,test
45228,test
45229,test
45230,test
45231,test
45232,test
45233,test
45234,test
45235,test
45236,test
45237,test
45238,test
45239,test
45240,test
45241,test
45242,test
45243,test
45244,test
45245,test
45246,test
45247,test
45248,test
45249,test
45250,test
45251,test
45252,test
45253,test
45254,test
45255,test
45256,test
45257,test
45258,test
45259,test
45260,test
45261,test
45262,test
45263,test
45264,test
45265,test
45266,test
45267,test
45268,test
45269,test
45270,test
45271,test
45272,test
45273,test
45274,test
45275,test
45276,test
45277,test
45278,test
45279,test
45280,test
45281,test
45282,test
45283,test
45284,test
45285,test
45286,test
45287,test
45288,test
45289,test
45290,test
45291,test
45292,test
45293,test
45294,test
45295,test
45296,test
45297,test
45298,test
45299,test
45300,test
45301,test
45302,test
45303,test
45304,test
45305,test
45306,test
45307,test
45308,test
45309,test
45310,test
45311,test
45312,test
45313,test
45314,test
45315,test
45316,test
45317,test
45318,test
45319,test
45320,test
45321,test
45322,test
45323,test
45324,test
45325,test
45326,test
45327,test
45328,test
45329,test
45330,test
45331,test
45332,test
45333,test
45334,test
45335,test
45336,test
45337,test
45338,test
45339,test
45340,test
45341,test
45342,test
45343,test
45344,test
45345,test
45346,test
45347,test
45348,test
45349,test
45350,test
45351,test
45352,test
45353,test
45354,test
45355,test
45356,test
45357,test
45358,test
45359,test
45360,test
45361,test
45362,test
45363,test
45364,test
45365,test
45366,test
45367,test
45368,test
45369,test
45370,test
45371,test
45372,test
45373,test
45374,test
45375,test
45376,test
45377,test
45378,test
45379,test
45380,test
45381,test
45382,test
45383,test
45384,test
45385,test
45386,test
45387,test
45388,test
45389,test
45390,test
45391,test
45392,test
45393,test
45394,test
45395,test
45396,test
45397,test
45398,test
45399,test
45400,test
45401,test
45402,test
45403,test
45404,test
45405,test
45406,test
45407,test
45408,test
45409,test
45410,test
45411,test
45412,test
45413,test
45414,test
45415,test
45416,test
45417,test
45418,test
45419,test
45420,test
45421,test
45422,test
45423,test
45424,test
45425,test
45426,test
45427,test
45428,test
45429,test
45430,test
45431,test
45432,test
45433,test
45434,test
45435,test
45436,test
45437,test
45438,test
45439,test
45440,test
45441,test
45442,test
45443,test
45444,test
45445,test
45446,test
45447,test
45448,test
45449,test
45450,test
45451,test
45452,test
45453,test
45454,test
45455,test
45456,test
45457,test
45458,test
45459,test
45460,test
45461,test
45462,test
45463,test
45464,test
45465,test
45466,test
45467,test
45468,test
45469,test
45470,test
45471,test
45472,test
45473,test
45474,test
45475,test
45476,test
45477,test
45478,test
45479,test
45480,test
45481,test
45482,test
45483,test
45484,test
45485,test
45486,test
45487,test
45488,test
45489,test
45490,test
45491,test
45492,test
45493,test
45494,test
45495,test
45496,test
45497,test
45498,test
45499,test
45500,test
45501,test
45502,test
45503,test
45504,test
45505,test
45506,test
45507,test
45508,test
45509,test
45510,test
45511,test
45512,test
45513,test
45514,test
45515,test
45516,test
45517,test
45518,test
45519,test
45520,test
45521,test
45522,test
45523,test
45524,test
45525,test
45526,test
45527,test
45528,test
45529,test
45530,test
45531,test
45532,test
45533,test
45534,test
45535,test
45536,test
45537,test
45538,test
45539,test
45540,test
45541,test
45542,test
45543,test
45544,test
45545,test
45546,test
45547,test
45548,test
45549,test
45550,test
45551,test
45552,test
45553,test
45554,test
45555,test
45556,test
45557,test
45558,test
45559,test
45560,test
45561,test
45562,test
45563,test
45564,test
45565,test
45566,test
45567,test
45568,test
45569,test
45570,test
45571,test
45572,test
45573,test
45574,test
45575,test
45576,test
45577,test
45578,test
45579,test
45580,test
45581,test
45582,test
45583,test
45584,test
45585,test
45586,test
45587,test
45588,test
45589,test
45590,test
45591,test
45592,test
45593,test
45594,test
45595,test
45596,test
45597,test
45598,test
45599,test
45600,test
45601,test
45602,test
45603,test
45604,test
45605,test
45606,test
45607,test
45608,test
45609,test
45610,test
45611,test
45612,test
45613,test
45614,test
45615,test
45616,test
45617,test
45618,test
45619,test
45620,test
45621,test
45622,test
45623,test
45624,test
45625,test
45626,test
45627,test
45628,test
45629,test
45630,test
45631,test
45632,test
45633,test
45634,test
45635,test
45636,test
45637,test
45638,test
45639,test
45640,test
45641,test
45642,test
45643,test
45644,test
45645,test
45646,test
45647,test
45648,test
45649,test
45650,test
45651,test
45652,test
45653,test
45654,test
45655,test
45656,test
45657,test
45658,test
45659,test
45660,test
45661,test
45662,test
45663,test
45664,test
45665,test
45666,test
45667,test
45668,test
45669,test
45670,test
45671,test
45672,test
45673,test
45674,test
45675,test
45676,test
45677,test
45678,test
45679,test
45680,test
45681,test
45682,test
45683,test
45684,test
45685,test
45686,test
45687,test
45688,test
45689,test
45690,test
45691,test
45692,test
45693,test
45694,test
45695,test
45696,test
45697,test
45698,test
45699,test
45700,test
45701,test
45702,test
45703,test
45704,test
45705,test
45706,test
45707,test
45708,test
45709,test
45710,test
45711,test
45712,test
45713,test
45714,test
45715,test
45716,test
45717,test
45718,test
45719,test
45720,test
45721,test
45722,test
45723,test
45724,test
45725,test
45726,test
45727,test
45728,test
45729,test
45730,test
45731,test
45732,test
45733,test
45734,test
45735,test
45736,test
45737,test
45738,test
45739,test
45740,test
45741,test
45742,test
45743,test
45744,test
45745,test
45746,test
45747,test
45748,test
45749,test
45750,test
45751,test
45752,test
45753,test
45754,test
45755,test
45756,test
45757,test
45758,test
45759,test
45760,test
45761,test
45762,test
45763,test
45764,test
45765,test
45766,test
45767,test
45768,test
45769,test
45770,test
45771,test
45772,test
45773,test
45774,test
45775,test
45776,test
45777,test
45778,test
45779,test
45780,test
45781,test
45782,test
45783,test
45784,test
45785,test
45786,test
45787,test
45788,test
45789,test
45790,test
45791,test
45792,test
45793,test
45794,test
45795,test
45796,test
45797,test
45798,test
45799,test
45800,test
45801,test
45802,test
45803,test
45804,test
45805,test
45806,test
45807,test
45808,test
45809,test
45810,test
45811,test
45812,test
45813,test
45814,test
45815,test
45816,test
45817,test
45818,test
45819,test
45820,test
45821,test
45822,test
45823,test
45824,test
45825,test
45826,test
45827,test
45828,test
45829,test
45830,test
45831,test
45832,test
45833,test
45834,test
45835,test
45836,test
45837,test
45838,test
45839,test
45840,test
45841,test
45842,test
45843,test
45844,test
45845,test
45846,test
45847,test
45848,test
45849,test
45850,test
45851,test
45852,test
45853,test
45854,test
45855,test
45856,test
45857,test
45858,test
45859,test
45860,test
45861,test
45862,test
45863,test
45864,test
45865,test
45866,test
45867,test
45868,test
45869,test
45870,test
45871,test
45872,test
45873,test
45874,test
45875,test
45876,test
45877,test
45878,test
45879,test
45880,test
45881,test
45882,test
45883,test
45884,test
45885,test
45886,test
45887,test
45888,test
45889,test
45890,test
45891,test
45892,test
45893,test
45894,test
45895,test
45896,test
45897,test
45898,test
45899,test
45900,test
45901,test
45902,test
45903,test
45904,test
45905,test
45906,test
45907,test
45908,test
45909,test
45910,test
45911,test
45912,test
45913,test
45914,test
45915,test
45916,test
45917,test
45918,test
45919,test
45920,test
45921,test
45922,test
45923,test
45924,test
45925,test
45926,test
45927,test
45928,test
45929,test
45930,test
45931,test
45932,test
45933,test
45934,test
45935,test
45936,test
45937,test
45938,test
45939,test
45940,test
45941,test
45942,test
45943,test
45944,test
45945,test
45946,test
45947,test
45948,test
45949,test
45950,test
45951,test
45952,test
45953,test
45954,test
45955,test
45956,test
45957,test
45958,test
45959,test
45960,test
45961,test
45962,test
45963,test
45964,test
45965,test
45966,test
45967,test
45968,test
45969,test
45970,test
45971,test
45972,test
45973,test
45974,test
45975,test
45976,test
45977,test
45978,test
45979,test
45980,test
45981,test
45982,test
45983,test
45984,test
45985,test
45986,test
45987,test
45988,test
45989,test
45990,test
45991,test
45992,test
45993,test
45994,test
45995,test
45996,test
45997,test
45998,test
45999,test
46000,test
46001,test
46002,test
46003,test
46004,test
46005,test
46006,test
46007,test
46008,test
46009,test
46010,test
46011,test
46012,test
46013,test
46014,test
46015,test
46016,test
46017,test
46018,test
46019,test
46020,test
46021,test
46022,test
46023,test
46024,test
46025,test
46026,test
46027,test
46028,test
46029,test
46030,test
46031,test
46032,test
46033,test
46034,test
46035,test
46036,test
46037,test
46038,test
46039,test
46040,test
46041,test
46042,test
46043,test
46044,test
46045,test
46046,test
46047,test
46048,test
46049,test
46050,test
46051,test
46052,test
46053,test
46054,test
46055,test
46056,test
46057,test
46058,test
46059,test
46060,test
46061,test
46062,test
46063,test
46064,test
46065,test
46066,test
46067,test
46068,test
46069,test
46070,test
46071,test
46072,test
46073,test
46074,test
46075,test
46076,test
46077,test
46078,test
46079,test
46080,test
46081,test
46082,test
46083,test
46084,test
46085,test
46086,test
46087,test
46088,test
46089,test
46090,test
46091,test
46092,test
46093,test
46094,test
46095,test
46096,test
46097,test
46098,test
46099,test
46100,test
46101,test
46102,test
46103,test
46104,test
46105,test
46106,test
46107,test
46108,test
46109,test
46110,test
46111,test
46112,test
46113,test
46114,test
46115,test
46116,test
46117,test
46118,test
46119,test
46120,test
46121,test
46122,test
46123,test
46124,test
46125,test
46126,test
46127,test
46128,test
46129,test
46130,test
46131,test
46132,test
46133,test
46134,test
46135,test
46136,test
46137,test
46138,test
46139,test
46140,test
46141,test
46142,test
46143,test
46144,test
46145,test
46146,test
46147,test
46148,test
46149,test
46150,test
46151,test
46152,test
46153,test
46154,test
46155,test
46156,test
46157,test
46158,test
46159,test
46160,test
46161,test
46162,test
46163,test
46164,test
46165,test
46166,test
46167,test
46168,test
46169,test
46170,test
46171,test
46172,test
46173,test
46174,test
46175,test
46176,test
46177,test
46178,test
46179,test
46180,test
46181,test
46182,test
46183,test
46184,test
46185,test
46186,test
46187,test
46188,test
46189,test
46190,test
46191,test
46192,test
46193,test
46194,test
46195,test
46196,test
46197,test
46198,test
46199,test
46200,test
46201,test
46202,test
46203,test
46204,test
46205,test
46206,test
46207,test
46208,test
46209,test
46210,test
46211,test
46212,test
46213,test
46214,test
46215,test
46216,test
46217,test
46218,test
46219,test
46220,test
46221,test
46222,test
46223,test
46224,test
46225,test
46226,test
46227,test
46228,test
46229,test
46230,test
46231,test
46232,test
46233,test
46234,test
46235,test
46236,test
46237,test
46238,test
46239,test
46240,test
46241,test
46242,test
46243,test
46244,test
46245,test
46246,test
46247,test
46248,test
46249,test
46250,test
46251,test
46252,test
46253,test
46254,test
46255,test
46256,test
46257,test
46258,test
46259,test
46260,test
46261,test
46262,test
46263,test
46264,test
46265,test
46266,test
46267,test
46268,test
46269,test
46270,test
46271,test
46272,test
46273,test
46274,test
46275,test
46276,test
46277,test
46278,test
46279,test
46280,test
46281,test
46282,test
46283,test
46284,test
46285,test
46286,test
46287,test
46288,test
46289,test
46290,test
46291,test
46292,test
46293,test
46294,test
46295,test
46296,test
46297,test
46298,test
46299,test
46300,test
46301,test
46302,test
46303,test
46304,test
46305,test
46306,test
46307,test
46308,test
46309,test
46310,test
46311,test
46312,test
46313,test
46314,test
46315,test
46316,test
46317,test
46318,test
46319,test
46320,test
46321,test
46322,test
46323,test
46324,test
46325,test
46326,test
46327,test
46328,test
46329,test
46330,test
46331,test
46332,test
46333,test
46334,test
46335,test
46336,test
46337,test
46338,test
46339,test
46340,test
46341,test
46342,test
46343,test
46344,test
46345,test
46346,test
46347,test
46348,test
46349,test
46350,test
46351,test
46352,test
46353,test
46354,test
46355,test
46356,test
46357,test
46358,test
46359,test
46360,test
46361,test
46362,test
46363,test
46364,test
46365,test
46366,test
46367,test
46368,test
46369,test
46370,test
46371,test
46372,test
46373,test
46374,test
46375,test
46376,test
46377,test
46378,test
46379,test
46380,test
46381,test
46382,test
46383,test
46384,test
46385,test
46386,test
46387,test
46388,test
46389,test
46390,test
46391,test
46392,test
46393,test
46394,test
46395,test
46396,test
46397,test
46398,test
46399,test
46400,test
46401,test
46402,test
46403,test
46404,test
46405,test
46406,test
46407,test
46408,test
46409,test
46410,test
46411,test
46412,test
46413,test
46414,test
46415,test
46416,test
46417,test
46418,test
46419,test
46420,test
46421,test
46422,test
46423,test
46424,test
46425,test
46426,test
46427,test
46428,test
46429,test
46430,test
46431,test
46432,test
46433,test
46434,test
46435,test
46436,test
46437,test
46438,test
46439,test
46440,test
46441,test
46442,test
46443,test
46444,test
46445,test
46446,test
46447,test
46448,test
46449,test
46450,test
46451,test
46452,test
46453,test
46454,test
46455,test
46456,test
46457,test
46458,test
46459,test
46460,test
46461,test
46462,test
46463,test
46464,test
46465,test
46466,test
46467,test
46468,test
46469,test
46470,test
46471,test
46472,test
46473,test
46474,test
46475,test
46476,test
46477,test
46478,test
46479,test
46480,test
46481,test
46482,test
46483,test
46484,test
46485,test
46486,test
46487,test
46488,test
46489,test
46490,test
46491,test
46492,test
46493,test
46494,test
46495,test
46496,test
46497,test
46498,test
46499,test
46500,test
46501,test
46502,test
46503,test
46504,test
46505,test
46506,test
46507,test
46508,test
46509,test
46510,test
46511,test
46512,test
46513,test
46514,test
46515,test
46516,test
46517,test
46518,test
46519,test
46520,test
46521,test
46522,test
46523,test
46524,test
46525,test
46526,test
46527,test
46528,test
46529,test
46530,test
46531,test
46532,test
46533,test
46534,test
46535,test
46536,test
46537,test
46538,test
46539,test
46540,test
46541,test
46542,test
46543,test
46544,test
46545,test
46546,test
46547,test
46548,test
46549,test
46550,test
46551,test
46552,test
46553,test
46554,test
46555,test
46556,test
46557,test
46558,test
46559,test
46560,test
46561,test
46562,test
46563,test
46564,test
46565,test
46566,test
46567,test
46568,test
46569,test
46570,test
46571,test
46572,test
46573,test
46574,test
46575,test
46576,test
46577,test
46578,test
46579,test
46580,test
46581,test
46582,test
46583,test
46584,test
46585,test
46586,test
46587,test
46588,test
46589,test
46590,test
46591,test
46592,test
46593,test
46594,test
46595,test
46596,test
46597,test
46598,test
46599,test
46600,test
46601,test
46602,test
46603,test
46604,test
46605,test
46606,test
46607,test
46608,test
46609,test
46610,test
46611,test
46612,test
46613,test
46614,test
46615,test
46616,test
46617,test
46618,test
46619,test
46620,test
46621,test
46622,test
46623,test
46624,test
46625,test
46626,test
46627,test
46628,test
46629,test
46630,test
46631,test
46632,test
46633,test
46634,test
46635,test
46636,test
46637,test
46638,test
46639,test
46640,test
46641,test
46642,test
46643,test
46644,test
46645,test
46646,test
46647,test
46648,test
46649,test
46650,test
46651,test
46652,test
46653,test
46654,test
46655,test
46656,test
46657,test
46658,test
46659,test
46660,test
46661,test
46662,test
46663,test
46664,test
46665,test
46666,test
46667,test
46668,test
46669,test
46670,test
46671,test
46672,test
46673,test
46674,test
46675,test
46676,test
46677,test
46678,test
46679,test
46680,test
46681,test
46682,test
46683,test
46684,test
46685,test
46686,test
46687,test
46688,test
46689,test
46690,test
46691,test
46692,test
46693,test
46694,test
46695,test
46696,test
46697,test
46698,test
46699,test
46700,test
46701,test
46702,test
46703,test
46704,test
46705,test
46706,test
46707,test
46708,test
46709,test
46710,test
46711,test
46712,test
46713,test
46714,test
46715,test
46716,test
46717,test
46718,test
46719,test
46720,test
46721,test
46722,test
46723,test
46724,test
46725,test
46726,test
46727,test
46728,test
46729,test
46730,test
46731,test
46732,test
46733,test
46734,test
46735,test
46736,test
46737,test
46738,test
46739,test
46740,test
46741,test
46742,test
46743,test
46744,test
46745,test
46746,test
46747,test
46748,test
46749,test
46750,test
46751,test
46752,test
46753,test
46754,test
46755,test
46756,test
46757,test
46758,test
46759,test
46760,test
46761,test
46762,test
46763,test
46764,test
46765,test
46766,test
46767,test
46768,test
46769,test
46770,test
46771,test
46772,test
46773,test
46774,test
46775,test
46776,test
46777,test
46778,test
46779,test
46780,test
46781,test
46782,test
46783,test
46784,test
46785,test
46786,test
46787,test
46788,test
46789,test
46790,test
46791,test
46792,test
46793,test
46794,test
46795,test
46796,test
46797,test
46798,test
46799,test
46800,test
46801,test
46802,test
46803,test
46804,test
46805,test
46806,test
46807,test
46808,test
46809,test
46810,test
46811,test
46812,test
46813,test
46814,test
46815,test
46816,test
46817,test
46818,test
46819,test
46820,test
46821,test
46822,test
46823,test
46824,test
46825,test
46826,test
46827,test
46828,test
46829,test
46830,test
46831,test
46832,test
46833,test
46834,test
46835,test
46836,test
46837,test
46838,test
46839,test
46840,test
46841,test
46842,test
46843,test
46844,test
46845,test
46846,test
46847,test
46848,test
46849,test
46850,test
46851,test
46852,test
46853,test
46854,test
46855,test
46856,test
46857,test
46858,test
46859,test
46860,test
46861,test
46862,test
46863,test
46864,test
46865,test
46866,test
46867,test
46868,test
46869,test
46870,test
46871,test
46872,test
46873,test
46874,test
46875,test
46876,test
46877,test
46878,test
46879,test
46880,test
46881,test
46882,test
46883,test
46884,test
46885,test
46886,test
46887,test
46888,test
46889,test
46890,test
46891,test
46892,test
46893,test
46894,test
46895,test
46896,test
46897,test
46898,test
46899,test
46900,test
46901,test
46902,test
46903,test
46904,test
46905,test
46906,test
46907,test
46908,test
46909,test
46910,test
46911,test
46912,test
46913,test
46914,test
46915,test
46916,test
46917,test
46918,test
46919,test
46920,test
46921,test
46922,test
46923,test
46924,test
46925,test
46926,test
46927,test
46928,test
46929,test
46930,test
46931,test
46932,test
46933,test
46934,test
46935,test
46936,test
46937,test
46938,test
46939,test
46940,test
46941,test
46942,test
46943,test
46944,test
46945,test
46946,test
46947,test
46948,test
46949,test
46950,test
46951,test
46952,test
46953,test
46954,test
46955,test
46956,test
46957,test
46958,test
46959,test
46960,test
46961,test
46962,test
46963,test
46964,test
46965,test
46966,test
46967,test
46968,test
46969,test
46970,test
46971,test
46972,test
46973,test
46974,test
46975,test
46976,test
46977,test
46978,test
46979,test
46980,test
46981,test
46982,test
46983,test
46984,test
46985,test
46986,test
46987,test
46988,test
46989,test
46990,test
46991,test
46992,test
46993,test
46994,test
46995,test
46996,test
46997,test
46998,test
46999,test
47000,test
47001,test
47002,test
47003,test
47004,test
47005,test
47006,test
47007,test
47008,test
47009,test
47010,test
47011,test
47012,test
47013,test
47014,test
47015,test
47016,test
47017,test
47018,test
47019,test
47020,test
47021,test
47022,test
47023,test
47024,test
47025,test
47026,test
47027,test
47028,test
47029,test
47030,test
47031,test
47032,test
47033,test
47034,test
47035,test
47036,test
47037,test
47038,test
47039,test
47040,test
47041,test
47042,test
47043,test
47044,test
47045,test
47046,test
47047,test
47048,test
47049,test
47050,test
47051,test
47052,test
47053,test
47054,test
47055,test
47056,test
47057,test
47058,test
47059,test
47060,test
47061,test
47062,test
47063,test
47064,test
47065,test
47066,test
47067,test
47068,test
47069,test
47070,test
47071,test
47072,test
47073,test
47074,test
47075,test
47076,test
47077,test
47078,test
47079,test
47080,test
47081,test
47082,test
47083,test
47084,test
47085,test
47086,test
47087,test
47088,test
47089,test
47090,test
47091,test
47092,test
47093,test
47094,test
47095,test
47096,test
47097,test
47098,test
47099,test
47100,test
47101,test
47102,test
47103,test
47104,test
47105,test
47106,test
47107,test
47108,test
47109,test
47110,test
47111,test
47112,test
47113,test
47114,test
47115,test
47116,test
47117,test
47118,test
47119,test
47120,test
47121,test
47122,test
47123,test
47124,test
47125,test
47126,test
47127,test
47128,test
47129,test
47130,test
47131,test
47132,test
47133,test
47134,test
47135,test
47136,test
47137,test
47138,test
47139,test
47140,test
47141,test
47142,test
47143,test
47144,test
47145,test
47146,test
47147,test
47148,test
47149,test
47150,test
47151,test
47152,test
47153,test
47154,test
47155,test
47156,test
47157,test
47158,test
47159,test
47160,test
47161,test
47162,test
47163,test
47164,test
47165,test
47166,test
47167,test
47168,test
47169,test
47170,test
47171,test
47172,test
47173,test
47174,test
47175,test
47176,test
47177,test
47178,test
47179,test
47180,test
47181,test
47182,test
47183,test
47184,test
47185,test
47186,test
47187,test
47188,test
47189,test
47190,test
47191,test
47192,test
47193,test
47194,test
47195,test
47196,test
47197,test
47198,test
47199,test
47200,test
47201,test
47202,test
47203,test
47204,test
47205,test
47206,test
47207,test
47208,test
47209,test
47210,test
47211,test
47212,test
47213,test
47214,test
47215,test
47216,test
47217,test
47218,test
47219,test
47220,test
47221,test
47222,test
47223,test
47224,test
47225,test
47226,test
47227,test
47228,test
47229,test
47230,test
47231,test
47232,test
47233,test
47234,test
47235,test
47236,test
47237,test
47238,test
47239,test
47240,test
47241,test
47242,test
47243,test
47244,test
47245,test
47246,test
47247,test
47248,test
47249,test
47250,test
47251,test
47252,test
47253,test
47254,test
47255,test
47256,test
47257,test
47258,test
47259,test
47260,test
47261,test
47262,test
47263,test
47264,test
47265,test
47266,test
47267,test
47268,test
47269,test
47270,test
47271,test
47272,test
47273,test
47274,test
47275,test
47276,test
47277,test
47278,test
47279,test
47280,test
47281,test
47282,test
47283,test
47284,test
47285,test
47286,test
47287,test
47288,test
47289,test
47290,test
47291,test
47292,test
47293,test
47294,test
47295,test
47296,test
47297,test
47298,test
47299,test
47300,test
47301,test
47302,test
47303,test
47304,test
47305,test
47306,test
47307,test
47308,test
47309,test
47310,test
47311,test
47312,test
47313,test
47314,test
47315,test
47316,test
47317,test
47318,test
47319,test
47320,test
47321,test
47322,test
47323,test
47324,test
47325,test
47326,test
47327,test
47328,test
47329,test
47330,test
47331,test
47332,test
47333,test
47334,test
47335,test
47336,test
47337,test
47338,test
47339,test
47340,test
47341,test
47342,test
47343,test
47344,test
47345,test
47346,test
47347,test
47348,test
47349,test
47350,test
47351,test
47352,test
47353,test
47354,test
47355,test
47356,test
47357,test
47358,test
47359,test
47360,test
47361,test
47362,test
47363,test
47364,test
47365,test
47366,test
47367,test
47368,test
47369,test
47370,test
47371,test
47372,test
47373,test
47374,test
47375,test
47376,test
47377,test
47378,test
47379,test
47380,test
